考試,年度,題號,題組,考點,答案,能力,陷阱,策略,判讀提示,題目文字,題組選文
會考英語,111,1,,字彙：名詞,A,K1,T5,E10,看圖選字：蛋糕上插的是蠟燭，其他選項是同場景的相關字,Look at the picture. The woman is putting on thecake. (A) candles (B) forks (C) plates (D) strawberries,
會考英語,111,2,,字彙：連接詞,A,K1,T6,E10,前因後果用 so；because 的因果方向相反,"The movie starts at two o’clock, let’s meet at the theater at one forty-five. (A) so (B) or (C) if (D) because (C) ifyi (D) because",
會考英語,111,3,,字彙：名詞,C,K1,T5,E10,怕黑，所以睡覺也開著「燈」,Peter is afraid of the dark. He even leaves the on when sleeping. (A) computer (B) fans (C) lights (D) music (C) lightsp g (D) music,
會考英語,111,4,,字彙：形容詞,C,K1,T7,E10,「粉絲比其他隊友多」對應 popular,Pam is a baseball player; she has more fans than any other player on her team. (A) boring (B) heavy (C) popular (D) rich (C) popularp y (D) rich,
會考英語,111,5,,字彙：片語動詞,B,K1,T7,E10,沒寫作業所以「必須」留校：had to；used to 是過去的習慣,"I did not do my homework, so my teacher said I stay after school to finish it. (A) failed to (B) had to (C) hoped to (D) used to (C) hoped to (D) used to",
會考英語,111,6,,字彙：名詞,A,K1,T7,E10,搭配：make a choice（做選擇）,Kevin has only enough money for the bag or the shoes. That is a hard tomake because he likes them both. (A) choice (B) gift (C) rule (D) trick (C) rule (D) trick,
會考英語,111,7,,字彙：形容詞,B,K1,T6,E10,同類題做過很多次，所以覺得「容易」,It was for us to answer the math question because we’ve done the same kindof questions many times. (A) common (B) easy (C) safe (D) special (C) safe (D) special,
會考英語,111,8,,語法：不定詞,B,K2,T8,E12,句型 It takes (someone) time to V，接不定詞,"Although it took me lots of time a big meal for ten people, I was happy thateveryone enjoyed it. (A) prepare (B) to prepare (C) preparing (D) prepared (C) preparing (D) prepared",
會考英語,111,9,,字彙：形容詞,A,K1,T5,E10,下一句說可能危險，推知是問河有多「深」,Don’t let the children swim in the river. We don’t know how it is. It could bedangerous. (A) deep (B) far (C) long (D) thick (C) long (D) thick,
會考英語,111,10,,語法：最高級,D,K2,T8,E12,of the boys 表示範圍，用最高級 the laziest,Bob is of the boys in the family. He never does any housework. His brothersat least take out the garbage sometimes. (A) lazier (B) the lazy (C) the lazier (D) the laziest (C) the lazier (D) the laziest,
會考英語,111,11,,語法：現在簡單式,C,K2,T8,E12,已住六十年，陳述現在的事實用現在簡單式,"Aunt Gina has lived in this town for more than sixty years, so she it very well. (A) will know (B) knew (C) knows (D) was going to knowy y (C) knowsy (D) was going to know",
會考英語,111,12,,字彙：動詞,B,K1,T6,E10,颱風走後會有更大的雨「接著來」：follow,"We won’t see the sun even after the typhoon leaves, because the news said thatheavier rain will soon . (A) catch (B) follow (C) move (D) stop (C) move (D) stop",
會考英語,111,13,,語法：過去進行式,D,K2,T8,E12,when 子句是過去某一刻，正在進行的動作用過去進行式,"Yesterday when I got home from work, my brother for dinner, so he invited meto join him. (A) goes out (B) went out (C) has gone out (D) was going out (C) has gone out (D) was going out",
會考英語,111,14,,字彙：形容詞,C,K1,T6,E10,她借錢從不還，所以不借是「明智」的,You were not to lend Amy money. She never gives back what she borrows. (A) crazy (B) helpful (C) wise (D) wrongg (C) wise (D) wrong,
會考英語,111,15,,語法：現在進行式,B,K2,T8,E12,Maybe you can talk to him 表示目前正在找：現在進行式,Have you found a summer job yet? Mr. Firth someone to take care of his kidsduring the vacation. Maybe you can talk to him. (A) has looked for (B) is looking for (C) looks for (D) was looking for (C) looks for (D) was looking for,
會考英語,111,16,,語法：對等連接,C,K2,T8,E12,saw a woman get in… and drive：感官動詞後原形動詞並列,David looked out of the balcony window and saw a woman get in his car away. (A) drive (B) drove (C) and drive (D) and drove (C) and drive (D) and drove,
會考英語,111,17,,語法：被動語態,D,K2,T8,E12,女孩是「被」帶走：被動語態 was taken away,The police haven’t found the little girl who at a supermarket. They’ll keepdoing all they can to find her. (A) took away (B) taken away (C) has taken away (D) was taken away (C) has taken away (D) was taken away,
會考英語,111,18,,語法：代名詞,C,K2,T8,E12,泛指同類的「一班」公車用 one，不是特定的 it,"Buses to the airport only come once every hour, and we just missed . Why don’twe take a taxi? (A) another (B) it (C) one (D) them (C) one (D) them",
會考英語,111,19,,語法：過去簡單式,A,K2,T8,E12,考前一週每晚讀書、已拿到好成績，都是過去：過去簡單式,Ariel every night for a week before her Chinese test and got a very good grade. (A) studied (B) studies (C) has studied (D) was going to study (C) has studiedg y g g (D) was going to study,
會考英語,111,20,,字彙：查字典選字義,D,A2,T1,E3,查字典選義：由「想要好話卻被這樣對待」選網路上的惡意留言,"While reading this story, Brad saw the word “trolling” and didn’t know what it meant.Josh turned off the screen and sat back. “Why are they trolling me like this?” He didn’tunderstand. They wanted him to share what he thought about the show, and he did.And now look what he got. In the end, all they wanted was nice words.He found several meanings of the word in a dictionary. Which one should Bradchoose? (A) To celebrate in song. (B) To make someone or something move around. (C) To pull a fishing line through the water, often from a boat. (D) To write something on the Internet to hurt someone or make them angry.",
會考英語,111,21,21,指出細節,C,A1,T3,E1,慶祝的是創立 20 年，勿與「20 種茶、20 家店」混淆,What does Tea-Rock celebrate? (A) Their sales in 20 countries. (B) The coming out of their 20th kind of tea. (C) Their 20th year of business. (D) The opening of their 20th store in the USA. (B) The coming out of their 20 kind of tea. (D) The opening of their 20th store in the USA.,(21-22) address 地址 address 地址
會考英語,111,22,21,指出細節,C,A1,T3,E1,依明信片的規定逐欄核對，缺少的是生日,Here is the postcard Jason is going to send to Tea-Rock 20. What else does he need toput on the postcard before he sends it? (A) His age. (B) His address. (C) His birthday. (D) Another picture of the tea cup.,(21-22) address 地址 address 地址
會考英語,111,23,23,指出細節,D,B4,T6,E8,圖表比較：逐項比對數字大小與容量單位,What can we learn about sugar from the infographic? (A) There are 4 g of sugar in 66 g of ice cream. (B) A woman can eat as much sugar a day as a man can. (C) Taiwan eats more sugar for each person than the US does. (D) 400 ml of rice milk has less sugar than 400 ml of grape juice.,(23-24)Below is an infographic. infographic 資訊圖表 infographic 資訊圖表
會考英語,111,24,23,作者目的與態度,C,C1,T2,E6,列出「隱藏糖分」的目的：提醒我們不知不覺吃進太多糖,What can be a reason why the list of “Sugar that is hidden in foods and drinks”is put in the infographic? (A) To help us understand how sugar hurts our body. (B) To show what kinds of foods and drinks are popular with children. (C) To tell us that we often have more sugar than we can without knowing it. (D) To let us know how much sugar is enough to make foods and drinks taste good.,(23-24)Below is an infographic. infographic 資訊圖表 infographic 資訊圖表
會考英語,111,25,25,擷取大意,A,B1,T3,E4,Darrell 建議的原因是替作業找範例，不是購物或交友,Why did Darrell tell Marina to go to Pinterest? (A) To find some examples for her homework. (B) To shop for things that are needed for art classes. (C) To meet new friends who have the same interests. (D) To share her works and tell people how they are made.,"(25-26)Darrell : Marina…Marina…MARINA!Marina : Oh, sorry. I didn’t hear you. I was thinking about my homework.Darrell : What’s it about?Marina : Well, I need to draw a future house for my art class, but I haven’t got anyideas. Maybe I should go to the library and look for something useful.Darrell : Or you can try Pinterest.Marina : Isn’t it a shopping app?Darrell : Not really. Many people share their works on Pinterest and tell you howthey made them. I’m sure you can get some ideas there.Marina : Sounds like you use it often.Darrell : Yeah. Just last week I went there and found the A to Z of makingchocolate cake—from choosing good chocolate to baking the cake to makingsugar flowers on top.Marina : Really? I’ll check it out later. Thanks a lot."
會考英語,111,26,25,猜測字義,C,A2,T1,E3,from A to Z 指從頭到尾、全部都學,What does it mean when you learn something from A to Z? (A) You can learn it at any time. (B) You learn it in a baking class. (C) You learn everything about it. (D) You spend all your life learning it.,"(25-26)Darrell : Marina…Marina…MARINA!Marina : Oh, sorry. I didn’t hear you. I was thinking about my homework.Darrell : What’s it about?Marina : Well, I need to draw a future house for my art class, but I haven’t got anyideas. Maybe I should go to the library and look for something useful.Darrell : Or you can try Pinterest.Marina : Isn’t it a shopping app?Darrell : Not really. Many people share their works on Pinterest and tell you howthey made them. I’m sure you can get some ideas there.Marina : Sounds like you use it often.Darrell : Yeah. Just last week I went there and found the A to Z of makingchocolate cake—from choosing good chocolate to baking the cake to makingsugar flowers on top.Marina : Really? I’ll check it out later. Thanks a lot."
會考英語,111,27,27,擷取大意,A,B3,T4,E2,第一段在說 Tabata 怎麼做，不是最佳時間或次數,Which idea is talked about in the first paragraph of the reading? (A) How you should do Tabata training. paragraph 段落 (B) What is the best time for Tabata training. (C) Who first had the idea of Tabata training. (D) How often you should do Tabata training. paragraph 段落,"(27-29)Tabata training is a very popular way of exercising these days. It doesn’t takemuch time or space, and it burns calories faster than other ways of exercising.The idea of Tabata training is simple: exercise for 20 seconds, rest for 10 seconds,and then repeat (at least eight times). The moves for the 20-second exercise are notdifficult to learn. Jumping jacks, high knees, squats, and planks are some of the mostcommon moves. You can decide yourself what moves to do in your Tabata training.For example, you can do more leg exercises if you want strong legs.One great thing about Tabata training is that your body will keep burningcalories for at least an hour after 4 minutes of Tabata training. But to have thiswonderful “afterburn,” you need to exercise really hard during each 20 seconds.If you seldom exercise or have heart problems, this exercise may not be good foryou. But for people who enjoy exercising but are too busy to go to the gym, Tabatatraining might just be the answer. calorie 卡路里(熱量單位) calorie 卡路里(熱量單位)"
會考英語,111,28,27,推敲文意,D,B2,T5,E5,推論適合的人：喜歡運動但沒時間上健身房的人,Who might find that Tabata training is right for them? (A) People who enjoy team sports. (B) People who want to start exercising. (C) People who want to fix their heart problems. (D) People who already have a habit of exercising.,"(27-29)Tabata training is a very popular way of exercising these days. It doesn’t takemuch time or space, and it burns calories faster than other ways of exercising.The idea of Tabata training is simple: exercise for 20 seconds, rest for 10 seconds,and then repeat (at least eight times). The moves for the 20-second exercise are notdifficult to learn. Jumping jacks, high knees, squats, and planks are some of the mostcommon moves. You can decide yourself what moves to do in your Tabata training.For example, you can do more leg exercises if you want strong legs.One great thing about Tabata training is that your body will keep burningcalories for at least an hour after 4 minutes of Tabata training. But to have thiswonderful “afterburn,” you need to exercise really hard during each 20 seconds.If you seldom exercise or have heart problems, this exercise may not be good foryou. But for people who enjoy exercising but are too busy to go to the gym, Tabatatraining might just be the answer. calorie 卡路里(熱量單位) calorie 卡路里(熱量單位)"
會考英語,111,29,27,指出細節,B,A1,T1,E1,細節：可以自己決定要做哪些動作,Which is true about Tabata training? (A) It is difficult to learn the moves. (B) You are free to choose your own moves. (C) You need a large space to do the exercises. (D) You cannot rest between moves if you want the afterburn.,"(27-29)Tabata training is a very popular way of exercising these days. It doesn’t takemuch time or space, and it burns calories faster than other ways of exercising.The idea of Tabata training is simple: exercise for 20 seconds, rest for 10 seconds,and then repeat (at least eight times). The moves for the 20-second exercise are notdifficult to learn. Jumping jacks, high knees, squats, and planks are some of the mostcommon moves. You can decide yourself what moves to do in your Tabata training.For example, you can do more leg exercises if you want strong legs.One great thing about Tabata training is that your body will keep burningcalories for at least an hour after 4 minutes of Tabata training. But to have thiswonderful “afterburn,” you need to exercise really hard during each 20 seconds.If you seldom exercise or have heart problems, this exercise may not be good foryou. But for people who enjoy exercising but are too busy to go to the gym, Tabatatraining might just be the answer. calorie 卡路里(熱量單位) calorie 卡路里(熱量單位)"
會考英語,111,30,30,比較與整合,D,C1,T6,E7,報告結構：先說原因，再說定義、工人怎麼應對，最後說為何失敗,There are four important points in the report:a. What “No Overtime Day” isb. Why “No Overtime Day” failsc. Why there is “No Overtime Day” in the countryd. How workers deal with “No Overtime Day”How are they ordered in the report?  order 排序 (A) acdb. (B) adcb. (C) cabd. (D) cadb. order 排序 (C) cabd. (D) cadb.,"(30-32)The problem of long working hours is a real headache in our country. Itkills many people every year (see Figure 1), and many companies are tryingto change that. They have at least one “No Overtime Day” in a week, and itis often Wednesday. On “No Overtime Day,” workers are asked to leave theiroffices before 8 p.m. At 8 p.m., companies play the song “There’s AlwaysTomorrow” and turn off all the lights.However, after the workers walk out of their offices, they don’t go home.Some go back later, turn on their table lamps, and keep working, and othersfind somewhere else to work until very late at night. Restaurants and coffeeshops are busier on Wednesday evenings, and they have started selling drinksand meals for these workers.But why do these people keep working? A study shows that workers whowork more hours often have a bigger chance to get paid more and rise higherin their companies. This is true for both men and women (see Figure 2).Working long hours has become a way to show that people are hard-working.Clearly, this must be changed before the problem gets any worse.Figure 1Figure 2 average 平均 average 平均Figure 1Figure 2"
會考英語,111,31,30,推敲文意,A,B1,T3,E4,指涉：this 指「工作時數長成了表現勤奮的方式」,What does this mean in the report? (A) The way workers show they are hard-working. (B) Restaurants and coffee shops open until very late at night. (C) Workers do not go home when they walk out of the office. (D) The number of workers who get paid more and rise higher in the company.,"(30-32)The problem of long working hours is a real headache in our country. Itkills many people every year (see Figure 1), and many companies are tryingto change that. They have at least one “No Overtime Day” in a week, and itis often Wednesday. On “No Overtime Day,” workers are asked to leave theiroffices before 8 p.m. At 8 p.m., companies play the song “There’s AlwaysTomorrow” and turn off all the lights.However, after the workers walk out of their offices, they don’t go home.Some go back later, turn on their table lamps, and keep working, and othersfind somewhere else to work until very late at night. Restaurants and coffeeshops are busier on Wednesday evenings, and they have started selling drinksand meals for these workers.But why do these people keep working? A study shows that workers whowork more hours often have a bigger chance to get paid more and rise higherin their companies. This is true for both men and women (see Figure 2).Working long hours has become a way to show that people are hard-working.Clearly, this must be changed before the problem gets any worse.Figure 1Figure 2 average 平均 average 平均Figure 1Figure 2"
會考英語,111,32,30,比較與整合,D,B4,T2,E8,兩張圖：只選圖上直接看得出來的比較,"What can we learn from Figure 1 and Figure 2? (A) Long working hours killed more women than men in 2014. (B) Long working hours kills more and more workers every year. (C) Men usually have a bigger chance to get paid more and rise higher when theywork the same hours as women. (D) Men and women have almost the same chance to get paid more and rise higherwhen they work 2,200 hours.","(30-32)The problem of long working hours is a real headache in our country. Itkills many people every year (see Figure 1), and many companies are tryingto change that. They have at least one “No Overtime Day” in a week, and itis often Wednesday. On “No Overtime Day,” workers are asked to leave theiroffices before 8 p.m. At 8 p.m., companies play the song “There’s AlwaysTomorrow” and turn off all the lights.However, after the workers walk out of their offices, they don’t go home.Some go back later, turn on their table lamps, and keep working, and othersfind somewhere else to work until very late at night. Restaurants and coffeeshops are busier on Wednesday evenings, and they have started selling drinksand meals for these workers.But why do these people keep working? A study shows that workers whowork more hours often have a bigger chance to get paid more and rise higherin their companies. This is true for both men and women (see Figure 2).Working long hours has become a way to show that people are hard-working.Clearly, this must be changed before the problem gets any worse.Figure 1Figure 2 average 平均 average 平均Figure 1Figure 2"
會考英語,111,33,33,推敲文意,D,B4,T6,E8,依年代推地圖：1961 年英國管轄區才併入,Which map is most likely the map of Cameroon in 1962?  likely 可能 (A) (B) (C) (D) ( ) ( ) likely 可能p (B) (D),"(33-36)http://www.aab.com/news/language-and-power-756315Language and Power: Cameroon’s StoryBy Elisa Grant, 2 Oct 2017In the modern world, being able to speak Englishis often a way to get power. However, this is nottrue for English speakers in Cameroon. To knowwhy things are different in this African country,we need to go back one hundred years.In 1919, Kamerun (the name of Cameroon atthe time) was cut into two parts: one belongedto France, and the other belonged to the UK. In1960, the French Cameroon became the Republic of Cameroun, and the UK’spart joined it in 1961. The new country changed its name to the FederalRepublic of Cameroon. Although both French and English are Cameroon’sofficial languages, only around 20% of its people speak English. Also, thegovernment has been in French speakers’ hands since the two parts becameone country.For a long time, Cameroon’s English speakers have felt they are not welcomein their own country. For example, it is very difficult for them to find jobsin the government, and they are often asked to speak French in business andat official events. They have become more resentful at the government anddecided to fight for themselves. Since last year, the English speakers havetried to build their own country. Yesterday, they said in a public meetingthat they were not part of Cameroon anymore. They are now a new country,“Ambazonia.” When the police tried to stop the meeting, at least eight peoplewere killed.Read more official 官方的 government 政府 official 官方的 government 政府Read more"
會考英語,111,34,33,猜測字義,B,A2,T5,E3,由「覺得不受歡迎、決定為自己奮鬥」推知 resentful 是生氣,What does resentful mean in the reading? (A) Sad. (B) Angry. (C) Careful. (D) Worried.g (B) Angry. (D) W i d (B) Angry. (D) Worried.,"(33-36)http://www.aab.com/news/language-and-power-756315Language and Power: Cameroon’s StoryBy Elisa Grant, 2 Oct 2017In the modern world, being able to speak Englishis often a way to get power. However, this is nottrue for English speakers in Cameroon. To knowwhy things are different in this African country,we need to go back one hundred years.In 1919, Kamerun (the name of Cameroon atthe time) was cut into two parts: one belongedto France, and the other belonged to the UK. In1960, the French Cameroon became the Republic of Cameroun, and the UK’spart joined it in 1961. The new country changed its name to the FederalRepublic of Cameroon. Although both French and English are Cameroon’sofficial languages, only around 20% of its people speak English. Also, thegovernment has been in French speakers’ hands since the two parts becameone country.For a long time, Cameroon’s English speakers have felt they are not welcomein their own country. For example, it is very difficult for them to find jobsin the government, and they are often asked to speak French in business andat official events. They have become more resentful at the government anddecided to fight for themselves. Since last year, the English speakers havetried to build their own country. Yesterday, they said in a public meetingthat they were not part of Cameroon anymore. They are now a new country,“Ambazonia.” When the police tried to stop the meeting, at least eight peoplewere killed.Read more official 官方的 government 政府 official 官方的 government 政府Read more"
會考英語,111,35,33,推敲文意,D,B2,T2,E5,政府派警察阻止集會，可知不承認它是國家,What does Cameroon’s government most likely think of Ambazonia? (A) It plans to do business with Ambazonia. (B) It needs Ambazonia for money and help. (C) It does not want to be part of Ambazonia. (D) It does not agree that Ambazonia is a country.,"(33-36)http://www.aab.com/news/language-and-power-756315Language and Power: Cameroon’s StoryBy Elisa Grant, 2 Oct 2017In the modern world, being able to speak Englishis often a way to get power. However, this is nottrue for English speakers in Cameroon. To knowwhy things are different in this African country,we need to go back one hundred years.In 1919, Kamerun (the name of Cameroon atthe time) was cut into two parts: one belongedto France, and the other belonged to the UK. In1960, the French Cameroon became the Republic of Cameroun, and the UK’spart joined it in 1961. The new country changed its name to the FederalRepublic of Cameroon. Although both French and English are Cameroon’sofficial languages, only around 20% of its people speak English. Also, thegovernment has been in French speakers’ hands since the two parts becameone country.For a long time, Cameroon’s English speakers have felt they are not welcomein their own country. For example, it is very difficult for them to find jobsin the government, and they are often asked to speak French in business andat official events. They have become more resentful at the government anddecided to fight for themselves. Since last year, the English speakers havetried to build their own country. Yesterday, they said in a public meetingthat they were not part of Cameroon anymore. They are now a new country,“Ambazonia.” When the police tried to stop the meeting, at least eight peoplewere killed.Read more official 官方的 government 政府 official 官方的 government 政府Read more"
會考英語,111,36,33,作者目的與態度,B,C1,T4,E6,作者談歷史的目的：解釋喀麥隆說英語的人為何權力較小,What does Elisa Grant try to tell readers by talking about the history of Cameroon? (A) Why speaking English is a way to get power. (B) Why English speakers in Cameroon have less power. (C) Why the two parts of Cameroon became one country. (D) Why only 20% of the people in Cameroon speak English.,"(33-36)http://www.aab.com/news/language-and-power-756315Language and Power: Cameroon’s StoryBy Elisa Grant, 2 Oct 2017In the modern world, being able to speak Englishis often a way to get power. However, this is nottrue for English speakers in Cameroon. To knowwhy things are different in this African country,we need to go back one hundred years.In 1919, Kamerun (the name of Cameroon atthe time) was cut into two parts: one belongedto France, and the other belonged to the UK. In1960, the French Cameroon became the Republic of Cameroun, and the UK’spart joined it in 1961. The new country changed its name to the FederalRepublic of Cameroon. Although both French and English are Cameroon’sofficial languages, only around 20% of its people speak English. Also, thegovernment has been in French speakers’ hands since the two parts becameone country.For a long time, Cameroon’s English speakers have felt they are not welcomein their own country. For example, it is very difficult for them to find jobsin the government, and they are often asked to speak French in business andat official events. They have become more resentful at the government anddecided to fight for themselves. Since last year, the English speakers havetried to build their own country. Yesterday, they said in a public meetingthat they were not part of Cameroon anymore. They are now a new country,“Ambazonia.” When the police tried to stop the meeting, at least eight peoplewere killed.Read more official 官方的 government 政府 official 官方的 government 政府Read more"
會考英語,111,37,37,指出細節,C,A1,T3,E1,建議的是一天走一段，側步道不能騎車,What is recommended to people who are visiting the Southend Trail? (A) Camping on the side trails. recommend 推薦 (B) Biking along the side trails. (C) Hiking one part of the trail a day. (D) Visiting the museum in the morning. recommend 推薦,"(37-39)THE SOUTHEND TRAIL has been popular with nature lovers for years.The 120-km trail passes beautiful lakes, crosses rivers, and goes throughmountains and hills. This gives bird lovers some of the best places forbirdwatching. The trail also takes you to the Southend Museum and to twofamous castles, Edward Castle andSloan Castle.It’s best to plan one day for one partof the trail and start your hike earlyin the morning, because each parttakes at least seven hours. If youdon’t want to walk, you can bike, butmake sure you stay on the main trail,because the side trails are not wideenough for biking.There are two types of lodgingfor visitors. Camping is popular insummer, but it is only allowed on a few campgrounds (see the map). A morecomfortable one is to stay at a hotel in one of the towns. You can find somevery nice ones that also have breakfast. trail 步道 trail 步道"
會考英語,111,38,37,猜測字義,B,A2,T1,E3,lodging 指住宿的地方,What does lodging mean in the reading? (A) A meal to have. (B) A place to stay in. (C) A time for visiting. (D) A way of moving around. (B) A place to stay in. (D) A f i (B) A place to stay in. (D) A way of moving around.,"(37-39)THE SOUTHEND TRAIL has been popular with nature lovers for years.The 120-km trail passes beautiful lakes, crosses rivers, and goes throughmountains and hills. This gives bird lovers some of the best places forbirdwatching. The trail also takes you to the Southend Museum and to twofamous castles, Edward Castle andSloan Castle.It’s best to plan one day for one partof the trail and start your hike earlyin the morning, because each parttakes at least seven hours. If youdon’t want to walk, you can bike, butmake sure you stay on the main trail,because the side trails are not wideenough for biking.There are two types of lodgingfor visitors. Camping is popular insummer, but it is only allowed on a few campgrounds (see the map). A morecomfortable one is to stay at a hotel in one of the towns. You can find somevery nice ones that also have breakfast. trail 步道 trail 步道"
會考英語,111,39,37,推敲文意,A,B4,T3,E8,依地圖與條件逐項比對路段、城堡與河流,Kaylen will start his trip from Cove. He plans to visit one of the old castles. He alsowants to go birdwatching near the river. Which parts of the trail should Kaylen go on? (A) Parts 1 and 2. (B) Parts 1 and 2a. (C) Parts 2 and 3. (D) Parts 4 and 4a.p (B) Parts 1 and 2a. (D) P 4 d 4 (B) Parts 1 and 2a. (D) Parts 4 and 4a.,"(37-39)THE SOUTHEND TRAIL has been popular with nature lovers for years.The 120-km trail passes beautiful lakes, crosses rivers, and goes throughmountains and hills. This gives bird lovers some of the best places forbirdwatching. The trail also takes you to the Southend Museum and to twofamous castles, Edward Castle andSloan Castle.It’s best to plan one day for one partof the trail and start your hike earlyin the morning, because each parttakes at least seven hours. If youdon’t want to walk, you can bike, butmake sure you stay on the main trail,because the side trails are not wideenough for biking.There are two types of lodgingfor visitors. Camping is popular insummer, but it is only allowed on a few campgrounds (see the map). A morecomfortable one is to stay at a hotel in one of the towns. You can find somevery nice ones that also have breakfast. trail 步道 trail 步道"
會考英語,111,40,40,克漏字,D,B5,T6,E7,空格後面接的是例子，用 for example,(A) in fact (B) at first (C) of course (D) for example (C) of course (D) for example,"(40-43)English words are made of 26 letters, and palindromes and anagrams are two kindsof word games about spelling. A palindrome is a word or a sentence that reads thesame from left to right or from right to left, 40 , “eye,” “Bob,” “my gym,” and“Was it a car or a cat I saw?” An anagram of a word or words is made by putting theletters of the word or words in a different way. Look at the words and their anagramsbelow. Can you think of other possible anagrams of these words?Anagrams are often longer words that don’t really mean anything but are fun tosay. Sometimes they can even mean something 42 , like when a common word,“restaurant,” becomes “Eat rats, run!”Actually, palindromes and anagrams are 43 . Palindromes can be used to learnmathematics and make music. Anagrams are also a good way to hide something. Inhistory, people often hid their important studies in anagrams. Can you think of anyother way to use them?"
會考英語,111,41,40,克漏字,C,B5,T7,E7,字母重組：找字母完全相同的組合,(A) take sit (B) Ms Easy (C) it makes (D) me steak,"(40-43)English words are made of 26 letters, and palindromes and anagrams are two kindsof word games about spelling. A palindrome is a word or a sentence that reads thesame from left to right or from right to left, 40 , “eye,” “Bob,” “my gym,” and“Was it a car or a cat I saw?” An anagram of a word or words is made by putting theletters of the word or words in a different way. Look at the words and their anagramsbelow. Can you think of other possible anagrams of these words?Anagrams are often longer words that don’t really mean anything but are fun tosay. Sometimes they can even mean something 42 , like when a common word,“restaurant,” becomes “Eat rats, run!”Actually, palindromes and anagrams are 43 . Palindromes can be used to learnmathematics and make music. Anagrams are also a good way to hide something. Inhistory, people often hid their important studies in anagrams. Can you think of anyother way to use them?"
會考英語,111,42,40,克漏字,A,B5,T6,E7,「餐廳」變成「吃老鼠快跑」，意思很「奇怪」,(A) strange (B) difficult (C) delicious (D) important,"(40-43)English words are made of 26 letters, and palindromes and anagrams are two kindsof word games about spelling. A palindrome is a word or a sentence that reads thesame from left to right or from right to left, 40 , “eye,” “Bob,” “my gym,” and“Was it a car or a cat I saw?” An anagram of a word or words is made by putting theletters of the word or words in a different way. Look at the words and their anagramsbelow. Can you think of other possible anagrams of these words?Anagrams are often longer words that don’t really mean anything but are fun tosay. Sometimes they can even mean something 42 , like when a common word,“restaurant,” becomes “Eat rats, run!”Actually, palindromes and anagrams are 43 . Palindromes can be used to learnmathematics and make music. Anagrams are also a good way to hide something. Inhistory, people often hid their important studies in anagrams. Can you think of anyother way to use them?"
會考英語,111,43,40,克漏字,A,B3,T4,E2,段落主題句：後文說可用於數學、音樂、藏資訊，所以不只是遊戲,(A) more than just games (B) often played in public (C) not so popular as before (D) not first used to learn words (B) often played in publici ( ) p y p (D) not first used to learn words,"(40-43)English words are made of 26 letters, and palindromes and anagrams are two kindsof word games about spelling. A palindrome is a word or a sentence that reads thesame from left to right or from right to left, 40 , “eye,” “Bob,” “my gym,” and“Was it a car or a cat I saw?” An anagram of a word or words is made by putting theletters of the word or words in a different way. Look at the words and their anagramsbelow. Can you think of other possible anagrams of these words?Anagrams are often longer words that don’t really mean anything but are fun tosay. Sometimes they can even mean something 42 , like when a common word,“restaurant,” becomes “Eat rats, run!”Actually, palindromes and anagrams are 43 . Palindromes can be used to learnmathematics and make music. Anagrams are also a good way to hide something. Inhistory, people often hid their important studies in anagrams. Can you think of anyother way to use them?"
會考英語,112,1,,字彙：名詞,B,K1,T5,E10,看圖選字：一「籃」葡萄 basket,Look at the picture. The man is holding a of grapes in his hands. (A) bag (B) basket (C) bowl (D) box,
會考英語,112,2,,字彙：動名詞,D,K1,T5,E10,以美妙歌聲自豪，所以喜歡當眾「唱歌」,Dennis enjoys in public. He is proud of his beautiful voice. (A) dancing (B) drawing (C) shopping (D) singing (C) shopping (D) singing,
會考英語,112,3,,字彙：動詞,D,K1,T6,E10,她聽力不好，要「大聲說」shout；listen 方向相反,"Mrs. Johnson can’t hear very well. If you need to talk to her, you must . (A) explain (B) hurry (C) listen (D) shout (C) listen (D) shout",
會考英語,112,4,,語法：感官動詞與分詞,B,K2,T8,E12,watch＋受詞＋V-ing（正在跳舞）,People got very excited when they watched Ms. Smith at the party. (A) danced (B) dancing (C) has danced (D) to dance (C) has dancedp y (D) to dance,
會考英語,112,5,,字彙：名詞,A,K1,T5,E10,試穿不同「顏色」，結果白色那雙最好看,"I tried on these shoes in several different , and I thought the white pair looked best on me. (A) colors (B) prices (C) shapes (D) sizes, g (C) shapesp (D) sizes",
會考英語,112,6,,語法：過去進行式,B,K2,T8,E12,at the time 指地震當下正在慢跑：過去進行式,Rex did not feel the earthquake this morning. He in the park at the time. (A) jogged (B) was jogging (C) has jogged (D) would jogg (C) has jogged (D) would jog,
會考英語,112,7,,字彙：動詞,A,K1,T6,E10,同一家店做了十年，從沒想過「換」工作,Mr. Lee has worked in the same store for ten years; he’s never thought about his job. (A) changing (B) finding (C) remembering (D) startingy ; (C) rememberingg (D) starting,
會考英語,112,8,,字彙：形容詞,C,K1,T1,E10,座位全被坐滿，公車是「滿的」full,I didn’t take the bus today because it was . All the seats were taken and a lot ofstudents were standing. (A) dirty (B) fast (C) full (D) wrong (C) full (D) wrong,
會考英語,112,9,,字彙：連接詞,C,K1,T6,E10,「否則」食物可能燒焦：or,"Don’t go away when you’re cooking, the food might burn. (A) but (B) if (C) or (D) so (C) or (D) so",
會考英語,112,10,,字彙：疑問詞,D,K1,T6,E10,後句說沒人給他理由，所以他想知道「為什麼」,"Jerry wanted to know he was kicked off the soccer team, but no one gave him agood reason. (A) where (B) when (C) whether (D) why (C) whether (D) why",
會考英語,112,11,,字彙：名詞,D,K1,T1,E10,對父母來說她是個「頭痛人物」headache,"Jenny is already forty, doesn’t have a job and often makes trouble for her parents. To them,she is really a(n) . (A) daughter (B) example (C) gift (D) headache (C) gift (D) headache",
會考英語,112,12,,語法：現在進行式表未來,C,K2,T8,E12,已經排定的週末計畫：現在進行式表未來,"Ed and Jill camping this weekend, so they have to finish their homework by Friday. (A) went (B) were going (C) are going (D) have goneyi (C) are going (D) have gone",
會考英語,112,13,,語法：被動語態,C,K2,T8,E12,耳朵「被」老鼠咬：過去被動 were bitten,"Doraemon, a blue Japanese robot cat, has hated mice since his ears by a mouse. (A) bit (B) bite (C) were bitten (D) have bitten (C) were bitteny (D) have bitten",
會考英語,112,14,,語法：未來式（條件句）,C,K2,T8,E12,If 子句用現在式，主句用未來式 there will be,"If we play some interesting games in class, there more fun in learning English. (A) are (B) has (C) will be (D) will have (C) will beg g (D) will have",
會考英語,112,15,,字彙：名詞,D,K1,T5,E10,寄信都沒得到回覆，是「服務」太差,The of this shop was so bad; I never got any answer after I emailed them my questions. (A) item (B) business (C) price (D) servicey (C) price (D) service,
會考英語,112,16,,字彙：形容詞,C,K1,T6,E10,晴天都看不清楚，陰天更「不可能」看見,"It’s not easy to see those islands clearly from here on sunny days, and it’s even lessto see them on cloudy days. (A) difficult (B) lucky (C) possible (D) special (C) possible (D) special",
會考英語,112,17,,字彙：副詞,C,K1,T6,E10,找了好幾個月「終於」找到 finally,"Do you remember the CD I was looking for for months? I found it in a small shop.Look, here it is! (A) almost (B) even (C) finally (D) still (C) finally (D) still",
會考英語,112,18,,字彙：比較級形容詞,B,K1,T6,E10,新超市只會讓生意「更糟」worse,Business at Jane’s shop has not been good these days. And the new supermarket across thestreet only makes things . (A) easier (B) worse (C) more boring (D) more convenient (C) more boring (D) more convenient,
會考英語,112,19,,語法：關係子句,D,K2,T8,E12,缺先行詞與關代：the one who pulled him out,Scott wasn’t sure if the young woman before him was pulled him out of a car on fire. (A) who (B) the one (C) the one she (D) the one whop (C) the one she (D) the one who,
會考英語,112,20,,語法：過去簡單式,C,K2,T8,E12,上高中之前的事，已經放棄：過去簡單式,I swimming for several years before I went to this high school. I gave it up because ofheavy schoolwork. (A) have practiced (B) am practicing (C) practiced (D) would practice (C) practiced (D) would practice,
會考英語,112,21,,字彙：動詞,A,K1,T7,E10,演得好，大家「預期」他會得獎 expect,Frank Kane is so good in the movie that many people he will win the best actor prize. (A) expect (B) forget (C) notice (D) plany p p (C) notice (D) plan,
會考英語,112,22,,語法：現在完成式,B,K2,T8,E12,主詞 medicine 之後需要主要動詞：has saved,The new medicine that just came out on the market thousands of lives. (A) and saved (B) has saved (C) saving (D) to save (C) saving (D) to save,
會考英語,112,23,,語法：現在簡單式,D,K2,T6,E12,Now I often think of those days：過去的習慣 used to,"Now I often think of those days with Pip, my pet dog. When I read in my room, hequietly beside me. (A) will come and sit (B) comes and sits (C) has come and sat (D) used to come and sit (C) has come and sat (D) used to come and sit",
會考英語,112,24,24,推敲文意,B,B4,T3,E8,計算：依菜單價格與集點折抵逐項相加,"Amy went to Four Seasons’ Kitchen with her mother after she collected 15 stars. Theyordered two Garden Sandwiches, an Autumn Wind, and a Winter Snow. After using thestars, how much did they pay for their meals? (A) $290. (B) $230. (C) $220. (D) $160. (C) $220. (D) $160.",(24-25)
會考英語,112,25,24,推敲文意,B,B4,T3,E8,對照營業時間與行事曆，找都符合的時段,"Amy wants to bring her friends to Four Seasons’ Kitchen in August. She looks at hercalendar to pick a time to go there. Which are the time and date she calendar 月曆 can choose? (A) 8:30 pm, August 1. (B) 5:00 pm, August 11. (C) 3:00 pm, August 13. (D) 2:00 pm, August 28. calendar 月曆 calendar 月曆",(24-25)
會考英語,112,26,26,指出細節,A,A1,T5,E1,「錯誤」做法：先餵食再送醫，與注意事項相反,"According to the notes, which is the WRONG way to help a baby bird that is out of its nest? (A) Feed it before you take it to a hospital. (B) Leave it alone if it is not hurt and has feathers. (C) Call the animal center if you can’t find its nest. (D) Put it back in its nest if it is not hurt and has few feathers.",(26-27) nest 鳥巢 feather 羽毛 nest 鳥巢 feather 羽毛 nest 鳥巢 feather 羽毛
會考英語,112,27,26,推敲文意,A,A1,T5,E1,小鳥沾了人的氣味，鳥媽媽仍會照顧，勿憑常見說法作答,"According to the notes, what do birds do if their babies have the smell of people on them? (A) They keep taking care of them. (B) They push them out of the nest. (C) They clean them until the smell goes away. (D) They leave them behind and move to a new nest.",(26-27) nest 鳥巢 feather 羽毛 nest 鳥巢 feather 羽毛 nest 鳥巢 feather 羽毛
會考英語,112,28,28,指出細節,C,B4,T5,E8,由圖表找浪費原因：運送卡車沒有冷藏設備,"According to the reading, which is one of the reasons for food waste? (A) Stores do not know how to pack food well. (B) Farmers do not have enough machines to collect food. (C) There is no refrigerator on the truck to keep food fresh. (D) Factories do not have enough trucks to carry food to stores.",(28-29) stage 階段 waste 浪費 percentage 百分比 stage 階段 waste 浪費 percentage 百分比 stage 階段 waste 浪費 percentage 百分比
會考英語,112,29,28,比較與整合,D,B4,T3,E8,圖表：比較地區與階段時，勿看錯列,"Which is true about food waste at each stage in the three parts of the world? (A) For each area, the highest percentage of food waste happens at Stage 5. (B) Europe has a lower percentage of food waste at Stage 3 than the other two areas. (C) North America & Oceania has a higher percentage of food waste at Stage 1 thanEurope. (D) South & Southeast Asia has a higher percentage of food waste at Stage 4 than theother two areas.",(28-29) stage 階段 waste 浪費 percentage 百分比 stage 階段 waste 浪費 percentage 百分比 stage 階段 waste 浪費 percentage 百分比
會考英語,112,30,30,指出細節,B,A1,T1,E1,蚊子的招數：跟雨滴一起落下，再滾開飛走,What is the trick that the mosquito uses in rain? (A) It shakes its body fast enough to get water off. (B) It drops with the raindrop and then rolls off it. (C) It flies behind the raindrop and pushes it away. (D) It rides on the raindrop and lands on the ground.,"(30-32)Sometimes when the rain falls hard and fast on you, it might hurt a little.But what happens when it hits a mosquito? A 2012 study says when araindrop falls on a mosquito, it’s like when a bus hits a person. Besides,the little insect is hit by a raindrop about once every 20 seconds.So why don’t we see many dead mosquitoes after it rains?A mosquito is as big as a raindrop, but it is much lighter — 0.002 g only. This saves its lifein raindrop attacks. Because the mosquito is so light, when it is hit by a raindrop, it won’texperience a force that is strong enough to kill it.The study also found that when a mosquito is hit by a raindrop, the insect is pushed bythe raindrop and falls together with it. But the mosquito doesn’t get wet easily because itis covered with hairs which keep off water. After dropping about 6 cm, it will roll off theraindrop and fly away.However, this trick isn’t always successful. If the mosquito flies too low when it is hit by theraindrop, it won’t have time to fly off. Then it will hit the ground and meet its death. force 力量 force 力量 force 力量"
會考英語,112,31,30,指出細節,A,A1,T6,E1,保命的原因是很輕，不是體型或力氣,What keeps a mosquito safe in the rain? (A) It is very light. (B) It has no body hairs. (C) It is as big as a raindrop. (D) It is strong enough to fight the force of a raindrop.,"(30-32)Sometimes when the rain falls hard and fast on you, it might hurt a little.But what happens when it hits a mosquito? A 2012 study says when araindrop falls on a mosquito, it’s like when a bus hits a person. Besides,the little insect is hit by a raindrop about once every 20 seconds.So why don’t we see many dead mosquitoes after it rains?A mosquito is as big as a raindrop, but it is much lighter — 0.002 g only. This saves its lifein raindrop attacks. Because the mosquito is so light, when it is hit by a raindrop, it won’texperience a force that is strong enough to kill it.The study also found that when a mosquito is hit by a raindrop, the insect is pushed bythe raindrop and falls together with it. But the mosquito doesn’t get wet easily because itis covered with hairs which keep off water. After dropping about 6 cm, it will roll off theraindrop and fly away.However, this trick isn’t always successful. If the mosquito flies too low when it is hit by theraindrop, it won’t have time to fly off. Then it will hit the ground and meet its death. force 力量 force 力量 force 力量"
會考英語,112,32,30,推敲文意,A,B2,T3,E5,飛得太低才會來不及脫身,When would it be dangerous for a mosquito in the rain? (A) When it flies too close to the ground. (B) When the rain falls too hard and too fast. (C) When it is hit by raindrops too many times. (D) When it drops for more than 6 cm in the rain.,"(30-32)Sometimes when the rain falls hard and fast on you, it might hurt a little.But what happens when it hits a mosquito? A 2012 study says when araindrop falls on a mosquito, it’s like when a bus hits a person. Besides,the little insect is hit by a raindrop about once every 20 seconds.So why don’t we see many dead mosquitoes after it rains?A mosquito is as big as a raindrop, but it is much lighter — 0.002 g only. This saves its lifein raindrop attacks. Because the mosquito is so light, when it is hit by a raindrop, it won’texperience a force that is strong enough to kill it.The study also found that when a mosquito is hit by a raindrop, the insect is pushed bythe raindrop and falls together with it. But the mosquito doesn’t get wet easily because itis covered with hairs which keep off water. After dropping about 6 cm, it will roll off theraindrop and fly away.However, this trick isn’t always successful. If the mosquito flies too low when it is hit by theraindrop, it won’t have time to fly off. Then it will hit the ground and meet its death. force 力量 force 力量 force 力量"
會考英語,112,33,33,比較與整合,D,B3,T4,E2,三個故事共同在說貝多芬為何寫〈給愛麗絲〉,What do the three stories in the reading all talk about? (A) Who Beethoven’s true love was. (B) Who played “For Elise” the best. (C) How “For Elise” became popular. (D) Why Beethoven wrote “For Elise.”,"(33-35)You probably have heard Beethoven’s famous piano piece “For Elise,”but do you know who “Elise” was?One story is that Elise was Elisabeth Röckel. She once sang inBeethoven’s opera Fidelio, and the two became very good friends.Beethoven called her “Elise.” When Röckel was leaving the city ofVienna, Beethoven wrote “For Elise” to say goodbye to her. Anotherstory is that Elise was Therese Malfatti. Beethoven was in love withher. He wrote a piece for her and put “For Therese” on the manuscript. Malfatti kept themanuscript and left it to her family when she died. Later, a man copied the manuscriptand wrote “For Elise” by mistake. There is another possible Elise: Elise Barensfeld. Shelearned the piano from Malfatti, the same Malfatti in the second story. To help Malfatti,Beethoven wrote the piece for her to use to teach Barensfeld.These are just some guesses about who Elise was. We may never know the right answer.No one knew about the piece until 1867, when the manuscript was found. This was 40 yearsafter Beethoven’s death, so he wasn’t around to tell us who Elise was. Only one thing is forsure: “For Elise” will always be enjoyed.  opera 歌劇 manuscript 手稿y g opera 歌劇 manuscript 手稿 opera 歌劇 manuscript 手稿"
會考英語,112,34,33,指出細節,C,A1,T3,E1,手稿是在貝多芬死後才被發現,What do we know about “For Elise” from the reading? (A) It first appeared in the opera Fidelio. (B) The true “Elise” was Elise Barensfeld. (C) The manuscript was found after Beethoven died. (D) The manuscript is now kept by the city of Vienna.,"(33-35)You probably have heard Beethoven’s famous piano piece “For Elise,”but do you know who “Elise” was?One story is that Elise was Elisabeth Röckel. She once sang inBeethoven’s opera Fidelio, and the two became very good friends.Beethoven called her “Elise.” When Röckel was leaving the city ofVienna, Beethoven wrote “For Elise” to say goodbye to her. Anotherstory is that Elise was Therese Malfatti. Beethoven was in love withher. He wrote a piece for her and put “For Therese” on the manuscript. Malfatti kept themanuscript and left it to her family when she died. Later, a man copied the manuscriptand wrote “For Elise” by mistake. There is another possible Elise: Elise Barensfeld. Shelearned the piano from Malfatti, the same Malfatti in the second story. To help Malfatti,Beethoven wrote the piece for her to use to teach Barensfeld.These are just some guesses about who Elise was. We may never know the right answer.No one knew about the piece until 1867, when the manuscript was found. This was 40 yearsafter Beethoven’s death, so he wasn’t around to tell us who Elise was. Only one thing is forsure: “For Elise” will always be enjoyed.  opera 歌劇 manuscript 手稿y g opera 歌劇 manuscript 手稿 opera 歌劇 manuscript 手稿"
會考英語,112,35,33,指出細節,B,A1,T3,E1,三位女性的身分要對應正確，勿張冠李戴,What can we learn about the three women from the stories? (A) They were called “Elise” by their friends. (B) Elisabeth Röckel was a close friend of Beethoven’s. (C) Therese Malfatti changed “For Elise” to “For Therese.” (D) Elise Barensfeld was Beethoven’s student.,"(33-35)You probably have heard Beethoven’s famous piano piece “For Elise,”but do you know who “Elise” was?One story is that Elise was Elisabeth Röckel. She once sang inBeethoven’s opera Fidelio, and the two became very good friends.Beethoven called her “Elise.” When Röckel was leaving the city ofVienna, Beethoven wrote “For Elise” to say goodbye to her. Anotherstory is that Elise was Therese Malfatti. Beethoven was in love withher. He wrote a piece for her and put “For Therese” on the manuscript. Malfatti kept themanuscript and left it to her family when she died. Later, a man copied the manuscriptand wrote “For Elise” by mistake. There is another possible Elise: Elise Barensfeld. Shelearned the piano from Malfatti, the same Malfatti in the second story. To help Malfatti,Beethoven wrote the piece for her to use to teach Barensfeld.These are just some guesses about who Elise was. We may never know the right answer.No one knew about the piece until 1867, when the manuscript was found. This was 40 yearsafter Beethoven’s death, so he wasn’t around to tell us who Elise was. Only one thing is forsure: “For Elise” will always be enjoyed.  opera 歌劇 manuscript 手稿y g opera 歌劇 manuscript 手稿 opera 歌劇 manuscript 手稿"
會考英語,112,36,36,擷取大意,D,B3,T4,E2,主旨：不該讓性別決定孩子能玩什麼玩具,What idea does Jesse Cohen talk about in the reading? (A) Not all kinds of toys are helpful for children’s learning. (B) Parents should give their children the right toys for their age. (C) Children should learn about their gender from playing with toys. (D) We should not let gender decide which toys children can play with.,"(36-38)Which would you give a boy for his birthday, a toy truck or a doll? If you choose the truck, well, you’re not alone. Most people think that some toys are for boys and some are for girls. We might pick building toys for boys and kitchen toys for girls. But why do we do this? Are boys and girls really born with different interests in toys?No, they are not. Children start to show different interests in toys at age three, but only because at this time, they begin to learn about gender and to follow what others of their gender do. If you give a girl kitchen toys, she will think they are girls’ toys because she sees other girls playing with them. But if you give a girl a toy car and show her a group of girls who are playing with cars, she’ll play with the toy car and think it is a girls’ toy. This “watch and follow” habit often becomes a rule for both boys and girls in choosing the “right” toys.However, this rule can be bad for children. Different toys teach children different things. Dolls help with their early language use, and building toys are good for learning math and science. By playing with different toys, children can find out what they are interested in or what they are good at. If they only play one kind of toy, they may lose this important chance. They may also get a wrong idea about what boys or girls are able to do. Some doctors worry that children may use the same kind of thinking when they look for jobs in the future. If they do, they may miss something more important than just getting a chance to play with different toys. They may miss many, perhaps better, chances in life. gender 性別 gender 性別 gender 性別"
會考英語,112,37,36,作者目的與態度,D,B1,T2,E4,這個規則不好，是因為孩子可能錯失發現興趣的機會,"In the third paragraph, why does Jesse Cohen think “this rule can be bad for children”? (A) Children may not want to share their toys with others. paragraph 段落 (B) Children may have the wrong idea about following rules. (C) Children may not be able to learn from playing with toys. (D) Children may miss the chance to find out what they really like. paragraph 段落 paragraph 段落","(36-38)Which would you give a boy for his birthday, a toy truck or a doll? If you choose the truck, well, you’re not alone. Most people think that some toys are for boys and some are for girls. We might pick building toys for boys and kitchen toys for girls. But why do we do this? Are boys and girls really born with different interests in toys?No, they are not. Children start to show different interests in toys at age three, but only because at this time, they begin to learn about gender and to follow what others of their gender do. If you give a girl kitchen toys, she will think they are girls’ toys because she sees other girls playing with them. But if you give a girl a toy car and show her a group of girls who are playing with cars, she’ll play with the toy car and think it is a girls’ toy. This “watch and follow” habit often becomes a rule for both boys and girls in choosing the “right” toys.However, this rule can be bad for children. Different toys teach children different things. Dolls help with their early language use, and building toys are good for learning math and science. By playing with different toys, children can find out what they are interested in or what they are good at. If they only play one kind of toy, they may lose this important chance. They may also get a wrong idea about what boys or girls are able to do. Some doctors worry that children may use the same kind of thinking when they look for jobs in the future. If they do, they may miss something more important than just getting a chance to play with different toys. They may miss many, perhaps better, chances in life. gender 性別 gender 性別 gender 性別"
會考英語,112,38,36,篇章連貫,B,C1,T1,E7,找「舉例」的句子：具體說明不同玩具教孩子什麼,"In the reading, after Jesse Cohen talks about an idea, he often gives an example to make it clear.Below are four of the sentences in the third paragraph. Which is used as an example? (A) “However, this rule can be bad for children.” (B) “Dolls help with their early language use, and building toys are good for learning math andscience.” (C) “Some doctors worry that children may use the same kind of thinking when they look forjobs in the future.” (D) “If they do, they may miss something more important than just getting a chance to playwith different toys.”","(36-38)Which would you give a boy for his birthday, a toy truck or a doll? If you choose the truck, well, you’re not alone. Most people think that some toys are for boys and some are for girls. We might pick building toys for boys and kitchen toys for girls. But why do we do this? Are boys and girls really born with different interests in toys?No, they are not. Children start to show different interests in toys at age three, but only because at this time, they begin to learn about gender and to follow what others of their gender do. If you give a girl kitchen toys, she will think they are girls’ toys because she sees other girls playing with them. But if you give a girl a toy car and show her a group of girls who are playing with cars, she’ll play with the toy car and think it is a girls’ toy. This “watch and follow” habit often becomes a rule for both boys and girls in choosing the “right” toys.However, this rule can be bad for children. Different toys teach children different things. Dolls help with their early language use, and building toys are good for learning math and science. By playing with different toys, children can find out what they are interested in or what they are good at. If they only play one kind of toy, they may lose this important chance. They may also get a wrong idea about what boys or girls are able to do. Some doctors worry that children may use the same kind of thinking when they look for jobs in the future. If they do, they may miss something more important than just getting a chance to play with different toys. They may miss many, perhaps better, chances in life. gender 性別 gender 性別 gender 性別"
會考英語,112,39,39,擷取大意,B,B3,T4,E2,全文談她的工作生涯，不只是某場戰地報導,What is the reading mostly about? (A) Marie Colvin’s war reports. (B) Marie Colvin’s working life. (C) Marie Colvin’s schooldays at Yale. (D) Marie Colvin’s experiences in Homs.,"(39-41)Marie Colvin was a world-famous war reporter. She was born in New York, USA,in 1956 and died in Homs, Syria, in 2012.When she was a student at Yale University, Colvin decided that she wanted to be areporter in the future. She joined the Sunday Times, a UK newspaper, in 1985 and soonbecame its Middle East reporter. Besides the Middle East, she also reported from otherparts of the world: Chechnya, Kosovo and Sri Lanka, for example. When she was reportingon the war in Sri Lanka, she lost her left eye. But that never stopped her. She still went todangerous places that few reporters wanted to visit and stayed when others left.Colvin showed great empathy in her stories. For her, war reporting was not just somequick interviews and a few photos. She wrote about real people and their real lives. Herwriting made you feel so strongly about these people’s stories, just like they were your own.She hoped that through her work the world would understand what really happened in war,and would take action to stop the fighting.On February 22, 2012, the day after she gave her report on the war in Homs, Colvinwas killed when the house she was staying in was attacked. She always knew what price awar reporter might have to pay. She already lost an eye before. This time, she gave her lifeto the work she could not give up — telling the true stories to the world. war 戰爭 war 戰爭 war 戰爭"
會考英語,112,40,39,猜測字義,C,A2,T1,E3,empathy 是能體會別人的感受,What does it mean when someone has empathy? (A) They are good at taking war photos. (B) They like to read other people’s life stories. (C) They are able to understand how other people feel. (D) They are good at helping people change their own lives.,"(39-41)Marie Colvin was a world-famous war reporter. She was born in New York, USA,in 1956 and died in Homs, Syria, in 2012.When she was a student at Yale University, Colvin decided that she wanted to be areporter in the future. She joined the Sunday Times, a UK newspaper, in 1985 and soonbecame its Middle East reporter. Besides the Middle East, she also reported from otherparts of the world: Chechnya, Kosovo and Sri Lanka, for example. When she was reportingon the war in Sri Lanka, she lost her left eye. But that never stopped her. She still went todangerous places that few reporters wanted to visit and stayed when others left.Colvin showed great empathy in her stories. For her, war reporting was not just somequick interviews and a few photos. She wrote about real people and their real lives. Herwriting made you feel so strongly about these people’s stories, just like they were your own.She hoped that through her work the world would understand what really happened in war,and would take action to stop the fighting.On February 22, 2012, the day after she gave her report on the war in Homs, Colvinwas killed when the house she was staying in was attacked. She always knew what price awar reporter might have to pay. She already lost an eye before. This time, she gave her lifeto the work she could not give up — telling the true stories to the world. war 戰爭 war 戰爭 war 戰爭"
會考英語,112,41,39,指出細節,B,A1,T6,E1,失去一隻眼睛，並沒有改變她的報導方式,Which is true about Marie Colvin? (A) The chance to study at Yale made her leave her job in the Middle East. (B) The experience in Sri Lanka did not change her way of reporting news. (C) She was killed in Homs when she was interviewing soldiers there for her report. (D) She was not sure what to do in the future until she worked for the Sunday Times.,"(39-41)Marie Colvin was a world-famous war reporter. She was born in New York, USA,in 1956 and died in Homs, Syria, in 2012.When she was a student at Yale University, Colvin decided that she wanted to be areporter in the future. She joined the Sunday Times, a UK newspaper, in 1985 and soonbecame its Middle East reporter. Besides the Middle East, she also reported from otherparts of the world: Chechnya, Kosovo and Sri Lanka, for example. When she was reportingon the war in Sri Lanka, she lost her left eye. But that never stopped her. She still went todangerous places that few reporters wanted to visit and stayed when others left.Colvin showed great empathy in her stories. For her, war reporting was not just somequick interviews and a few photos. She wrote about real people and their real lives. Herwriting made you feel so strongly about these people’s stories, just like they were your own.She hoped that through her work the world would understand what really happened in war,and would take action to stop the fighting.On February 22, 2012, the day after she gave her report on the war in Homs, Colvinwas killed when the house she was staying in was attacked. She always knew what price awar reporter might have to pay. She already lost an eye before. This time, she gave her lifeto the work she could not give up — telling the true stories to the world. war 戰爭 war 戰爭 war 戰爭"
會考英語,112,42,42,克漏字,A,B5,T1,E7,下文舉運動鞋的不同名稱，可知在談東西怎麼稱呼,(A) what things are called (B) how sports are played (C) why different languages are spoken (D) what words are often spelled differently,"(42-43)Speaking American is a great book!Lucia Leisure ★★★★★I just love Josh Katz’s new book! It’s about 42 in different parts of the US.The information in the book was collected from the quiz that Katz built on thewebsite in 2013. The quiz asked what words people use for something, and theiranswers showed interesting facts. For example, there are different names forsports shoes. In most parts of the US, people say “tennis shoes.” In the northeastof the country, people wear “sneakers.” In some towns, “tennis shoes” and“sneakers” become “gym shoes.”The use of words tells us where people are from, like Katz’s book says. But inmy experience, it also shows 43 . My family has lived in New York since mygrandparents. It’s not surprising that I say “sneakers.” But my grandfather says“plimsolls,” and my daughter says “kicks” or “vans.” Maybe Katz can study thisdifference for his next book. website 網站 website 網站 website 網站"
會考英語,112,43,42,克漏字,A,B5,T3,E7,下文祖父、自己、女兒用詞不同，可知與年齡有關,(A) how old they are (B) who they speak to (C) where they grew up (D) whether they are men or women,"(42-43)Speaking American is a great book!Lucia Leisure ★★★★★I just love Josh Katz’s new book! It’s about 42 in different parts of the US.The information in the book was collected from the quiz that Katz built on thewebsite in 2013. The quiz asked what words people use for something, and theiranswers showed interesting facts. For example, there are different names forsports shoes. In most parts of the US, people say “tennis shoes.” In the northeastof the country, people wear “sneakers.” In some towns, “tennis shoes” and“sneakers” become “gym shoes.”The use of words tells us where people are from, like Katz’s book says. But inmy experience, it also shows 43 . My family has lived in New York since mygrandparents. It’s not surprising that I say “sneakers.” But my grandfather says“plimsolls,” and my daughter says “kicks” or “vans.” Maybe Katz can study thisdifference for his next book. website 網站 website 網站 website 網站"
會考英語,113,1,,字彙：名詞,A,K1,T5,E10,看圖選字：門縫下有一個信封,Look at the picture. There is under the door. (A) an envelope (B) a plant (C) a sign (D) an umbrella,
會考英語,113,2,,字彙：名詞,C,K1,T5,E10,痛到連頭都轉不動，是「脖子」,My hurts so much that I cannot even turn my head. (A) arm (B) knee (C) neck (D) stomachy (C) neck (D) stomach,
會考英語,113,3,,字彙：形容詞片語,B,K1,T7,E10,搭配：be proud of（以……為榮）,Our school basketball team won the national game last night. We are so them. (A) popular with (B) proud of (C) sorry for (D) worried aboutg g (C) sorry for (D) worried about,
會考英語,113,4,,字彙：動詞,B,K1,T5,E10,明天是最後一天上班，所以是決定「離職」leave,Tomorrow is Sam’s last day in the office. Nobody knows why he decided to . (A) hide (B) leave (C) pack (D) walky (C) pack (D) walk,
會考英語,113,5,,字彙：名詞,D,K1,T5,E10,要等颱風走，是「天氣」不好,It’s not a good idea to go mountain climbing in this bad . We should wait until thetyphoon goes away. (A) chance (B) dream (C) habit (D) weather (C) habit (D) weather,
會考英語,113,6,,語法：代名詞,D,K2,T8,E12,hates it：it 指「雪天散步」這件事,"Chris loves walking with Anna on snowy days, but Anna hates very much. (A) them (B) so (C) one (D) ity , (C) one (D) it",
會考英語,113,7,,語法：倒裝（so do I）,B,K2,T8,E12,前句是一般動詞 likes，附和用 so do I,"Lora likes to eat bananas that are already a little brown on the outside, and so I. (A) am (B) do (C) have (D) will (C) have, (D) will",
會考英語,113,8,,字彙：副詞,D,K1,T6,E10,冰箱不該「仍然」發出噪音 still,"Your refrigerator shouldn’t be making loud noises now, but if it does, just give me acall and I’ll come check it again. (A) already (B) even (C) finally (D) still (C) finally (D) still",
會考英語,113,9,,字彙：形容詞,C,K1,T5,E10,贏了錢想再玩，覺得還會「幸運」,"After winning money in the card game, Jay decided to try again. He felt that he might alsobe a second time. (A) famous (B) interested (C) lucky (D) ready (C) lucky (D) ready",
會考英語,113,10,,字彙：形容詞,D,K1,T5,E10,刀子不好切，是不夠「鋒利」sharp,The knife doesn’t cut very well. It’s not as as before. (A) bright (B) heavy (C) quick (D) sharp (C) quick (D) sharp,
會考英語,113,11,,語法：時間子句的時態,C,K2,T8,E12,until 引導時間子句，用現在式代替未來式,John will stay with his sister until he an apartment. (A) will find (B) would find (C) finds (D) foundp (C) finds (D) found,
會考英語,113,12,,語法：關係子句,A,K2,T8,E12,主詞 Students 之後用關係子句 who want 修飾,Students to go on the school trip should ask their parents first. (A) who want (B) want (C) who they want (D) what they wantpi (C) who they want (D) what they want,
會考英語,113,13,,字彙：介系詞,A,K1,T7,E10,"海拔 3,000 公尺「以上」above sea level","The temple sits alone in the mountains at a height of 3,000m sea level. (A) above (B) at (C) below (D) ing , (C) below (D) in",
會考英語,113,14,,字彙：連接詞,A,K1,T6,E10,計畫了好幾天，「但」見面時說不出話,"Patty spent several days planning to invite Charlie to dinner, she couldn’t say a wordwhen they met. (A) but (B) if (C) or (D) so (C) or (D) so",
會考英語,113,15,,語法：現在完成式,C,K2,T8,E12,這週六才要看：到目前為止還沒看 haven't seen,I can’t tell you what I think of the movie because I it. I’ll probably watch it thisSaturday. (A) am not seeing (B) don’t see (C) haven’t seen (D) won’t see (C) haven’t seen (D) won’t see,
會考英語,113,16,,字彙：名詞,D,K1,T1,E10,說話沒有起伏，像「機器人」,The new guy at the help desk answers calls like a . There are no ups and downs inhis voice and you can’t tell if he is happy or sad. (A) father (B) foreigner (C) radio (D) robot (C) radio (D) robot,
會考英語,113,17,,字彙：動詞,C,K1,T6,E10,一到鄉下就開始「想念」城市的噪音 miss,"Jasmine planned to spend her summer in the country, but right after she got there, she startedto the noise in the city. (A) enjoy (B) mind (C) miss (D) notice (C) miss (D) notice",
會考英語,113,18,,字彙：最高級形容詞,D,K1,T2,E10,走路只要五分鐘卻說塞車，是「最糟」的藉口,“Bad traffic” is perhaps the excuse for being late when your boss knows it only takesyou five minutes to walk to work. (A) easiest (B) oldest (C) smartest (D) worst (C) smartest (D) worst,
會考英語,113,19,,語法：被動語態與主動詞一致,A,K2,T8,E12,housework 不可數用單數，且是「被」分擔：is shared,The housework in Mr. and Mrs. Wang’s family between them and their kids.Everyone’s got their own job to do. (A) is shared (B) are shared (C) shares (D) share (C) shares (D) share,
會考英語,113,20,,語法：代名詞,C,K2,T8,E12,缺主詞：mine 指「我原本的牙醫」,I want to find another dentist because pulled out a good tooth last time I went to him. (A) I (B) me (C) mine (D) myselfp (C) mine (D) myself,
會考英語,113,21,,語法：過去簡單式,B,K2,T8,E12,this afternoon 已經過去：過去簡單式,"Mom: Linda, you’ve been playing computer games all evening! Have you finished yourreport?Linda: Well, most of it this afternoon, and I’ll finish it by Friday. (A) I would do (B) I did (C) I was doing (D) I’ll do,i (C) I was doingy (D) I’ll do",
會考英語,113,22,22,指出細節,D,A1,T3,E1,出門是為了買食物給弟弟吃,Why did Philip go out? (A) To meet a woman. (B) To look for his father. (C) To ask the police for help. (D) To buy food for his brother.,"(22-23)It was around eight o’clock on Saturday night. Philip was at home with his littlebrother, Jason. Jason was hungry and kept crying. But Philip couldn’t cook and theirfather was not home yet because he was working late in the office. So Philip decided totake Jason out for some food.Half an hour later, when they came back home, Philip was surprised to find that theirfather was talking to the police and a woman outside their house. He didn’t know whothe woman was. She looked scared and stood behind the police. Philip’s father was veryangry and kept shouting, “I didn’t do anything wrong! I forgot my keys and was justtrying to get into MY OWN HOUSE!” But the police didn’t believe him until Philip ranto them and explained everything.The police told Philip that the woman called 110 when she saw Philip’s father tryingto get into a house through a window. That was how it all happened."
會考英語,113,23,22,指出細節,C,B1,T6,E4,父親生氣是因為警察不相信他，不是忘了帶鑰匙,Why was Philip’s father angry? (A) He forgot his keys. (B) The woman was hiding from him. (C) The police didn’t believe what he said. (D) Philip and his brother went out at night.,"(22-23)It was around eight o’clock on Saturday night. Philip was at home with his littlebrother, Jason. Jason was hungry and kept crying. But Philip couldn’t cook and theirfather was not home yet because he was working late in the office. So Philip decided totake Jason out for some food.Half an hour later, when they came back home, Philip was surprised to find that theirfather was talking to the police and a woman outside their house. He didn’t know whothe woman was. She looked scared and stood behind the police. Philip’s father was veryangry and kept shouting, “I didn’t do anything wrong! I forgot my keys and was justtrying to get into MY OWN HOUSE!” But the police didn’t believe him until Philip ranto them and explained everything.The police told Philip that the woman called 110 when she saw Philip’s father tryingto get into a house through a window. That was how it all happened."
會考英語,113,24,24,推敲文意,C,B4,T3,E8,對照各種麵包的出爐時間，找全都買得到的最早時間,"Kevin is going to buy some fresh bread at Baker’s Kitchen. He loves white bread, his momlikes farm bread, his father enjoys bagels, and his sister eats only challah. Which is theearliest possible time for him to get all these breads for his family? (A) 11:00am. (B) 4:00pm. (C) 5:00pm. (D) 7:00pm. (C) 5:00pm. (D) 7:00pm.",(24-25) oven 烤爐 oven 烤爐 oven 烤爐
會考英語,113,25,24,指出細節,B,A1,T5,E1,逐項核對告示：打烊前一小時半價,What do we know about Baker’s Kitchen? (A) It is open five days a week. (B) Its breads are half price one hour before closing. (C) Its croissants and pretzels are sold on weekends. (D) Its members can save $100 when they shop on Fridays.,(24-25) oven 烤爐 oven 烤爐 oven 烤爐
會考英語,113,26,26,指出細節,A,A1,T3,E1,告示建議搭乘免費接駁車,What is recommended to people who want to visit the festival?  recommend 推薦 (A) Using the free festival bus service. (B) Visiting the festival on the weekend. (C) Entering Satyr’s Park from Fox Street. (D) Parking in Garden Square and walking to the festival. recommend 推薦 recommend 推薦,(26-27)
會考英語,113,27,26,指出細節,D,B4,T3,E8,看地圖找離農夫市集最近的捷運站,What can we learn about the farmers’ market from the map? (A) The farmers’ market is next to the flower market. (B) The farmers’ market and the festival are on the same block. (C) You can go to the farmers’ market by taking Bus No. 157 to Puppy Street. (D) The nearest metro station to the farmers’ market is the Koala Street Station.,(26-27)
會考英語,113,28,28,擷取大意,B,B2,T1,E5,兩位朋友都在諷刺主人小氣，不願分享,可能28. What kind of people do Yan’s and Chang’s friends most likely think  likelyYan and Chang are? (A) They enjoy good food. (B) They don’t like to share. (C) They like to make friends. (D) They don’t like new things. likely 可能 likely 可能,"(28-29)Yan lived a good life in a big house. One day he invited a friend to dinner at hishouse. However, on the dinner table there was only one small dish of one small fish.The friend looked quietly at the fish. It was no bigger than a finger.Then he asked Yan if he could borrow a lamp.“What for?” Yan asked.“Well, it’s so dark in here,” the friend said with a dry smile,“I can’t see the other delicious dishes you’ve prepared for me.”Chang kept a lot of ducks and chickens on his farm. One day, his best friendcame to visit him. At noon, Chang told his friend that he couldn’t let him stay for lunchbecause there wasn’t much food to eat. The friend looked out at Chang’s farm animalsfor a moment. Then he asked Chang if he had a big knife.“Yes, but what for?” Chang asked.“I’m thinking about killing the horse I rode here so we’llhave something for lunch,” the friend said.“But how are you going to go home without it?”“Well, you wouldn’t mind lending me one of your manyducks or chickens so I can ride it home, would you?”o dinner at hisone small fish.than a finger.ry smile,red for me.”s and chickens on his farm. One day, his best friendang told his friend that he couldn’t let him stay for lunchto eat. The friend looked out at Chang’s farm animalsChang if he had a big knife.g asked.g the horse I rode here so we’llriend said.go home without it?”lending me one of your manyt home, would you?”dark in here,” the friend said whe other delicious dishes you’ve"
會考英語,113,29,28,篇章連貫,B,B1,T3,E4,指涉：it 指朋友騎來的那匹馬,What is it in the second story? (A) A big knife. (B) The horse. (C) Lunch. (D) One of Chang’s ducks or chickens.,"(28-29)Yan lived a good life in a big house. One day he invited a friend to dinner at hishouse. However, on the dinner table there was only one small dish of one small fish.The friend looked quietly at the fish. It was no bigger than a finger.Then he asked Yan if he could borrow a lamp.“What for?” Yan asked.“Well, it’s so dark in here,” the friend said with a dry smile,“I can’t see the other delicious dishes you’ve prepared for me.”Chang kept a lot of ducks and chickens on his farm. One day, his best friendcame to visit him. At noon, Chang told his friend that he couldn’t let him stay for lunchbecause there wasn’t much food to eat. The friend looked out at Chang’s farm animalsfor a moment. Then he asked Chang if he had a big knife.“Yes, but what for?” Chang asked.“I’m thinking about killing the horse I rode here so we’llhave something for lunch,” the friend said.“But how are you going to go home without it?”“Well, you wouldn’t mind lending me one of your manyducks or chickens so I can ride it home, would you?”o dinner at hisone small fish.than a finger.ry smile,red for me.”s and chickens on his farm. One day, his best friendang told his friend that he couldn’t let him stay for lunchto eat. The friend looked out at Chang’s farm animalsChang if he had a big knife.g asked.g the horse I rode here so we’llriend said.go home without it?”lending me one of your manyt home, would you?”dark in here,” the friend said whe other delicious dishes you’ve"
會考英語,113,30,30,作者目的與態度,A,C1,T1,E6,用醫生、健康中心作比喻，說明陳老闆的服務,Why does the writer talk about doctors and a health center in the reading? (A) To explain Chen’s services. (B) To talk about Chen’s future plans. (C) To explain Chen’s love for books. (D) To show why bookstores are important.,"(30-32)Usually, people visit bookstores to buy books. But those who walkinto Cotoha come to see its owner, Chen Bing-Hong. They bring himbooks with different problems. Some have lost their covers, some aremissing a few pages, and some have pages that are falling out. Chen canalways fix the books and make them whole again.Chen sees himself as a doctor. He says that books, like people, getsick and need help. In Taiwan, there are not many “doctors” like him,and most of them work for big libraries and museums. If big libraries andmuseums are hospitals, Chen’s bookstore is a health center. Big librariesand museums fix important old books with serious problems, and Chenhelps people with books that have smaller problems. However, the smallersize of the problems doesn’t mean Chen’s job is less important.Chen gave an example of a science book he once worked on. It wasvery old and half of its cover was lost. Its owner still wanted to keep itbecause it was a gift from a teacher who helped him follow his dream ofstudying science. When he got his book back, he was very surprised at thenew-old book. He felt he was brought back to the days with his teacher.Seeing the owner’s smile made Chen happy, because smiles like that arewhat his magic is for."
會考英語,113,31,30,推敲文意,D,B2,T5,E5,修好的書讓人想起過去的特別時刻,Why is Chen Bing-Hong’s job important in the example he gave? (A) It allows people to get books as gifts. (B) It saves people money on new books. (C) It gives people hope to follow their dreams. (D) It helps people think of special moments in the past.,"(30-32)Usually, people visit bookstores to buy books. But those who walkinto Cotoha come to see its owner, Chen Bing-Hong. They bring himbooks with different problems. Some have lost their covers, some aremissing a few pages, and some have pages that are falling out. Chen canalways fix the books and make them whole again.Chen sees himself as a doctor. He says that books, like people, getsick and need help. In Taiwan, there are not many “doctors” like him,and most of them work for big libraries and museums. If big libraries andmuseums are hospitals, Chen’s bookstore is a health center. Big librariesand museums fix important old books with serious problems, and Chenhelps people with books that have smaller problems. However, the smallersize of the problems doesn’t mean Chen’s job is less important.Chen gave an example of a science book he once worked on. It wasvery old and half of its cover was lost. Its owner still wanted to keep itbecause it was a gift from a teacher who helped him follow his dream ofstudying science. When he got his book back, he was very surprised at thenew-old book. He felt he was brought back to the days with his teacher.Seeing the owner’s smile made Chen happy, because smiles like that arewhat his magic is for."
會考英語,113,32,30,篇章連貫,A,B1,T1,E4,his magic 指修補書的本領,What is his magic? (A) Fixing books. (B) Making book owners smile. (C) Finding books that are long lost. (D) Changing his bookstore into a library.,"(30-32)Usually, people visit bookstores to buy books. But those who walkinto Cotoha come to see its owner, Chen Bing-Hong. They bring himbooks with different problems. Some have lost their covers, some aremissing a few pages, and some have pages that are falling out. Chen canalways fix the books and make them whole again.Chen sees himself as a doctor. He says that books, like people, getsick and need help. In Taiwan, there are not many “doctors” like him,and most of them work for big libraries and museums. If big libraries andmuseums are hospitals, Chen’s bookstore is a health center. Big librariesand museums fix important old books with serious problems, and Chenhelps people with books that have smaller problems. However, the smallersize of the problems doesn’t mean Chen’s job is less important.Chen gave an example of a science book he once worked on. It wasvery old and half of its cover was lost. Its owner still wanted to keep itbecause it was a gift from a teacher who helped him follow his dream ofstudying science. When he got his book back, he was very surprised at thenew-old book. He felt he was brought back to the days with his teacher.Seeing the owner’s smile made Chen happy, because smiles like that arewhat his magic is for."
會考英語,113,33,33,擷取大意,A,A1,T3,E1,開店是為了幫助難民在奧地利好好生活,"According to the reading, why did Rohla and Kreytenberg open Habibi & Hawara? (A) To help refugees live better in Austria. (B) To collect money to help Syria fight the war. (C) To help Austrians learn about the war in Syria. (D) To help refugees go back to their home countries.","(33-35)AA DeliciousDelicious SurpriseSurprise andand WelcomeWelcome ChangeChangeBy Karl Falk, June 1, 2016In Austria, there are not many restaurants like Habibi& Hawara. Here you can enjoy Austrian and Syrianfood together. Two Austrians, Martin Rohla andDavid Kreytenberg, started this yummy plan fromtheir experience of working with refugees.Every year, thousands of people have to leavetheir homes and families because of war in theircountries. So many of them go to Austria that somepeople in the country think they have become a problem. They are afraid refugeesmay take away their jobs and they don’t feel safe around them, either. But Rohlaand Kreytenberg would beg to differ: The refugees don’t have to be a problem.They want to help them start a new life. They invited refugees to meetings andfound that some of them were cooks back in Syria. So the idea of Habibi & Hawarawas born—a restaurant that brings together Austrian and Syrian food. “The twoworlds far away from each other meet together,” Kreytenberg said.But Rohla and Kreytenberg want to do more than just give the refugees work. Theywant their best workers to buy the restaurant in the end. They hope that Habibi &Hawara is not just a one-time plan and that other Austrians will join them and helpmore refugees. refugee 難民 war 戰爭 refugee 難民 war 戰爭 refugee 難民 war 戰爭"
會考英語,113,34,33,指出細節,B,A1,T2,E1,餐廳最後可能賣給員工,What can we learn about Habibi & Hawara? (A) It was moved from Syria to Austria. (B) It may finally be sold to its workers. (C) It has cooking classes in Syrian food. (D) It is an important meeting place for Syrians.,"(33-35)AA DeliciousDelicious SurpriseSurprise andand WelcomeWelcome ChangeChangeBy Karl Falk, June 1, 2016In Austria, there are not many restaurants like Habibi& Hawara. Here you can enjoy Austrian and Syrianfood together. Two Austrians, Martin Rohla andDavid Kreytenberg, started this yummy plan fromtheir experience of working with refugees.Every year, thousands of people have to leavetheir homes and families because of war in theircountries. So many of them go to Austria that somepeople in the country think they have become a problem. They are afraid refugeesmay take away their jobs and they don’t feel safe around them, either. But Rohlaand Kreytenberg would beg to differ: The refugees don’t have to be a problem.They want to help them start a new life. They invited refugees to meetings andfound that some of them were cooks back in Syria. So the idea of Habibi & Hawarawas born—a restaurant that brings together Austrian and Syrian food. “The twoworlds far away from each other meet together,” Kreytenberg said.But Rohla and Kreytenberg want to do more than just give the refugees work. Theywant their best workers to buy the restaurant in the end. They hope that Habibi &Hawara is not just a one-time plan and that other Austrians will join them and helpmore refugees. refugee 難民 war 戰爭 refugee 難民 war 戰爭 refugee 難民 war 戰爭"
會考英語,113,35,33,猜測字義,A,A2,T1,E3,beg to differ 表示不同意,What does it mean when people beg to differ? (A) They do not agree. (B) They look different. (C) They cannot speak for others. (D) They do not notice something.,"(33-35)AA DeliciousDelicious SurpriseSurprise andand WelcomeWelcome ChangeChangeBy Karl Falk, June 1, 2016In Austria, there are not many restaurants like Habibi& Hawara. Here you can enjoy Austrian and Syrianfood together. Two Austrians, Martin Rohla andDavid Kreytenberg, started this yummy plan fromtheir experience of working with refugees.Every year, thousands of people have to leavetheir homes and families because of war in theircountries. So many of them go to Austria that somepeople in the country think they have become a problem. They are afraid refugeesmay take away their jobs and they don’t feel safe around them, either. But Rohlaand Kreytenberg would beg to differ: The refugees don’t have to be a problem.They want to help them start a new life. They invited refugees to meetings andfound that some of them were cooks back in Syria. So the idea of Habibi & Hawarawas born—a restaurant that brings together Austrian and Syrian food. “The twoworlds far away from each other meet together,” Kreytenberg said.But Rohla and Kreytenberg want to do more than just give the refugees work. Theywant their best workers to buy the restaurant in the end. They hope that Habibi &Hawara is not just a one-time plan and that other Austrians will join them and helpmore refugees. refugee 難民 war 戰爭 refugee 難民 war 戰爭 refugee 難民 war 戰爭"
會考英語,113,36,36,猜測字義,B,A2,T5,E3,advocate 是支持、主張做某事的人,What does it mean when someone is an advocate of something? (A) They talk a lot but do little about it. (B) They believe it is good and should be done. (C) They have had some bad experiences with it. (D) They are one of the first people who have done it.,"(36-39)VOICES OF PEOPLEIf you want to learn about bringing back extinct animals, readingJohn Smith’s Back from the Dead is a good start. But I have to sayI can’t agree with everything he says.Ellen ZimmerFrom his book, I can see Smith is an advocate of bringing extinct animals back. Hesays we have lost many animals because we made their living spaces too dirty. He alsothinks we must do everything we can to bring them back. However, I don’t know howmuch time and money we would need to make the world a better place for them, andhonestly no one knows if they could actually come back.Smith also says that bringing back extinct animals may be good for us. He talks aboutan extinct frog that grew tadpoles in its stomach. Some women’s babies die before theyare born, and Smith believes bringing back the frog may be an answer to the problem.According to him, by studying how the tadpoles grow inside the frog’s stomach, wemight be able to find new ways to help these women successfully keep their babies. ButI don’t think things are as easy as Smith thinks. We have spent ten years and millionsof dollars on this kind of frog, but all we have got are only a few dead frog eggs. If wecan’t see a real frog, how can we be sure women will get the help they need?Dr. Solomon Wang from the Animal Saving Office says the study of bringing backextinct animals is “throwing good money after bad.” And he’s right. A lot of hard workhas been put into this expensive dream, but we haven’t seen anything come out of it.So should we still keep going down this road? extinct 絕種的 tadpole 蝌蚪 extinct 絕種的 tadpole 蝌蚪 extinct 絕種的 tadpole 蝌蚪"
會考英語,113,37,36,指出細節,B,A1,T1,E1,這種絕種青蛙可能幫忙解決一個健康問題,What is special about the extinct frog in Smith’s book? (A) It can live in a dirty living space. (B) It might help fix a health problem. (C) It eats its babies when it cannot find food. (D) It is the first extinct animal that people studied.,"(36-39)VOICES OF PEOPLEIf you want to learn about bringing back extinct animals, readingJohn Smith’s Back from the Dead is a good start. But I have to sayI can’t agree with everything he says.Ellen ZimmerFrom his book, I can see Smith is an advocate of bringing extinct animals back. Hesays we have lost many animals because we made their living spaces too dirty. He alsothinks we must do everything we can to bring them back. However, I don’t know howmuch time and money we would need to make the world a better place for them, andhonestly no one knows if they could actually come back.Smith also says that bringing back extinct animals may be good for us. He talks aboutan extinct frog that grew tadpoles in its stomach. Some women’s babies die before theyare born, and Smith believes bringing back the frog may be an answer to the problem.According to him, by studying how the tadpoles grow inside the frog’s stomach, wemight be able to find new ways to help these women successfully keep their babies. ButI don’t think things are as easy as Smith thinks. We have spent ten years and millionsof dollars on this kind of frog, but all we have got are only a few dead frog eggs. If wecan’t see a real frog, how can we be sure women will get the help they need?Dr. Solomon Wang from the Animal Saving Office says the study of bringing backextinct animals is “throwing good money after bad.” And he’s right. A lot of hard workhas been put into this expensive dream, but we haven’t seen anything come out of it.So should we still keep going down this road? extinct 絕種的 tadpole 蝌蚪 extinct 絕種的 tadpole 蝌蚪 extinct 絕種的 tadpole 蝌蚪"
會考英語,113,38,36,作者目的與態度,C,C1,T4,E6,引用專家的話，是為了支持自己的看法,Why does Ellen Zimmer use the words from Dr. Solomon Wang? (A) To start a new topic. (B) To share a big dream. (C) To make her idea clearer. (D) To invite people to take action.,"(36-39)VOICES OF PEOPLEIf you want to learn about bringing back extinct animals, readingJohn Smith’s Back from the Dead is a good start. But I have to sayI can’t agree with everything he says.Ellen ZimmerFrom his book, I can see Smith is an advocate of bringing extinct animals back. Hesays we have lost many animals because we made their living spaces too dirty. He alsothinks we must do everything we can to bring them back. However, I don’t know howmuch time and money we would need to make the world a better place for them, andhonestly no one knows if they could actually come back.Smith also says that bringing back extinct animals may be good for us. He talks aboutan extinct frog that grew tadpoles in its stomach. Some women’s babies die before theyare born, and Smith believes bringing back the frog may be an answer to the problem.According to him, by studying how the tadpoles grow inside the frog’s stomach, wemight be able to find new ways to help these women successfully keep their babies. ButI don’t think things are as easy as Smith thinks. We have spent ten years and millionsof dollars on this kind of frog, but all we have got are only a few dead frog eggs. If wecan’t see a real frog, how can we be sure women will get the help they need?Dr. Solomon Wang from the Animal Saving Office says the study of bringing backextinct animals is “throwing good money after bad.” And he’s right. A lot of hard workhas been put into this expensive dream, but we haven’t seen anything come out of it.So should we still keep going down this road? extinct 絕種的 tadpole 蝌蚪 extinct 絕種的 tadpole 蝌蚪 extinct 絕種的 tadpole 蝌蚪"
會考英語,113,39,36,作者目的與態度,C,C2,T6,E6,作者認為不可能，注意她反對書中的主張,What does Ellen Zimmer most likely think about bringing back extinct animals? (A) It is possible. likely 可能 (B) It is dangerous. (C) It is not possible. (D) It is not dangerous. likely 可能 likely 可能,"(36-39)VOICES OF PEOPLEIf you want to learn about bringing back extinct animals, readingJohn Smith’s Back from the Dead is a good start. But I have to sayI can’t agree with everything he says.Ellen ZimmerFrom his book, I can see Smith is an advocate of bringing extinct animals back. Hesays we have lost many animals because we made their living spaces too dirty. He alsothinks we must do everything we can to bring them back. However, I don’t know howmuch time and money we would need to make the world a better place for them, andhonestly no one knows if they could actually come back.Smith also says that bringing back extinct animals may be good for us. He talks aboutan extinct frog that grew tadpoles in its stomach. Some women’s babies die before theyare born, and Smith believes bringing back the frog may be an answer to the problem.According to him, by studying how the tadpoles grow inside the frog’s stomach, wemight be able to find new ways to help these women successfully keep their babies. ButI don’t think things are as easy as Smith thinks. We have spent ten years and millionsof dollars on this kind of frog, but all we have got are only a few dead frog eggs. If wecan’t see a real frog, how can we be sure women will get the help they need?Dr. Solomon Wang from the Animal Saving Office says the study of bringing backextinct animals is “throwing good money after bad.” And he’s right. A lot of hard workhas been put into this expensive dream, but we haven’t seen anything come out of it.So should we still keep going down this road? extinct 絕種的 tadpole 蝌蚪 extinct 絕種的 tadpole 蝌蚪 extinct 絕種的 tadpole 蝌蚪"
會考英語,113,40,40,克漏字,A,B5,T6,E7,下文說 1918 年就用過，所以不是新點子,(A) is not a new idea (B) has not been very useful (C) may bring some problems (D) is not welcomed by everyone,"(40-43)A HISTORY LESSON ON THE PANDEMIC 2020.10.29Since the Covid-19 pandemic started, people have begun “social distancing”—keeping a safe space between you and anyone you don’t live with. Though ithas been a very popular topic this year, social distancing 40 . In fact, it waswidely used in the U.S. in the flu pandemic in 1918. But how well did it work? TheAmericans’ experience can tell us whether it really saved lives.2020.10.29From the picture, we can see that 41 started social distancing earlier thanthe other three cities. This helped the city keep the number of deaths down. Besidestaking early action, keeping the action long enough was also important in fightingthe pandemic. The picture shows that Portland and Denver did well in the first fewweeks. However, both cities 42 , and the numbers of deaths climbed again.But there was one thing Portland did right. The city used several ways of socialdistancing at the same time to deal with the pandemic. 43 , sick people were keptaway from healthy ones; schools were closed; public activities were not allowed. Allthese were useful in keeping people safe.The lessons of the 1918 pandemic bring us hope. While we are still learning tofight Covid-19, social distancing may be the best way to get us through the dark days,at least for now. pandemic （疾病的）大流行 per 每(一) pandemic （疾病的）大流行 per 每(一) pandemic （疾病的）大流行 per 每(一)"
會考英語,113,41,40,克漏字,B,B4,T3,E8,看圖找最早開始社交距離的城市,(A) Portland (B) New York (C) Denver (D) Pittsburgh,"(40-43)A HISTORY LESSON ON THE PANDEMIC 2020.10.29Since the Covid-19 pandemic started, people have begun “social distancing”—keeping a safe space between you and anyone you don’t live with. Though ithas been a very popular topic this year, social distancing 40 . In fact, it waswidely used in the U.S. in the flu pandemic in 1918. But how well did it work? TheAmericans’ experience can tell us whether it really saved lives.2020.10.29From the picture, we can see that 41 started social distancing earlier thanthe other three cities. This helped the city keep the number of deaths down. Besidestaking early action, keeping the action long enough was also important in fightingthe pandemic. The picture shows that Portland and Denver did well in the first fewweeks. However, both cities 42 , and the numbers of deaths climbed again.But there was one thing Portland did right. The city used several ways of socialdistancing at the same time to deal with the pandemic. 43 , sick people were keptaway from healthy ones; schools were closed; public activities were not allowed. Allthese were useful in keeping people safe.The lessons of the 1918 pandemic bring us hope. While we are still learning tofight Covid-19, social distancing may be the best way to get us through the dark days,at least for now. pandemic （疾病的）大流行 per 每(一) pandemic （疾病的）大流行 per 每(一) pandemic （疾病的）大流行 per 每(一)"
會考英語,113,42,40,克漏字,B,B5,T6,E7,死亡人數再次上升，是因為太早停止社交距離,(A) had higher numbers of deaths (B) stopped social distancing too soon (C) began social distancing a second time (D) had the most days of social distancing,"(40-43)A HISTORY LESSON ON THE PANDEMIC 2020.10.29Since the Covid-19 pandemic started, people have begun “social distancing”—keeping a safe space between you and anyone you don’t live with. Though ithas been a very popular topic this year, social distancing 40 . In fact, it waswidely used in the U.S. in the flu pandemic in 1918. But how well did it work? TheAmericans’ experience can tell us whether it really saved lives.2020.10.29From the picture, we can see that 41 started social distancing earlier thanthe other three cities. This helped the city keep the number of deaths down. Besidestaking early action, keeping the action long enough was also important in fightingthe pandemic. The picture shows that Portland and Denver did well in the first fewweeks. However, both cities 42 , and the numbers of deaths climbed again.But there was one thing Portland did right. The city used several ways of socialdistancing at the same time to deal with the pandemic. 43 , sick people were keptaway from healthy ones; schools were closed; public activities were not allowed. Allthese were useful in keeping people safe.The lessons of the 1918 pandemic bring us hope. While we are still learning tofight Covid-19, social distancing may be the best way to get us through the dark days,at least for now. pandemic （疾病的）大流行 per 每(一) pandemic （疾病的）大流行 per 每(一) pandemic （疾病的）大流行 per 每(一)"
會考英語,113,43,40,克漏字,D,B5,T6,E7,空格後列舉各種做法，用 For example,(A) Also (B) At first (C) However (D) For example,"(40-43)A HISTORY LESSON ON THE PANDEMIC 2020.10.29Since the Covid-19 pandemic started, people have begun “social distancing”—keeping a safe space between you and anyone you don’t live with. Though ithas been a very popular topic this year, social distancing 40 . In fact, it waswidely used in the U.S. in the flu pandemic in 1918. But how well did it work? TheAmericans’ experience can tell us whether it really saved lives.2020.10.29From the picture, we can see that 41 started social distancing earlier thanthe other three cities. This helped the city keep the number of deaths down. Besidestaking early action, keeping the action long enough was also important in fightingthe pandemic. The picture shows that Portland and Denver did well in the first fewweeks. However, both cities 42 , and the numbers of deaths climbed again.But there was one thing Portland did right. The city used several ways of socialdistancing at the same time to deal with the pandemic. 43 , sick people were keptaway from healthy ones; schools were closed; public activities were not allowed. Allthese were useful in keeping people safe.The lessons of the 1918 pandemic bring us hope. While we are still learning tofight Covid-19, social distancing may be the best way to get us through the dark days,at least for now. pandemic （疾病的）大流行 per 每(一) pandemic （疾病的）大流行 per 每(一) pandemic （疾病的）大流行 per 每(一)"
會考英語,114,1,,字彙：名詞,D,K1,T5,E10,看圖選字：房子上空飛的是飛機,Look at the picture. A is flying over the houses. (A) bird (B) butterfly (C) kite (D) plane,
會考英語,114,2,,字彙：形容詞,D,K1,T6,E10,以前很「害羞」，現在比較容易和人說話，前後對比,"When I was a teenager, I was very . But now, it’s easier for me to talk to people. (A) happy (B) lazy (C) popular (D) shy, (C) popular (D) shy",
會考英語,114,3,,字彙：動名詞,C,K1,T5,E10,她怕水，所以不想去「航行」sailing,Lena doesn’t want to go with John because she is afraid of water. (A) dancing (B) hiking (C) sailing (D) shopping (C) sailing (D) shopping,
會考英語,114,4,,語法：動名詞與原形動詞,B,K2,T8,E12,enjoy 接動名詞：listening to her dad read,Cindy enjoys her dad read stories to her before bed. (A) to listen to (B) listening to (C) listen to (D) listens to (C) listen to (D) listens to,
會考英語,114,5,,字彙：形容詞,D,K1,T5,E10,十分鐘後晚餐就「準備好」ready,Dad is busy cooking in the kitchen. Dinner will be in ten minutes. (A) free (B) full (C) medium (D) ready (C) medium (D) ready,
會考英語,114,6,,字彙：名詞,A,K1,T1,E10,辦公室有很多新「面孔」，要花時間記誰是誰,There are so many new in the office. It’ll take me some time to remember who iswho. (A) faces (B) ideas (C) rules (D) tools (C) rules (D) tools,
會考英語,114,7,,字彙：名詞,A,K1,T5,E10,鑰匙一直在口袋裡，覺得自己像「傻瓜」,I feel like a . I was looking for my keys for hours but they have been in my pocketthe whole time. (A) fool (B) ghost (C) king (D) stranger (C) king (D) stranger,
會考英語,114,8,,語法：代名詞（the other）,B,K2,T8,E12,三個女兒中兩個之後，剩下的那一個 the other,"Mr. and Mrs. Wu have three daughters. Two are in high school, and is inelementary school. (A) each (B) the other (C) the one (D) the next (C) the one (D) the next",
會考英語,114,9,,字彙：動詞,D,K1,T5,E10,海風太強，樹很難「生長」grow,It is hard for trees to along this beach because of the strong winds from the sea. (A) blow (B) build (C) follow (D) grow (C) followg (D) grow,
會考英語,114,10,,語法：現在進行式表未來,C,K2,T8,E12,耶誕節即將到來：現在進行式表未來,Christmas and I want to visit my aunt abroad. Do you have any plans yet? (A) came (B) comes (C) is coming (D) was comingy (C) is comingy p y (D) was coming,
會考英語,114,11,,語法：祈使句,A,K2,T8,E12,so 之後是祈使句，用原形 make sure,"Jo won’t be happy if you’re late for his party tonight, so sure that you arrive on time. (A) make (B) makes (C) to make (D) is makingg , (C) to makey (D) is making",
會考英語,114,12,,字彙：名詞,D,K1,T5,E10,車子很多，是「交通」糟糕,You may have a long drive because of the terrible . There are usually a lot of carsand buses during this time. (A) experience (B) machine (C) service (D) traffic (C) service (D) traffic,
會考英語,114,13,,字彙：副詞,D,K1,T6,E10,將來會有更強的球員，但現在「或許」他是最好的,"In the future, there will be greater basketball players than Stephen Curry, but nowwe believe he is the best! (A) again (B) already (C) never (D) perhaps (C) never (D) perhaps",
會考英語,114,14,,字彙：數量詞,A,K1,T6,E10,除了廚房那扇，「所有」窗戶都關著 All,I guess the rainwater has come in from the kitchen. See? of the windows are closedexcept the one in the kitchen. (A) All (B) Both (C) Most (D) Some (C) Most (D) Some,
會考英語,114,15,,字彙：連接詞,A,K1,T6,E10,前後語意相反，用 Although,"machines have been used to pick fruits for a long time, they were not used onstrawberry farms until several years ago. (A) Although (B) Because (C) Before (D) If (C) Before (D) If",
會考英語,114,16,,字彙：動詞,D,K1,T7,E10,save you a trip：省下一趟路，save 可接雙受詞,"There are online videos that teach you exercises you can do at home. They’ll you atrip to the gym, and some money too. (A) cost (B) give (C) keep (D) save (C) keep (D) save",
會考英語,114,17,,語法：助動詞代替動詞,B,K2,T8,E12,mine 指我的父母（複數），省略 happy：are,"Jane’s parents are always happy to see their grandchildren, but mine less so when Ivisit them with my kids. (A) is (B) are (C) do (D) does (C) do (D) does",
會考英語,114,18,,語法：時間子句的時態,A,K2,T8,E12,before 引導時間子句，用現在式代替未來式,"Before she about it, you should tell Daphne you broke her favorite cup. (A) asks (B) asked (C) was asking (D) will askp y (C) was askingp (D) will ask",
會考英語,114,19,,語法：對等連接,B,K2,T8,E12,were blown away and fell：對等連接兩個過去式,It was very windy this morning. Some of the shirts on the balcony were blown awayin the pond. (A) fell (B) and fell (C) fallen (D) and fallen (C) fallen (D) and fallen,
會考英語,114,20,20,指出細節,B,A1,T5,E1,Rex 被車撞受傷住院,What happened to Rex? (A) He got lost. (B) He got hurt. (C) He bit people. (D) He ate too much.,"(20-21)Rex is a dog that lives at the bakery next to our school. He is cute and friendly.Every morning, he stands in front of the school to welcome everybody. We all see Rexas one of us. But one Monday morning, I was surprised that Rex was not there to sayhello to us. “Rex is in the hospital. He was hit by a car last night,” my classmate told me.We went to see Rex in the hospital that day after school. Two weeks later, Rex was muchbetter, and we decided to take him for a walk every evening. Because of the exercise, Rexbecame healthier and stronger. Soon he could happily run and jump again. He is now ashandsome and strong as before!"
會考英語,114,21,20,指出細節,B,A1,T3,E1,作者做的是每天傍晚帶牠散步運動,How did the writer help Rex? (A) By calling the police. (B) By making him exercise. (C) By taking him to see a doctor. (D) By looking for a new home for him.,"(20-21)Rex is a dog that lives at the bakery next to our school. He is cute and friendly.Every morning, he stands in front of the school to welcome everybody. We all see Rexas one of us. But one Monday morning, I was surprised that Rex was not there to sayhello to us. “Rex is in the hospital. He was hit by a car last night,” my classmate told me.We went to see Rex in the hospital that day after school. Two weeks later, Rex was muchbetter, and we decided to take him for a walk every evening. Because of the exercise, Rexbecame healthier and stronger. Soon he could happily run and jump again. He is now ashandsome and strong as before!"
會考英語,114,22,22,推敲文意,A,B2,T2,E5,由 Linda 在對話中的反應，推知 Mark 讓她不開心,What do we know about Mark from the dialogue? (A) He made Linda unhappy. (B) He is looking for a new job. (C) He did not like Linda’s cake. (D) He is getting married to Jenny.,(22-23)
會考英語,114,23,22,猜測字義,C,A2,T1,E3,steal someone's thunder：在別人分享喜事時宣布自己的大事，搶走風頭,Which is most likely an example of stealing someone＇s thunder?  likely 可能 (A) Dennis never changes his mind except when his wife tells him to. (B) Melisa tells Tom she’ll go to the party but tells her mom she’ll stay home. (C) Jeff tells everyone he’ll move abroad when Ivy is still telling them about her baby. (D) Alisa says she doesn’t care what we have for lunch but also doesn’t like the restaurantwe chose. likely 可能 likely 可能,(22-23)
會考英語,114,24,24,指出細節,D,A1,T3,E1,城市卡可無限次搭大眾運輸；小孩只限一名免費，博物館是八折,What can you do with a White Lake City Card? (A) Save 20% on children’s train tickets. (B) Visit any public museum in the city for free. (C) Take a train to places out of the three zones. (D) Move around the city by metro as much as you want.,"(24-25)Buy a White Lake City Card When You’re in the City With any of the Cards, you can- visit the city by metro, bus, or train as many times as you want. *- take one child under 12 with you for free.- save 20% on tickets to public museums. The 1-day, 3-day, and 5-day Cards are for trips from Monday to Friday, and theWeekend Card is for trips on weekends and holidays. Check the map and buy the right Card for the zones you’ll be entering.Card Zone 1 Zones 1-2 Zones 1-31-day3-day $20 $40 $605-day $40 $60 $80Weekend $50 $80 $110* The Cards are only for trips inside the three zones. $30 $50 $80ⓐ White Lake Main Stationⓑ Museum of White Lake City Historyⓒ Museum of Modern Artⓓ White Lakeⓔ White Lake Castleⓕ White Lake Airport zone 區 zone 區 zone 區Zones 1-3ones 1$60 $80 $110ones 1$60 $80 $110 $80$60 $80 $110he three $80$80$110e three $80"
會考英語,114,25,24,推敲文意,C,B4,T3,E8,依星期、區域與票價逐一比較，找最省的組合,"Stacy is going to White Lake City and is staying at a hotel near the White Lake MainStation. She wants to visit the Museum of White Lake City History on Friday and seeWhite Lake on Saturday. If she plans to buy (a) White Lake City Card(s), which of the fourchoices will be best for her and cost her the least? (A) A 3-day Card for Zone 1. (B) A Weekend Card for Zones 1-3. (C) A 1-day Card for Zone 1 and a Weekend Card for Zones 1-2. (D) A 1-day Card for Zones 1-2 and a Weekend Card for Zones 1-2.","(24-25)Buy a White Lake City Card When You’re in the City With any of the Cards, you can- visit the city by metro, bus, or train as many times as you want. *- take one child under 12 with you for free.- save 20% on tickets to public museums. The 1-day, 3-day, and 5-day Cards are for trips from Monday to Friday, and theWeekend Card is for trips on weekends and holidays. Check the map and buy the right Card for the zones you’ll be entering.Card Zone 1 Zones 1-2 Zones 1-31-day3-day $20 $40 $605-day $40 $60 $80Weekend $50 $80 $110* The Cards are only for trips inside the three zones. $30 $50 $80ⓐ White Lake Main Stationⓑ Museum of White Lake City Historyⓒ Museum of Modern Artⓓ White Lakeⓔ White Lake Castleⓕ White Lake Airport zone 區 zone 區 zone 區Zones 1-3ones 1$60 $80 $110ones 1$60 $80 $110 $80$60 $80 $110he three $80$80$110e three $80"
會考英語,114,26,26,推敲文意,C,B2,T5,E5,由採果、撿蛋、餵動物推知是度假農場,What is Rolling Acres? (A) A zoo. (B) A campground. (C) A vacation farm. (D) A family restaurant.,"(26-28)At 5 o’clock every morning, while most people are sleeping,16-year-old Libby Larson is already up. She mops the floor, getsthe mail and the newspapers, and gets ready for visitors to RollingAcres. Libby’s grandparents started Rolling Acres in 1970, andsince then all of the Larson family have been working there.Rolling Acres used to be just a sheep farm, but now, with its fruittrees, vegetable gardens, and many other kinds of animals, it hasbecome a popular place for families to go on vacation. Visitors canpick fruits, collect eggs, and feed the animals. It is one of Libby’sjobs to show kids how to feed the baby sheep.For her work, Libby is paid $10 an hour. This summer, she expects to make about $1,200and plans to buy a cell phone. Her friends think it’s great to make that much money in asummer. However, for Libby, working at a family business also means making sacrifices.“I’d love to sleep until noon or go to summer camp like other kids. My friends stoppedinviting me on trips because I’m always busy in the summer.” However, Libby also said,“But it’s better to see both sides. Working with your family is great. You feel closer toeach other.”"
會考英語,114,27,26,擷取大意,A,B3,T4,E2,第一段在說 Libby 在農場做哪些事,What do we learn from the first paragraph?  paragraph 段落 (A) What Libby does at Rolling Acres. (B) What visitors think of Rolling Acres. (C) Why Libby’s grandparents started Rolling Acres. (D) What the Larson family’s plans are for Rolling Acres. paragraph 段落 paragraph 段落,"(26-28)At 5 o’clock every morning, while most people are sleeping,16-year-old Libby Larson is already up. She mops the floor, getsthe mail and the newspapers, and gets ready for visitors to RollingAcres. Libby’s grandparents started Rolling Acres in 1970, andsince then all of the Larson family have been working there.Rolling Acres used to be just a sheep farm, but now, with its fruittrees, vegetable gardens, and many other kinds of animals, it hasbecome a popular place for families to go on vacation. Visitors canpick fruits, collect eggs, and feed the animals. It is one of Libby’sjobs to show kids how to feed the baby sheep.For her work, Libby is paid $10 an hour. This summer, she expects to make about $1,200and plans to buy a cell phone. Her friends think it’s great to make that much money in asummer. However, for Libby, working at a family business also means making sacrifices.“I’d love to sleep until noon or go to summer camp like other kids. My friends stoppedinviting me on trips because I’m always busy in the summer.” However, Libby also said,“But it’s better to see both sides. Working with your family is great. You feel closer toeach other.”"
會考英語,114,28,26,猜測字義,D,A2,T1,E3,making sacrifices：為了做一件事而放棄重要的東西,What does making sacrifices mean? (A) Learning to make money and use it wisely. (B) Getting to know different sides of your family. (C) Making excuses for failing to do something difficult. (D) Giving up something important to do something else.,"(26-28)At 5 o’clock every morning, while most people are sleeping,16-year-old Libby Larson is already up. She mops the floor, getsthe mail and the newspapers, and gets ready for visitors to RollingAcres. Libby’s grandparents started Rolling Acres in 1970, andsince then all of the Larson family have been working there.Rolling Acres used to be just a sheep farm, but now, with its fruittrees, vegetable gardens, and many other kinds of animals, it hasbecome a popular place for families to go on vacation. Visitors canpick fruits, collect eggs, and feed the animals. It is one of Libby’sjobs to show kids how to feed the baby sheep.For her work, Libby is paid $10 an hour. This summer, she expects to make about $1,200and plans to buy a cell phone. Her friends think it’s great to make that much money in asummer. However, for Libby, working at a family business also means making sacrifices.“I’d love to sleep until noon or go to summer camp like other kids. My friends stoppedinviting me on trips because I’m always busy in the summer.” However, Libby also said,“But it’s better to see both sides. Working with your family is great. You feel closer toeach other.”"
會考英語,114,29,29,擷取大意,C,B3,T2,E2,漫畫寓意：趁還來得及，保護地球,What do the comics tell us? (A) Enjoy life while we can. (B) Follow the old ways of life. (C) Save our planet before it’s too late. (D) Treat others the way we want to be treated.,"(29-31)Around the year 400, people came to Easter Island.So many trees here!In their free time, they lovedThey used trees to make fire and making statues with big rocks. Withbuild houses. Because of the trees, the trees they cut down, they couldpeople had a great life on the island. move the statues around easily.Trees were needed and used in every part of their life.Years passed, and there were fewer and fewer trees on Easter Island.Without enough trees to keep And I’m hungry.water under the ground, the land I’m thirsty.became dry, and plants didn’t grow.So many trees here!In their free time, they lovedke fire and making statues with big rocks. Withe of the trees, the trees they cut down, they couldon the island. move the statues around easily.eded and used in every part of their life.nd there were fewer and fewer trees on Easter Island.ees to keep And I’m hungry.ound, the land I’m thirsty.ants didn’t grow.Around the year 400, people came to Easter Island.People began to fight for water and food. The statues were moved to fightinggrounds to show their power. The last trees were probably cut down at this time.Let’s not make Earth, our only home,Those who cut downanother Easter Island.the last trees surelyunderstood howimportant trees wereto them—but still,they did it. When thelast trees fell to theground, people on theisland fell, too.Let’s not make Earth, our only home,another Easter Island."
會考英語,114,30,29,指出細節,D,A1,T3,E1,雕像被搬到戰場，用來展示力量,What can we learn about the people in the comics? (A) They made fire before starting a fight. (B) They fought for land and plants all the time. (C) They prayed to the statues beside a large fire. (D) They used statues to show how strong they were.,"(29-31)Around the year 400, people came to Easter Island.So many trees here!In their free time, they lovedThey used trees to make fire and making statues with big rocks. Withbuild houses. Because of the trees, the trees they cut down, they couldpeople had a great life on the island. move the statues around easily.Trees were needed and used in every part of their life.Years passed, and there were fewer and fewer trees on Easter Island.Without enough trees to keep And I’m hungry.water under the ground, the land I’m thirsty.became dry, and plants didn’t grow.So many trees here!In their free time, they lovedke fire and making statues with big rocks. Withe of the trees, the trees they cut down, they couldon the island. move the statues around easily.eded and used in every part of their life.nd there were fewer and fewer trees on Easter Island.ees to keep And I’m hungry.ound, the land I’m thirsty.ants didn’t grow.Around the year 400, people came to Easter Island.People began to fight for water and food. The statues were moved to fightinggrounds to show their power. The last trees were probably cut down at this time.Let’s not make Earth, our only home,Those who cut downanother Easter Island.the last trees surelyunderstood howimportant trees wereto them—but still,they did it. When thelast trees fell to theground, people on theisland fell, too.Let’s not make Earth, our only home,another Easter Island."
會考英語,114,31,29,篇章連貫,B,B1,T3,E4,指涉：did it 指砍掉最後的樹,What does did it in Picture 7 mean? (A) Fall to the ground. (B) Cut down the last trees. (C) Move the statues to fighting grounds. (D) Understand how important trees were.,"(29-31)Around the year 400, people came to Easter Island.So many trees here!In their free time, they lovedThey used trees to make fire and making statues with big rocks. Withbuild houses. Because of the trees, the trees they cut down, they couldpeople had a great life on the island. move the statues around easily.Trees were needed and used in every part of their life.Years passed, and there were fewer and fewer trees on Easter Island.Without enough trees to keep And I’m hungry.water under the ground, the land I’m thirsty.became dry, and plants didn’t grow.So many trees here!In their free time, they lovedke fire and making statues with big rocks. Withe of the trees, the trees they cut down, they couldon the island. move the statues around easily.eded and used in every part of their life.nd there were fewer and fewer trees on Easter Island.ees to keep And I’m hungry.ound, the land I’m thirsty.ants didn’t grow.Around the year 400, people came to Easter Island.People began to fight for water and food. The statues were moved to fightinggrounds to show their power. The last trees were probably cut down at this time.Let’s not make Earth, our only home,Those who cut downanother Easter Island.the last trees surelyunderstood howimportant trees wereto them—but still,they did it. When thelast trees fell to theground, people on theisland fell, too.Let’s not make Earth, our only home,another Easter Island."
會考英語,114,32,32,擷取大意,D,B3,T6,E2,實驗目的是看別人是否也有同樣的 IKEA 經驗,What did Ariely try to find out in the origami study? (A) If he could stop the IKEA effect. (B) Why people love making origami. (C) Why IKEA furniture is so famous. (D) If anyone shared his IKEA experience.,"(32-34)Many years ago, Dan Ariely bought a cabinet from IKEA. IKEA is afamous furniture store that sells boxes of furniture parts. People whobuy them have to put all the parts together themselves. It took Ariely hours to buildhis cabinet. Ariely didn’t really enjoy himself when he was trying to put all the partstogether. However, after he finished, he felt quite good about himself and his cabinet.Later, he found that he loved his cabinet more than any of his other furniture.Ariely wanted to know if anyone shared his feelings, so he dida fun origami study. He invited two groups of people to join hisstudy. He called one group “builders” and the other group “buyers.”Builders were told to make origami, like paper frogs or paper birds. When theyfinished, they were asked how much they would spend on their works. Ariely thenshowed the origami to buyers and asked them how much they would pay for them.The two groups gave very different answers. Though buyers would pay only fivecents for builders’ origami, builders would spend 25 cents! Interestingly, buildersbelieved others would think their works were good enough to cost that much money!Ariely’s study showed that he was not alone in his IKEA experience — we just lovethings more, sometimes blindly, when we make them ourselves. Ariely called it “theIKEA effect.” effect 效應 furniture 家具 effect 效應 furniture 家具 effect 效應 furniture 家具"
會考英語,114,33,32,指出細節,A,A1,T6,E1,買家願付的錢比製作者自己願付的少,Which is true about the origami study? (A) Buyers would spend less on builders’ origami than builders would. (B) Builders and buyers needed to decide a price on the origami they made. (C) Builders knew others would not pay as much for the origami as they would. (D) Buyers would spend more on builders’ origami after knowing how they were made.,"(32-34)Many years ago, Dan Ariely bought a cabinet from IKEA. IKEA is afamous furniture store that sells boxes of furniture parts. People whobuy them have to put all the parts together themselves. It took Ariely hours to buildhis cabinet. Ariely didn’t really enjoy himself when he was trying to put all the partstogether. However, after he finished, he felt quite good about himself and his cabinet.Later, he found that he loved his cabinet more than any of his other furniture.Ariely wanted to know if anyone shared his feelings, so he dida fun origami study. He invited two groups of people to join hisstudy. He called one group “builders” and the other group “buyers.”Builders were told to make origami, like paper frogs or paper birds. When theyfinished, they were asked how much they would spend on their works. Ariely thenshowed the origami to buyers and asked them how much they would pay for them.The two groups gave very different answers. Though buyers would pay only fivecents for builders’ origami, builders would spend 25 cents! Interestingly, buildersbelieved others would think their works were good enough to cost that much money!Ariely’s study showed that he was not alone in his IKEA experience — we just lovethings more, sometimes blindly, when we make them ourselves. Ariely called it “theIKEA effect.” effect 效應 furniture 家具 effect 效應 furniture 家具 effect 效應 furniture 家具"
會考英語,114,34,32,推敲文意,B,B2,T5,E5,應用 IKEA 效應：讓孩子自己參與做菜,"Jerry just can’t get his daughter Mia to eat more vegetables at dinner. Every time he triesto do so, there is always a lot of shouting and crying. If Jerry wants to have Mia eat morevegetables by using the IKEA effect, what should he do? (A) Tell Mia that he cooks the vegetables just for her. (B) Ask Mia to help him cook vegetables for her meal. (C) Give Mia her favorite candy after she eats vegetables. (D) Ask Mia what vegetables she likes and cook them for her.","(32-34)Many years ago, Dan Ariely bought a cabinet from IKEA. IKEA is afamous furniture store that sells boxes of furniture parts. People whobuy them have to put all the parts together themselves. It took Ariely hours to buildhis cabinet. Ariely didn’t really enjoy himself when he was trying to put all the partstogether. However, after he finished, he felt quite good about himself and his cabinet.Later, he found that he loved his cabinet more than any of his other furniture.Ariely wanted to know if anyone shared his feelings, so he dida fun origami study. He invited two groups of people to join hisstudy. He called one group “builders” and the other group “buyers.”Builders were told to make origami, like paper frogs or paper birds. When theyfinished, they were asked how much they would spend on their works. Ariely thenshowed the origami to buyers and asked them how much they would pay for them.The two groups gave very different answers. Though buyers would pay only fivecents for builders’ origami, builders would spend 25 cents! Interestingly, buildersbelieved others would think their works were good enough to cost that much money!Ariely’s study showed that he was not alone in his IKEA experience — we just lovethings more, sometimes blindly, when we make them ourselves. Ariely called it “theIKEA effect.” effect 效應 furniture 家具 effect 效應 furniture 家具 effect 效應 furniture 家具"
會考英語,114,35,35,擷取大意,C,B3,T4,E2,全文在說這張照片背後的歷史,What is the reading mainly about? (A) The tips on using a picture to tell a story. (B) The change that electricity brought to people’s lives. (C) The history behind the picture of a UK electricity worker. (D) The story of a famous UK electricity worker from the 1970s.,"(35-37)In the picture is a UK electricity worker in the 1970s. Pictures like this appeared inmany newspapers at the time. In 1972, electricity workers in the UK asked to be paid more,and they decided to stop working until their wish was answered. The government worriedthat there wouldn’t be enough electricity for the country if these workers didn’t go to work,so it agreed to give them the pay rise. However, the story didn’t end there.A year later, the electricity workers asked for another pay rise. To get what theywanted, they worked shorter hours and acted like they would walk away from their jobanytime. But this time, the government decided to fight. To save electricity, it made newrules for people to follow. For example, each family could turn on the heat in only oneroom; TV stations had to stop their shows at 10:30 p.m.; businesses could open only threedays a week.People’s lives were greatly changed. Without enough heat to keep the house warm,people covered themselves in blankets all the time. Hospitals had to use candles becausethey couldn’t keep all the lights on. Factories couldn’t keep their machines working. Manypeople lost their jobs. For months, people were paying the price while the electricityworkers were fighting for their wish. In the end, the government agreed to the second payrise. This picture shows what many people thought of the electricity workers during the“dark” time. electricity 電力 government 政府 electricity 電力 government 政府 electricity 電力 government 政府"
會考英語,114,36,35,推敲文意,C,B2,T2,E5,由民眾長期受苦推知大家覺得工人要求太多、不知停止,"In the UK in the 1970s, what did people most likely think of the UK electricity workers? (A) They were not brave enough to fix their problems. likely 可能 (B) They worked like robots and never learned to change. (C) They were asking too much and did not know when to stop. (D) They did not care whether their job might hurt people’s health. likely 可能 likely 可能","(35-37)In the picture is a UK electricity worker in the 1970s. Pictures like this appeared inmany newspapers at the time. In 1972, electricity workers in the UK asked to be paid more,and they decided to stop working until their wish was answered. The government worriedthat there wouldn’t be enough electricity for the country if these workers didn’t go to work,so it agreed to give them the pay rise. However, the story didn’t end there.A year later, the electricity workers asked for another pay rise. To get what theywanted, they worked shorter hours and acted like they would walk away from their jobanytime. But this time, the government decided to fight. To save electricity, it made newrules for people to follow. For example, each family could turn on the heat in only oneroom; TV stations had to stop their shows at 10:30 p.m.; businesses could open only threedays a week.People’s lives were greatly changed. Without enough heat to keep the house warm,people covered themselves in blankets all the time. Hospitals had to use candles becausethey couldn’t keep all the lights on. Factories couldn’t keep their machines working. Manypeople lost their jobs. For months, people were paying the price while the electricityworkers were fighting for their wish. In the end, the government agreed to the second payrise. This picture shows what many people thought of the electricity workers during the“dark” time. electricity 電力 government 政府 electricity 電力 government 政府 electricity 電力 government 政府"
會考英語,114,37,35,作者目的與態度,C,C1,T1,E6,引號表示雙關：停電的黑暗，也指生活的艱困,Why does the writer put the “ ” mark around the word dark in the last sentence? (A) To say that the “dark” time was actually not dark. (B) To tell people that the word was said by the government. (C) To mean both the days without lights and the difficult lives people lived. (D) To show that the government and the electricity workers both lost their fights.,"(35-37)In the picture is a UK electricity worker in the 1970s. Pictures like this appeared inmany newspapers at the time. In 1972, electricity workers in the UK asked to be paid more,and they decided to stop working until their wish was answered. The government worriedthat there wouldn’t be enough electricity for the country if these workers didn’t go to work,so it agreed to give them the pay rise. However, the story didn’t end there.A year later, the electricity workers asked for another pay rise. To get what theywanted, they worked shorter hours and acted like they would walk away from their jobanytime. But this time, the government decided to fight. To save electricity, it made newrules for people to follow. For example, each family could turn on the heat in only oneroom; TV stations had to stop their shows at 10:30 p.m.; businesses could open only threedays a week.People’s lives were greatly changed. Without enough heat to keep the house warm,people covered themselves in blankets all the time. Hospitals had to use candles becausethey couldn’t keep all the lights on. Factories couldn’t keep their machines working. Manypeople lost their jobs. For months, people were paying the price while the electricityworkers were fighting for their wish. In the end, the government agreed to the second payrise. This picture shows what many people thought of the electricity workers during the“dark” time. electricity 電力 government 政府 electricity 電力 government 政府 electricity 電力 government 政府"
會考英語,114,38,38,克漏字,B,K2,T8,E12,in his first year of junior high 是過去：started,(A) starts (B) started (C) has started (D) will start (C) has started (D) will start,"(38-43)Most kids want gifts from their parents on their birthdays, but Cameron doesn’t. On hisbirthday, he gives his mom a gift. He 38 doing this in his first year of junior highschool. That year, during one class, he watched a video about how a baby is pushed from itsmother’s body. After class, 39 . How brave a woman is to have a baby! Thank God I’llnever have to do that!When Cameron came home that day, he held his mom in his arms for a long time. Hedecided that his birthday 40 . During those nine months inside his mom, he just ate andslept while his mom was doing all the hard work. So why should he get a birthday gift fordoing nothing? If anyone should get a gift on his birthday, it should be his mom.The 41 “birthday gift” Cameron prepared was a bag of cookies he baked. The cookiestasted so bad, but his mom said they were the best thing she ever got. Hearing that 42 .It was so much better than getting a gift. Now, on his birthday every year, Cameron makesa gift for his mother to thank her for giving him life.This year, Cameron 43 his mom a nice dress. A few months ago, he learned to makedresses at school and decided to make one for his mom. Now the dress is finished andhanging behind Cameron’s bedroom door. He believes the gift will tell his mother howmuch he loves her."
會考英語,114,39,38,克漏字,C,B5,T3,E7,下文 How brave… 與 Thank God… 就是他一直在想的兩件事,(A) he got quite scared of two things (B) he still couldn’t understand two things (C) he couldn’t stop thinking about two things (D) he did two things that would change his life,"(38-43)Most kids want gifts from their parents on their birthdays, but Cameron doesn’t. On hisbirthday, he gives his mom a gift. He 38 doing this in his first year of junior highschool. That year, during one class, he watched a video about how a baby is pushed from itsmother’s body. After class, 39 . How brave a woman is to have a baby! Thank God I’llnever have to do that!When Cameron came home that day, he held his mom in his arms for a long time. Hedecided that his birthday 40 . During those nine months inside his mom, he just ate andslept while his mom was doing all the hard work. So why should he get a birthday gift fordoing nothing? If anyone should get a gift on his birthday, it should be his mom.The 41 “birthday gift” Cameron prepared was a bag of cookies he baked. The cookiestasted so bad, but his mom said they were the best thing she ever got. Hearing that 42 .It was so much better than getting a gift. Now, on his birthday every year, Cameron makesa gift for his mother to thank her for giving him life.This year, Cameron 43 his mom a nice dress. A few months ago, he learned to makedresses at school and decided to make one for his mom. Now the dress is finished andhanging behind Cameron’s bedroom door. He believes the gift will tell his mother howmuch he loves her."
會考英語,114,40,38,克漏字,C,B5,T6,E7,後文說該得禮物的是媽媽，所以生日不該是關於他自己,"(A) should be spent helping his mom (B) should be a time of welcoming a new start (C) should not be about him, but about his mom (D) should not be celebrated for just one day, but for nine months","(38-43)Most kids want gifts from their parents on their birthdays, but Cameron doesn’t. On hisbirthday, he gives his mom a gift. He 38 doing this in his first year of junior highschool. That year, during one class, he watched a video about how a baby is pushed from itsmother’s body. After class, 39 . How brave a woman is to have a baby! Thank God I’llnever have to do that!When Cameron came home that day, he held his mom in his arms for a long time. Hedecided that his birthday 40 . During those nine months inside his mom, he just ate andslept while his mom was doing all the hard work. So why should he get a birthday gift fordoing nothing? If anyone should get a gift on his birthday, it should be his mom.The 41 “birthday gift” Cameron prepared was a bag of cookies he baked. The cookiestasted so bad, but his mom said they were the best thing she ever got. Hearing that 42 .It was so much better than getting a gift. Now, on his birthday every year, Cameron makesa gift for his mother to thank her for giving him life.This year, Cameron 43 his mom a nice dress. A few months ago, he learned to makedresses at school and decided to make one for his mom. Now the dress is finished andhanging behind Cameron’s bedroom door. He believes the gift will tell his mother howmuch he loves her."
會考英語,114,41,38,克漏字,A,B5,T6,E7,這是他準備的第一份生日禮物：first,(A) first (B) last (C) only (D) other (C) only (D) other,"(38-43)Most kids want gifts from their parents on their birthdays, but Cameron doesn’t. On hisbirthday, he gives his mom a gift. He 38 doing this in his first year of junior highschool. That year, during one class, he watched a video about how a baby is pushed from itsmother’s body. After class, 39 . How brave a woman is to have a baby! Thank God I’llnever have to do that!When Cameron came home that day, he held his mom in his arms for a long time. Hedecided that his birthday 40 . During those nine months inside his mom, he just ate andslept while his mom was doing all the hard work. So why should he get a birthday gift fordoing nothing? If anyone should get a gift on his birthday, it should be his mom.The 41 “birthday gift” Cameron prepared was a bag of cookies he baked. The cookiestasted so bad, but his mom said they were the best thing she ever got. Hearing that 42 .It was so much better than getting a gift. Now, on his birthday every year, Cameron makesa gift for his mother to thank her for giving him life.This year, Cameron 43 his mom a nice dress. A few months ago, he learned to makedresses at school and decided to make one for his mom. Now the dress is finished andhanging behind Cameron’s bedroom door. He believes the gift will tell his mother howmuch he loves her."
會考英語,114,42,38,克漏字,B,B5,T1,E7,聽到媽媽說是最好的禮物，他很開心：made his heart sing,(A) made his head hurt (B) made his heart sing (C) made him change his mind (D) made him give up baking (B) made his heart sing ( ) g (D) made him give up baking,"(38-43)Most kids want gifts from their parents on their birthdays, but Cameron doesn’t. On hisbirthday, he gives his mom a gift. He 38 doing this in his first year of junior highschool. That year, during one class, he watched a video about how a baby is pushed from itsmother’s body. After class, 39 . How brave a woman is to have a baby! Thank God I’llnever have to do that!When Cameron came home that day, he held his mom in his arms for a long time. Hedecided that his birthday 40 . During those nine months inside his mom, he just ate andslept while his mom was doing all the hard work. So why should he get a birthday gift fordoing nothing? If anyone should get a gift on his birthday, it should be his mom.The 41 “birthday gift” Cameron prepared was a bag of cookies he baked. The cookiestasted so bad, but his mom said they were the best thing she ever got. Hearing that 42 .It was so much better than getting a gift. Now, on his birthday every year, Cameron makesa gift for his mother to thank her for giving him life.This year, Cameron 43 his mom a nice dress. A few months ago, he learned to makedresses at school and decided to make one for his mom. Now the dress is finished andhanging behind Cameron’s bedroom door. He believes the gift will tell his mother howmuch he loves her."
會考英語,114,43,38,克漏字,A,K2,T8,E12,洋裝剛做好還掛在門後，還沒送出：is going to give,(A) is going to give (B) gives (C) has given (D) gave (C) has given (D) gave,"(38-43)Most kids want gifts from their parents on their birthdays, but Cameron doesn’t. On hisbirthday, he gives his mom a gift. He 38 doing this in his first year of junior highschool. That year, during one class, he watched a video about how a baby is pushed from itsmother’s body. After class, 39 . How brave a woman is to have a baby! Thank God I’llnever have to do that!When Cameron came home that day, he held his mom in his arms for a long time. Hedecided that his birthday 40 . During those nine months inside his mom, he just ate andslept while his mom was doing all the hard work. So why should he get a birthday gift fordoing nothing? If anyone should get a gift on his birthday, it should be his mom.The 41 “birthday gift” Cameron prepared was a bag of cookies he baked. The cookiestasted so bad, but his mom said they were the best thing she ever got. Hearing that 42 .It was so much better than getting a gift. Now, on his birthday every year, Cameron makesa gift for his mother to thank her for giving him life.This year, Cameron 43 his mom a nice dress. A few months ago, he learned to makedresses at school and decided to make one for his mom. Now the dress is finished andhanging behind Cameron’s bedroom door. He believes the gift will tell his mother howmuch he loves her."
會考英語,115,1,,字彙：名詞,B,K1,T5,E10,看圖選字：運動中的學生都戴著眼鏡，其他選項是同場景的衣物,Look at the picture. All of the students who are exercising are wearing . (A) caps (B) glasses (C) jackets (D) pants,
會考英語,115,2,,字彙：動詞,A,K1,T6,E10,狗太胖，是因為一天「餵」很多次,Rita her dogs many times a day. That’s why they’re too fat. (A) feeds (B) kisses (C) walks (D) washesy y (C) walks (D) washes,
會考英語,115,3,,字彙：名詞,B,K1,T7,E10,搭配：have great knowledge of（對……很有知識）,You can ask Sophia anything about butterflies and bees. She has great of insects. (A) chances (B) knowledge (C) news (D) power (C) newsg (D) power,
會考英語,115,4,,字彙：副詞,C,K1,T6,E10,一直被惡夢驚醒，所以睡得「很糟」terribly,Adam slept last night because he kept waking up from bad dreams. (A) deeply (B) early (C) terribly (D) quicklyp g p (C) terribly (D) quickly,
會考英語,115,5,,字彙：動詞,C,K1,T7,E10,養寵物用 keep,Tara enjoys being with all kinds of animals; she even a snake as a pet. (A) drops (B) gives (C) keeps (D) makes (C) keepsp (D) makes,
會考英語,115,6,,字彙：介系詞,D,K1,T7,E10,with 表示「有著」大眼睛的娃娃,Little Eric chose the doll big brown eyes because it was the cutest in the store. (A) at (B) in (C) on (D) withy (C) on (D) with,
會考英語,115,7,,字彙：形容詞,C,K1,T5,E10,爬了四小時山，腿會「痠痛」sore,"After four hours of mountain climbing, Rosa’s legs got , so she took a rest on the topof the mountain. (A) dirty (B) sick (C) sore (D) strong (C) sore (D) strong",
會考英語,115,8,,語法：附加問句,A,K2,T8,E12,附加問句：主詞 Having… 是單數，助動詞 can，所以用 can it,"Having three cups of coffee a day can’t be bad for our health, ? (A) can it (B) can they (C) is it (D) are they (C) is it (D) are they",
會考英語,115,9,,字彙：代名詞,C,K1,T6,E10,門太重，一隻手推不開，要用「兩隻」both,You can’t push that door open with only one hand. It’s too heavy. You have to use ! (A) all (B) another (C) both (D) one (C) both (D) one,
會考英語,115,10,,字彙：疑問詞,A,K1,T7,E10,想知道老闆「怎麼」看他：how he feels about him,"Alan works hard in his new job, and he wants to know his boss feels about him. (A) how (B) that (C) whether (D) why (C) whether (D) why",
會考英語,115,11,,語法：關係子句,C,K2,T8,E12,the girl 之後用關係子句 who answered the phone,"I thought the girl was Kate, but it was her sister, Candy. They sounded almost thesame. (A) answered the phone (B) she answered the phone (C) who answered the phone (D) and answered the phone (B) she answered the phone ( ) p (D) and answered the phone",
會考英語,115,12,,語法：代名詞,A,K2,T8,E12,受詞指那位女性：her,"Ken is going abroad with a woman he met online, though he doesn’t know well. (A) her (B) each other (C) any (D) another, (C) any (D) another",
會考英語,115,13,,字彙：名詞,D,K1,T6,E10,成績比一半同學好，已不在全班「最後」bottom,Joe is happy he is not at the of the class now. His grades are better than half of hisclassmates’ this school year. (A) side (B) front (C) center (D) bottom (C) center (D) bottom,
會考英語,115,14,,字彙：形容詞,D,K1,T6,E10,天上沒有雲，下雨的機會很「小」small,Look! There is not a cloud in the sky. I think the chances of getting some rain today arereally . (A) far (B) good (C) possible (D) small (C) possible (D) small,
會考英語,115,15,,字彙：動詞,A,K1,T1,E10,像害羞的孩子低下頭：bow,"On windy days, the flowers in my garden like shy children with their heads down. (A) bow (B) fall (C) rise (D) smell (C) rise (D) smell",
會考英語,115,16,,語法：過去進行式,A,K2,T8,E12,發現時頭髮「正在」掉：過去進行式,Mr. Olson went to the doctor when he found he his hair. He hoped he would be ableto keep his thick hair. (A) was losing (B) is losing (C) will lose (D) has lost (C) will lose (D) has lost,
會考英語,115,17,,語法：過去簡單式,D,K2,T8,E12,成為明星之前的工作：過去簡單式,"Do you know what Lindsey’s first job was? Before becoming a movie star, she thefloors at the supermarket. (A) mops (B) is mopping (C) has mopped (D) mopped (C) has mopped (D) mopped",
會考英語,115,18,,語法：代名詞片語,B,K2,T8,E12,牠這樣已經好幾年：has been like this,"Our dog Lassie hides under the bed every time the moon comes out. She has been foryears, but we don’t know why. (A) it (B) like this (C) like us (D) that (C) like us (D) that",
會考英語,115,19,,語法：現在進行式,D,K2,T8,E12,此刻正在看球賽：現在進行式,"Tom: Sam, could you help me in the kitchen now?Sam: No, I TV. It’s the most important game of the season. (A) watch (B) watched (C) have watched (D) am watchingg (C) have watched (D) am watching",
會考英語,115,20,20,指出細節,C,B4,T3,E8,依食譜條件逐一刪去不能用的水果,"Amanda wants to make fruit tea by following The Best Fruit Tea You Can Make at Home.She has several kinds of fruit in the kitchen: apples, bananas, oranges, papayas, pears, andstrawberries. Which are some of the fruits she can use to make the fruit tea? (A) Oranges, papayas and pears. (B) Apples, bananas and oranges. (C) Apples, oranges and strawberries. (D) Bananas, papayas and strawberries.",(20-21) stir 攪拌 stir 攪拌 stir 攪拌
會考英語,115,21,20,指出細節,D,A1,T6,E1,注意步驟的先後與茶包浸泡的時間,"According to the reading, which is correct when we make the fruit tea? (A) Boiling water with sugar in it. (B) Making sure to take out the fruit. (C) Putting in the fruit and the lemon juice at the same time. (D) Leaving the teabags in the pot of hot water for 2 to 3 minutes.",(20-21) stir 攪拌 stir 攪拌 stir 攪拌
會考英語,115,22,22,推敲文意,D,B2,T1,E5,漫畫：Hawkins 總是說大話卻做不到,"According to the comics, what kind of person is Hawkins? (A) He sees good things in people. (B) He never goes to work on time. (C) He blindly follows other people. (D) He talks about things he can’t do.","(22-23)In 6th grade, I tried to get the students I totally bombed it. to pick me as student leader.I’ll make class hours shorter.And we’ll have only threedays of school a week…What? That’s notwhat a studentleader can decide.He doesn’tknow anything. I was the best choice,but why didn’t peopleknow that?I became a salesperson when I was 23, I bombed it again. and I believed I could be Number 1.You said you would Hawkins, we don’t needsell 50 cars a month. your service anymore. Don’t worry. But you sold only 1 Go pack your things… I’ll sell 149 cars car in two months.next month.Why ?You said thata year ago.ter.I totally bombed it.I was the best choice,but why didn’t peopleknow that?worry.149 carsonth.I bombed it again.Hawkins, we don’t needyour service anymore.Go pack your things…Why ?ng."
會考英語,115,23,22,猜測字義,B,A2,T5,E3,bombed 是搞砸、失敗,What does it mean when we say someone bombed something? (A) They gave it up. (B) They failed at it. (C) They were fine with it. (D) They were careful about it.g (B) They failed at it. ( ) y (D) They were careful about it.,"(22-23)In 6th grade, I tried to get the students I totally bombed it. to pick me as student leader.I’ll make class hours shorter.And we’ll have only threedays of school a week…What? That’s notwhat a studentleader can decide.He doesn’tknow anything. I was the best choice,but why didn’t peopleknow that?I became a salesperson when I was 23, I bombed it again. and I believed I could be Number 1.You said you would Hawkins, we don’t needsell 50 cars a month. your service anymore. Don’t worry. But you sold only 1 Go pack your things… I’ll sell 149 cars car in two months.next month.Why ?You said thata year ago.ter.I totally bombed it.I was the best choice,but why didn’t peopleknow that?worry.149 carsonth.I bombed it again.Hawkins, we don’t needyour service anymore.Go pack your things…Why ?ng."
會考英語,115,24,24,指出細節,D,A1,T5,E1,手冊能回答的是開放時間；票價、交通都沒寫,Which question can the brochure answer? (A) Can I order tickets online? (B) How much are the tickets? (C) How can I get to the Marigolds’ Home? (D) When can I visit the Marigolds’ Home?,"(24-26)This is a brochure for the Marigolds’ Home.The Marigolds’ HomeOpening times:March to October10:00-17:00November to February10:00-16:00Closed on MondaysTo make sure you enjoy your visit to The Marigolds’ Home, we’d like to ask you to followthe rules below: 1. Pets are not allowed in any areas of the Marigolds’ Home. 2. Eating and drinking are not allowed inside the buildings, except in the café. 3. Picture-taking is not allowed inside Sir Archie’s House. 4. Please take off your shoes before entering the Rabbit’s Temple.Become a member and save 10% on tickets and 30% on all items in the gift shops.To join, visit www.themarigoldshome.com. brochure 宣傳手冊 brochure 宣傳手冊The Marigolds’ HomeOpening times:March to October10:00-17:00November to February10:00-16:00Closed on Mondays brochure 宣傳手冊"
會考英語,115,25,24,推敲文意,D,B4,T3,E8,規則對照地圖：寵物不能進入任何區域,What breaks the rules for visitors to the Marigolds’ Home? (A) Eating burgers in the Rose Garden. (B) Taking pictures in the Main House. (C) Entering the Rabbit’s Temple without shoes. (D) Taking pet dogs for a walk on the playground.,"(24-26)This is a brochure for the Marigolds’ Home.The Marigolds’ HomeOpening times:March to October10:00-17:00November to February10:00-16:00Closed on MondaysTo make sure you enjoy your visit to The Marigolds’ Home, we’d like to ask you to followthe rules below: 1. Pets are not allowed in any areas of the Marigolds’ Home. 2. Eating and drinking are not allowed inside the buildings, except in the café. 3. Picture-taking is not allowed inside Sir Archie’s House. 4. Please take off your shoes before entering the Rabbit’s Temple.Become a member and save 10% on tickets and 30% on all items in the gift shops.To join, visit www.themarigoldshome.com. brochure 宣傳手冊 brochure 宣傳手冊The Marigolds’ HomeOpening times:March to October10:00-17:00November to February10:00-16:00Closed on Mondays brochure 宣傳手冊"
會考英語,115,26,24,推敲文意,C,B4,T3,E8,地圖路線：依左右方向一步一步走,"After shopping at the gift shop of the Main House, Lizzy walks out and sees the FamilyLibrary in front of her. She wants to visit the Rose Garden. How can she get there? (A) Turn left and walk past the Main House, then go straight and turn right at the corner. (B) Turn left and walk past Sir Archie’s House, then turn right and walk past the MainHouse. (C) Turn right and go straight to the Farmyard, then turn right and go straight, then turn leftat the corner. (D) Turn right and walk through the Butterfly Garden, then walk past the Rabbit’s Templeand the café.","(24-26)This is a brochure for the Marigolds’ Home.The Marigolds’ HomeOpening times:March to October10:00-17:00November to February10:00-16:00Closed on MondaysTo make sure you enjoy your visit to The Marigolds’ Home, we’d like to ask you to followthe rules below: 1. Pets are not allowed in any areas of the Marigolds’ Home. 2. Eating and drinking are not allowed inside the buildings, except in the café. 3. Picture-taking is not allowed inside Sir Archie’s House. 4. Please take off your shoes before entering the Rabbit’s Temple.Become a member and save 10% on tickets and 30% on all items in the gift shops.To join, visit www.themarigoldshome.com. brochure 宣傳手冊 brochure 宣傳手冊The Marigolds’ HomeOpening times:March to October10:00-17:00November to February10:00-16:00Closed on Mondays brochure 宣傳手冊"
會考英語,115,27,27,擷取大意,D,B3,T3,E2,被稱為夜鶯女士，是因為和夜鶯一起演奏而出名,Why was Beatrice Harrison called the Nightingale Lady? (A) She wrote songs about nightingales. (B) She sang as beautifully as a nightingale did. (C) She taught nightingales to sing in a radio show. (D) She was famous for playing music with nightingales.,"(27-28)One summer evening when English cello player BeatriceHarrison was practicing in her garden, she was joined by avisitor she did not expect.The visitor was a nightingale. The small brown bird sangtogether with Harrison’s cello music, and the birdsongsounded like the piece she was playing. For the next fewevenings, her visitor kept coming back, sometimes withseveral of its friends. Harrison decided that more peopleshould hear the little singers. Photo: Ms. Harrison with the celloSo, on May 19, 1924, Harrison worked with the BBC, the UK’s national TV and radiostation, and played in her garden. At first, the artist was playing alone. Fifteen minutesbefore the end of her playing, the nightingales began to sing with the cello.The nightingale show was popular with radio listeners. It was repeated the next week, andfor the next twelve years Harrison played on the radio with her garden friends. During thistime, she got 50,000 fan letters. People called her “the Nightingale Lady.”h i i h h llPhoto: Ms. Harrison with the cello"
會考英語,115,28,27,篇章連貫,C,B1,T3,E4,指涉：the artist 指 Harrison 本人，不是夜鶯,Which is NOT used in the reading to mean the nightingale(s) ? (A) Her visitor. (B) The little singers. (C) The artist. (D) Her garden friends.,"(27-28)One summer evening when English cello player BeatriceHarrison was practicing in her garden, she was joined by avisitor she did not expect.The visitor was a nightingale. The small brown bird sangtogether with Harrison’s cello music, and the birdsongsounded like the piece she was playing. For the next fewevenings, her visitor kept coming back, sometimes withseveral of its friends. Harrison decided that more peopleshould hear the little singers. Photo: Ms. Harrison with the celloSo, on May 19, 1924, Harrison worked with the BBC, the UK’s national TV and radiostation, and played in her garden. At first, the artist was playing alone. Fifteen minutesbefore the end of her playing, the nightingales began to sing with the cello.The nightingale show was popular with radio listeners. It was repeated the next week, andfor the next twelve years Harrison played on the radio with her garden friends. During thistime, she got 50,000 fan letters. People called her “the Nightingale Lady.”h i i h h llPhoto: Ms. Harrison with the cello"
會考英語,115,29,29,作者目的與態度,A,C1,T1,E6,由開頭「以沉重的心道別」可知是悼念文章,Why does Alex Jackson write about Rose Lacey? (A) Because she died. (B) Because she is very sick. (C) Because she is moving away. (D) Because she is leaving for another job.,"(29-31)With heavy hearts, we are here to say goodbye to Rose Lacey, a wonderfulwriter who will be sadly missed.Rose and I first met in 2010. I was at a party to pick up my wife when I heardRose explaining to her and her friends why Get Across was a great movie. Herideas were so interesting that I invited her to write some articles about moviesfor Action! US. Rose was very excited and agreed right away.Over the next ten years, Rose wrote more than 150 articles. Rose couldalways bring out something new from movies that we thought we knew so well.People often told me that Rose never failed to surprise them. Her articles oftenmade them think whether they actually saw the same movie, but if they wentto see it again, they experienced the movie in a whole new way.In her short life of 40 years, Rose has made her mark on the world of movieswith her articles for Action! US. We are lucky to have had her in our lives. Shewas a very special person.Alex JacksonHead of Action! US article 文章 article 文章 article 文章"
會考英語,115,30,29,指出細節,A,A1,T5,E1,兩人是在派對上認識的,How did Rose Lacey and Alex Jackson get to know each other? (A) They met at a party. (B) They were relatives. (C) They worked in the same office. (D) They took a course on movies together. (B) They were relatives. ( ) y (D) They took a course on movies together.,"(29-31)With heavy hearts, we are here to say goodbye to Rose Lacey, a wonderfulwriter who will be sadly missed.Rose and I first met in 2010. I was at a party to pick up my wife when I heardRose explaining to her and her friends why Get Across was a great movie. Herideas were so interesting that I invited her to write some articles about moviesfor Action! US. Rose was very excited and agreed right away.Over the next ten years, Rose wrote more than 150 articles. Rose couldalways bring out something new from movies that we thought we knew so well.People often told me that Rose never failed to surprise them. Her articles oftenmade them think whether they actually saw the same movie, but if they wentto see it again, they experienced the movie in a whole new way.In her short life of 40 years, Rose has made her mark on the world of movieswith her articles for Action! US. We are lucky to have had her in our lives. Shewas a very special person.Alex JacksonHead of Action! US article 文章 article 文章 article 文章"
會考英語,115,31,29,推敲文意,B,B2,T1,E5,她的文章總能從新的角度看電影,What is special about Rose Lacey’s articles? (A) They are important to movie makers. (B) They talk about movies from a fresh angle. (C) They give interesting information about actors. (D) They are good examples of how to write stories.,"(29-31)With heavy hearts, we are here to say goodbye to Rose Lacey, a wonderfulwriter who will be sadly missed.Rose and I first met in 2010. I was at a party to pick up my wife when I heardRose explaining to her and her friends why Get Across was a great movie. Herideas were so interesting that I invited her to write some articles about moviesfor Action! US. Rose was very excited and agreed right away.Over the next ten years, Rose wrote more than 150 articles. Rose couldalways bring out something new from movies that we thought we knew so well.People often told me that Rose never failed to surprise them. Her articles oftenmade them think whether they actually saw the same movie, but if they wentto see it again, they experienced the movie in a whole new way.In her short life of 40 years, Rose has made her mark on the world of movieswith her articles for Action! US. We are lucky to have had her in our lives. Shewas a very special person.Alex JacksonHead of Action! US article 文章 article 文章 article 文章"
會考英語,115,32,32,推敲文意,D,B3,T4,E2,標題：丟進海裡的瓶子變成海玻璃，再用在藝術品上,Why does the title say “Glass Bottles’ Second Life” ?  title 標題 (A) People collect sea glass and use it to make new glass bottles. (B) People collect sea glass at the beach and use it to make wishes. (C) Glass bottles that are thrown into the sea become the homes of sea animals. (D) Glass bottles that are thrown into the sea become sea glass which is used in art pieces. title 標題 title 標題,"(32-34)SEA GLASS: GLASS BOTTLES’ SECOND LIFESea glass is made from the magic of the sea. It usually comes from glass bottlesthat are thrown into the water. Each piece of sea glass looks different, and seaglass is often seen on art pieces. The pictures below explain how sea glass isborn.Glass bottles are thrown as garbage1 into the sea.When these bottles ride the waves ofthe sea, they hit each other or other2 garbage in the sea and break intosmall pieces of glass.Pieces of glass are pushed by sea waterand move along the sea floor. The3 sharp pieces slowly become rounderand rounder.After tens or hundreds of years in thesea, the pieces of glass grow an ice-like4 white color on the outside and becomesea glass.Sea glass is finally pushed up to the5 beach.Artists collect pieces of sea glass and6 put them into their works.However, people now seldom use glass to make bottles and bowls—paper bowlsand cups have become more popular these days. This means there are fewerglass items in the sea, so less and less sea glass will be found in the future.Glass bottles are thrown as garbagei hGlass bottlesinto the sea.When these bottles ride the waves ofh h hi h h hWhen these bottles ride the waves ofthe sea, they hit each other or otherb i h d b k ithe sea, they hit each other or othergarbage in the sea and break intoll i f lgarbage in the sea asmall pieces of glass.Pieces of glass are pushed by sea waterd l h fl ThPieces of glass are pushed by sea waterand move along the sea floor. Theh i l l b dand move along the sea floor. Thesharp pieces slowly become rounderd dsharp piecesand rounder.After tens or hundreds of years in theh i f l i likAfter tens or hundreds of years in thesea, the pieces of glass grow an ice-likehi l h id d bsea, the pieces of glass grow an ice-likewhite color on the outside and becomelwhite colosea glass.Sea glass is finally pushed up to theb hSea glasbeach.Artists collect pieces of sea glass andh i h i kArtists collect pieces of seaput them into their works."
會考英語,115,33,32,指出細節,C,A1,T6,E1,形成順序：多年後外層才變白,"According to the reading, how is sea glass made? (A) Sea glass becomes rounder after it is pushed up to the beach. (B) Colder sea water helps pieces of glass become sea glass faster. (C) Pieces of glass become white on the outside after many years in the sea. (D) Glass bottles break into pieces when they are dug out from the sea floor.","(32-34)SEA GLASS: GLASS BOTTLES’ SECOND LIFESea glass is made from the magic of the sea. It usually comes from glass bottlesthat are thrown into the water. Each piece of sea glass looks different, and seaglass is often seen on art pieces. The pictures below explain how sea glass isborn.Glass bottles are thrown as garbage1 into the sea.When these bottles ride the waves ofthe sea, they hit each other or other2 garbage in the sea and break intosmall pieces of glass.Pieces of glass are pushed by sea waterand move along the sea floor. The3 sharp pieces slowly become rounderand rounder.After tens or hundreds of years in thesea, the pieces of glass grow an ice-like4 white color on the outside and becomesea glass.Sea glass is finally pushed up to the5 beach.Artists collect pieces of sea glass and6 put them into their works.However, people now seldom use glass to make bottles and bowls—paper bowlsand cups have become more popular these days. This means there are fewerglass items in the sea, so less and less sea glass will be found in the future.Glass bottles are thrown as garbagei hGlass bottlesinto the sea.When these bottles ride the waves ofh h hi h h hWhen these bottles ride the waves ofthe sea, they hit each other or otherb i h d b k ithe sea, they hit each other or othergarbage in the sea and break intoll i f lgarbage in the sea asmall pieces of glass.Pieces of glass are pushed by sea waterd l h fl ThPieces of glass are pushed by sea waterand move along the sea floor. Theh i l l b dand move along the sea floor. Thesharp pieces slowly become rounderd dsharp piecesand rounder.After tens or hundreds of years in theh i f l i likAfter tens or hundreds of years in thesea, the pieces of glass grow an ice-likehi l h id d bsea, the pieces of glass grow an ice-likewhite color on the outside and becomelwhite colosea glass.Sea glass is finally pushed up to theb hSea glasbeach.Artists collect pieces of sea glass andh i h i kArtists collect pieces of seaput them into their works."
會考英語,115,34,32,指出細節,A,A1,T6,E1,將來變少，是因為玻璃製品變少了,"According to the reading, why will less sea glass be found in the future? (A) People do not make as many glass items as before. (B) People have learned not to throw garbage into the sea. (C) Artists are using too much sea glass in their art pieces. (D) Waves are not big enough to push sea glass up to the beach.","(32-34)SEA GLASS: GLASS BOTTLES’ SECOND LIFESea glass is made from the magic of the sea. It usually comes from glass bottlesthat are thrown into the water. Each piece of sea glass looks different, and seaglass is often seen on art pieces. The pictures below explain how sea glass isborn.Glass bottles are thrown as garbage1 into the sea.When these bottles ride the waves ofthe sea, they hit each other or other2 garbage in the sea and break intosmall pieces of glass.Pieces of glass are pushed by sea waterand move along the sea floor. The3 sharp pieces slowly become rounderand rounder.After tens or hundreds of years in thesea, the pieces of glass grow an ice-like4 white color on the outside and becomesea glass.Sea glass is finally pushed up to the5 beach.Artists collect pieces of sea glass and6 put them into their works.However, people now seldom use glass to make bottles and bowls—paper bowlsand cups have become more popular these days. This means there are fewerglass items in the sea, so less and less sea glass will be found in the future.Glass bottles are thrown as garbagei hGlass bottlesinto the sea.When these bottles ride the waves ofh h hi h h hWhen these bottles ride the waves ofthe sea, they hit each other or otherb i h d b k ithe sea, they hit each other or othergarbage in the sea and break intoll i f lgarbage in the sea asmall pieces of glass.Pieces of glass are pushed by sea waterd l h fl ThPieces of glass are pushed by sea waterand move along the sea floor. Theh i l l b dand move along the sea floor. Thesharp pieces slowly become rounderd dsharp piecesand rounder.After tens or hundreds of years in theh i f l i likAfter tens or hundreds of years in thesea, the pieces of glass grow an ice-likehi l h id d bsea, the pieces of glass grow an ice-likewhite color on the outside and becomelwhite colosea glass.Sea glass is finally pushed up to theb hSea glasbeach.Artists collect pieces of sea glass andh i h i kArtists collect pieces of seaput them into their works."
會考英語,115,35,35,猜測字義,A,A2,T5,E3,prevalence 指非常普遍,What does the prevalence of English mean? (A) That English is very common. (B) That English is not welcomed. (C) That English is easy and simple. (D) That English is not a national language.,"(35-39)The Future of Icelandic Scandinavian News by Anna AdamsIcelandic is a language that is spoken only in Iceland.It has a long history. But many Icelanders are worried thatthey’re losing Icelandic.The reason for their worry is the prevalence of Englishin Iceland. “I use English when I talk to my houseworkrobot, use my phone, and watch movies,” said HelgiAtlason, an engineer. There is a reason for that. Mostof these products use English, and few companies care to change the language intoIcelandic because there are only a small number of Icelandic speakers (314,000 people).Actually, you see English everywhere in Iceland.Icelanders also speak and hear more English than Icelandic these days because manyforeigners who come to live and work in Iceland speak only English. “We can’t useIcelandic abroad, and we’re not using it much in Iceland, either. How do you expect ourkids will want to learn it?” said Eirikur Wilson, a teacher.Will Iceland one day give up Icelandic for English? It may happen soon.Our Future with Icelandic Scandinavian News by Gunnar EggertssonMany people think Icelandic is a language in itssickbed and that it needs to be saved. I understand theirworries, but does the future of our language really lookthat bad?According to Dr. David Clingingsmith, a languageneeds at least 35,000 speakers to be “safe” from becominga dying language. There are now 314,000 Icelandicspeakers. Also, every year Iceland spends 51.3 million Icelandic crowns (3.7 millionUS dollars) teaching Icelandic to machines: phones, computers, and robots. Icelandicis appearing more often in products. Most importantly, schools still teach Icelandic tochildren. Clearly, we are not giving up our first language.However, I’m not saying that Iceland has done enough for Icelandic. Our countrycan do a better job at getting more people to speak this beautiful language. One way todo so is to give more language courses to foreigners. With much more work, I’m sureIcelandic can grow and even reach farther into the world. Icelander 冰島人 product 商品 Icelander 冰島人 product 商品 Icelander 冰島人 product 商品Scandinavian Newsby Anna AdamsScandinavian Nby Anna AdamsScandinavian Newsby Gunnar EggertssonScandinavian Newsby Gunnar Eggertsson"
會考英語,115,36,35,作者目的與態度,B,C1,T3,E6,Adams 引用工程師與老師的經驗來說服讀者,"In the first reading, which is one of the ways that Anna Adams uses to make readers believein her ideas? (A) Sharing her own life stories. (B) Borrowing from people’s experience. (C) Using examples from another language. (D) Showing information from news reports.","(35-39)The Future of Icelandic Scandinavian News by Anna AdamsIcelandic is a language that is spoken only in Iceland.It has a long history. But many Icelanders are worried thatthey’re losing Icelandic.The reason for their worry is the prevalence of Englishin Iceland. “I use English when I talk to my houseworkrobot, use my phone, and watch movies,” said HelgiAtlason, an engineer. There is a reason for that. Mostof these products use English, and few companies care to change the language intoIcelandic because there are only a small number of Icelandic speakers (314,000 people).Actually, you see English everywhere in Iceland.Icelanders also speak and hear more English than Icelandic these days because manyforeigners who come to live and work in Iceland speak only English. “We can’t useIcelandic abroad, and we’re not using it much in Iceland, either. How do you expect ourkids will want to learn it?” said Eirikur Wilson, a teacher.Will Iceland one day give up Icelandic for English? It may happen soon.Our Future with Icelandic Scandinavian News by Gunnar EggertssonMany people think Icelandic is a language in itssickbed and that it needs to be saved. I understand theirworries, but does the future of our language really lookthat bad?According to Dr. David Clingingsmith, a languageneeds at least 35,000 speakers to be “safe” from becominga dying language. There are now 314,000 Icelandicspeakers. Also, every year Iceland spends 51.3 million Icelandic crowns (3.7 millionUS dollars) teaching Icelandic to machines: phones, computers, and robots. Icelandicis appearing more often in products. Most importantly, schools still teach Icelandic tochildren. Clearly, we are not giving up our first language.However, I’m not saying that Iceland has done enough for Icelandic. Our countrycan do a better job at getting more people to speak this beautiful language. One way todo so is to give more language courses to foreigners. With much more work, I’m sureIcelandic can grow and even reach farther into the world. Icelander 冰島人 product 商品 Icelander 冰島人 product 商品 Icelander 冰島人 product 商品Scandinavian Newsby Anna AdamsScandinavian Nby Anna AdamsScandinavian Newsby Gunnar EggertssonScandinavian Newsby Gunnar Eggertsson"
會考英語,115,37,35,指出細節,B,A1,T1,E1,「a dying language」在第二篇出現，但不是用來形容冰島語,Which words in the second reading are NOT used to describe Icelandic? (A) A language in its sickbed. describe 形容 (B) A dying language. (C) Our first language. (D) This beautiful language. describe 形容 describe 形容,"(35-39)The Future of Icelandic Scandinavian News by Anna AdamsIcelandic is a language that is spoken only in Iceland.It has a long history. But many Icelanders are worried thatthey’re losing Icelandic.The reason for their worry is the prevalence of Englishin Iceland. “I use English when I talk to my houseworkrobot, use my phone, and watch movies,” said HelgiAtlason, an engineer. There is a reason for that. Mostof these products use English, and few companies care to change the language intoIcelandic because there are only a small number of Icelandic speakers (314,000 people).Actually, you see English everywhere in Iceland.Icelanders also speak and hear more English than Icelandic these days because manyforeigners who come to live and work in Iceland speak only English. “We can’t useIcelandic abroad, and we’re not using it much in Iceland, either. How do you expect ourkids will want to learn it?” said Eirikur Wilson, a teacher.Will Iceland one day give up Icelandic for English? It may happen soon.Our Future with Icelandic Scandinavian News by Gunnar EggertssonMany people think Icelandic is a language in itssickbed and that it needs to be saved. I understand theirworries, but does the future of our language really lookthat bad?According to Dr. David Clingingsmith, a languageneeds at least 35,000 speakers to be “safe” from becominga dying language. There are now 314,000 Icelandicspeakers. Also, every year Iceland spends 51.3 million Icelandic crowns (3.7 millionUS dollars) teaching Icelandic to machines: phones, computers, and robots. Icelandicis appearing more often in products. Most importantly, schools still teach Icelandic tochildren. Clearly, we are not giving up our first language.However, I’m not saying that Iceland has done enough for Icelandic. Our countrycan do a better job at getting more people to speak this beautiful language. One way todo so is to give more language courses to foreigners. With much more work, I’m sureIcelandic can grow and even reach farther into the world. Icelander 冰島人 product 商品 Icelander 冰島人 product 商品 Icelander 冰島人 product 商品Scandinavian Newsby Anna AdamsScandinavian Nby Anna AdamsScandinavian Newsby Gunnar EggertssonScandinavian Newsby Gunnar Eggertsson"
會考英語,115,38,35,作者目的與態度,C,C2,T3,E6,兩篇立場不同：Adams 擔心，Eggertsson 不那麼擔心,"Are Anna Adams and Gunnar Eggertsson worried about the future of Icelandic? (A) No, they are not. (B) Yes, they both are. (C) Adams is, but Eggertsson is not. (D) Adams is not, but Eggertsson is.","(35-39)The Future of Icelandic Scandinavian News by Anna AdamsIcelandic is a language that is spoken only in Iceland.It has a long history. But many Icelanders are worried thatthey’re losing Icelandic.The reason for their worry is the prevalence of Englishin Iceland. “I use English when I talk to my houseworkrobot, use my phone, and watch movies,” said HelgiAtlason, an engineer. There is a reason for that. Mostof these products use English, and few companies care to change the language intoIcelandic because there are only a small number of Icelandic speakers (314,000 people).Actually, you see English everywhere in Iceland.Icelanders also speak and hear more English than Icelandic these days because manyforeigners who come to live and work in Iceland speak only English. “We can’t useIcelandic abroad, and we’re not using it much in Iceland, either. How do you expect ourkids will want to learn it?” said Eirikur Wilson, a teacher.Will Iceland one day give up Icelandic for English? It may happen soon.Our Future with Icelandic Scandinavian News by Gunnar EggertssonMany people think Icelandic is a language in itssickbed and that it needs to be saved. I understand theirworries, but does the future of our language really lookthat bad?According to Dr. David Clingingsmith, a languageneeds at least 35,000 speakers to be “safe” from becominga dying language. There are now 314,000 Icelandicspeakers. Also, every year Iceland spends 51.3 million Icelandic crowns (3.7 millionUS dollars) teaching Icelandic to machines: phones, computers, and robots. Icelandicis appearing more often in products. Most importantly, schools still teach Icelandic tochildren. Clearly, we are not giving up our first language.However, I’m not saying that Iceland has done enough for Icelandic. Our countrycan do a better job at getting more people to speak this beautiful language. One way todo so is to give more language courses to foreigners. With much more work, I’m sureIcelandic can grow and even reach farther into the world. Icelander 冰島人 product 商品 Icelander 冰島人 product 商品 Icelander 冰島人 product 商品Scandinavian Newsby Anna AdamsScandinavian Nby Anna AdamsScandinavian Newsby Gunnar EggertssonScandinavian Newsby Gunnar Eggertsson"
會考英語,115,39,35,比較與整合,B,B4,T3,E8,兩篇都談到說冰島語的人數夠不夠多,Which idea do Anna Adams and Gunnar Eggertsson both talk about in the readings? (A) Whether Icelanders speak better English than Icelandic. (B) Whether the number of Icelandic speakers is big enough. (C) Whether school subjects should be taught only in Icelandic. (D) Whether Iceland should allow more foreigners to work in Iceland.,"(35-39)The Future of Icelandic Scandinavian News by Anna AdamsIcelandic is a language that is spoken only in Iceland.It has a long history. But many Icelanders are worried thatthey’re losing Icelandic.The reason for their worry is the prevalence of Englishin Iceland. “I use English when I talk to my houseworkrobot, use my phone, and watch movies,” said HelgiAtlason, an engineer. There is a reason for that. Mostof these products use English, and few companies care to change the language intoIcelandic because there are only a small number of Icelandic speakers (314,000 people).Actually, you see English everywhere in Iceland.Icelanders also speak and hear more English than Icelandic these days because manyforeigners who come to live and work in Iceland speak only English. “We can’t useIcelandic abroad, and we’re not using it much in Iceland, either. How do you expect ourkids will want to learn it?” said Eirikur Wilson, a teacher.Will Iceland one day give up Icelandic for English? It may happen soon.Our Future with Icelandic Scandinavian News by Gunnar EggertssonMany people think Icelandic is a language in itssickbed and that it needs to be saved. I understand theirworries, but does the future of our language really lookthat bad?According to Dr. David Clingingsmith, a languageneeds at least 35,000 speakers to be “safe” from becominga dying language. There are now 314,000 Icelandicspeakers. Also, every year Iceland spends 51.3 million Icelandic crowns (3.7 millionUS dollars) teaching Icelandic to machines: phones, computers, and robots. Icelandicis appearing more often in products. Most importantly, schools still teach Icelandic tochildren. Clearly, we are not giving up our first language.However, I’m not saying that Iceland has done enough for Icelandic. Our countrycan do a better job at getting more people to speak this beautiful language. One way todo so is to give more language courses to foreigners. With much more work, I’m sureIcelandic can grow and even reach farther into the world. Icelander 冰島人 product 商品 Icelander 冰島人 product 商品 Icelander 冰島人 product 商品Scandinavian Newsby Anna AdamsScandinavian Nby Anna AdamsScandinavian Newsby Gunnar EggertssonScandinavian Newsby Gunnar Eggertsson"
會考英語,115,40,40,克漏字,B,B5,T5,E7,國王要從孩子中挑出下一任國王,(A) give you a piece of good land (B) choose a person to be the next king (C) put the beautiful ones in my castle (D) decide who will work in my garden,"(40-43)A long time ago, there was an old king who had no child of his own. The king was worried that his land would fall into the wrong hands after his death, so he decided to pick a child in his land to take the high seat. One day, he called all the children to his castle and gave each of them a seed. “Come back on New Year’s Day and show me what you have grown,” he said to them, “and I will 40 .” Every child brought their seeds home carefully. One of the children, Wong, planted his seed in a pot. He gave it water every day and made sure there was sun to help it grow. 41 . Then, Sung, the child of the richest family in the land, told people that a small plant was growing from his seed. He was 42 . Everyone excitedly said that he would be king. Soon, one after another, more and more children were also saying that they had something in their pots. But Wong still didn’t find anything in his. On the big day, when Wong brought his pot to the castle, he saw all the other children carrying interesting plants. Some had flowers in the shape of a bird, and some had grasses of different colors. Everyone proudly showed their plants to the king, but the king looked unhappy until he saw Wong’s pot. “I boiled the seeds before I gave them out, so no plants could grow from them.” The king looked seriously at the children. “There is only one child who is 43 enough to be king.” Ten years later, the king died. On his deathbed, he was not worried because he knew Wong would be a good king."
會考英語,115,41,40,克漏字,B,B5,T6,E7,後文說 Wong 的盆子裡一直什麼都沒長,(A) But he lost his pot a few weeks later (B) Months passed but nothing grew from it (C) But soon the plant that grew from it died (D) The seed grew into a big tree in a short time,"(40-43)A long time ago, there was an old king who had no child of his own. The king was worried that his land would fall into the wrong hands after his death, so he decided to pick a child in his land to take the high seat. One day, he called all the children to his castle and gave each of them a seed. “Come back on New Year’s Day and show me what you have grown,” he said to them, “and I will 40 .” Every child brought their seeds home carefully. One of the children, Wong, planted his seed in a pot. He gave it water every day and made sure there was sun to help it grow. 41 . Then, Sung, the child of the richest family in the land, told people that a small plant was growing from his seed. He was 42 . Everyone excitedly said that he would be king. Soon, one after another, more and more children were also saying that they had something in their pots. But Wong still didn’t find anything in his. On the big day, when Wong brought his pot to the castle, he saw all the other children carrying interesting plants. Some had flowers in the shape of a bird, and some had grasses of different colors. Everyone proudly showed their plants to the king, but the king looked unhappy until he saw Wong’s pot. “I boiled the seeds before I gave them out, so no plants could grow from them.” The king looked seriously at the children. “There is only one child who is 43 enough to be king.” Ten years later, the king died. On his deathbed, he was not worried because he knew Wong would be a good king."
會考英語,115,42,40,克漏字,B,B5,T6,E7,他是第一個宣布長出芽的人,(A) the last one to give up (B) the first one to share good news (C) the first one to bring his pot to the king (D) the only one to take good care of his plant,"(40-43)A long time ago, there was an old king who had no child of his own. The king was worried that his land would fall into the wrong hands after his death, so he decided to pick a child in his land to take the high seat. One day, he called all the children to his castle and gave each of them a seed. “Come back on New Year’s Day and show me what you have grown,” he said to them, “and I will 40 .” Every child brought their seeds home carefully. One of the children, Wong, planted his seed in a pot. He gave it water every day and made sure there was sun to help it grow. 41 . Then, Sung, the child of the richest family in the land, told people that a small plant was growing from his seed. He was 42 . Everyone excitedly said that he would be king. Soon, one after another, more and more children were also saying that they had something in their pots. But Wong still didn’t find anything in his. On the big day, when Wong brought his pot to the castle, he saw all the other children carrying interesting plants. Some had flowers in the shape of a bird, and some had grasses of different colors. Everyone proudly showed their plants to the king, but the king looked unhappy until he saw Wong’s pot. “I boiled the seeds before I gave them out, so no plants could grow from them.” The king looked seriously at the children. “There is only one child who is 43 enough to be king.” Ten years later, the king died. On his deathbed, he was not worried because he knew Wong would be a good king."
會考英語,115,43,40,克漏字,C,B3,T5,E2,種子已煮過不會發芽，只有誠實的孩子才能當國王,(A) wise (B) strong (C) honest (D) popular,"(40-43)A long time ago, there was an old king who had no child of his own. The king was worried that his land would fall into the wrong hands after his death, so he decided to pick a child in his land to take the high seat. One day, he called all the children to his castle and gave each of them a seed. “Come back on New Year’s Day and show me what you have grown,” he said to them, “and I will 40 .” Every child brought their seeds home carefully. One of the children, Wong, planted his seed in a pot. He gave it water every day and made sure there was sun to help it grow. 41 . Then, Sung, the child of the richest family in the land, told people that a small plant was growing from his seed. He was 42 . Everyone excitedly said that he would be king. Soon, one after another, more and more children were also saying that they had something in their pots. But Wong still didn’t find anything in his. On the big day, when Wong brought his pot to the castle, he saw all the other children carrying interesting plants. Some had flowers in the shape of a bird, and some had grasses of different colors. Everyone proudly showed their plants to the king, but the king looked unhappy until he saw Wong’s pot. “I boiled the seeds before I gave them out, so no plants could grow from them.” The king looked seriously at the children. “There is only one child who is 43 enough to be king.” Ten years later, the king died. On his deathbed, he was not worried because he knew Wong would be a good king."
學測英文,107,1,,詞彙：seasonal,C,K1,T7,E10,seasonal：「七月最甜」表示有產季,Mangoes are a _____ fruit here in Taiwan; most of them reach their peak of sweetness in July. (A) mature (B) usual (C) seasonal (D) particular,
學測英文,107,2,,詞彙：requirements,A,K1,T7,E10,course requirements：寫報告、口頭報告是課程「要求」,Writing term papers and giving oral reports are typical course _____ for college students. (A) requirements (B) techniques (C) situations (D) principles,
學測英文,107,3,,詞彙：fulfill,B,K1,T7,E10,fulfill our dreams：實現夢想,"If we work hard to _____ our dreams when we are young, we will not feel that we missed out on something when we get old. (A) distribute (B) fulfill (C) convince (D) monitor",
學測英文,107,4,,詞彙：hollow,C,K1,T1,E10,hollow promises：從不兌現的空洞承諾,Few people will trust you if you continue making _____ promises and never make efforts to keep them. (A) chilly (B) liberal (C) hollow (D) definite,
學測英文,107,5,,詞彙：twisted,C,K1,T7,E10,twisted her ankle：扭傷腳踝,Becky _____ her ankle while she was playing tennis last week. Now it still hurts badly. (A) slipped (B) dumped (C) twisted (D) recovered,
學測英文,107,6,,詞彙：beliefs,B,K1,T7,E10,beliefs：對婚姻意義有不同的「看法」,"Research shows that men and women usually think differently. For example, they have quite different _____ about what marriage means in their life. (A) decisions (B) beliefs (C) styles (D) degrees",
學測英文,107,7,,詞彙：demanding,D,K1,T7,E10,期限變短，新主管「要求很高」demanding,"The new manager is very _____. For instance, the employees are given much shorter deadlines for the same tasks than before. (A) persuasive (B) tolerable (C) suspicious (D) demanding",
學測英文,107,8,,詞彙：anxiously,A,K1,T7,E10,找失蹤的孩子，心情「焦急」anxiously,"While the couple were looking _____ for their missing children, the kids were actually having fun in the woods nearby. (A) anxiously (B) precisely (C) evidently (D) distinctly",
學測英文,107,9,,詞彙：surrounded,D,K1,T7,E10,演講後被粉絲「包圍」surrounded,"After delivering a very powerful speech, the award winner was _____ by a group of fans asking for her signature. (A) deposited (B) reserved (C) vanished (D) surrounded",
學測英文,107,10,,詞彙：impress,B,K1,T7,E10,impress A that…：讓面試官覺得自己能幹,The interviewees were trying very hard to _____ the interviewers that they were very capable and should be given the job. (A) credit (B) impress (C) relieve (D) acquire,
學測英文,107,11,,詞彙：blanket,C,K1,T1,E10,a blanket of snow：一層厚厚的雪,"After the first snow of the year, the entire grassland disappeared under a _____ of snow. (A) flake (B) blossom (C) blanket (D) flash",
學測英文,107,12,,詞彙：margins,B,K1,T7,E10,margins：頁邊留白，才有空間寫筆記,"Peter likes books with wide _____, which provide him with enough space to write notes. (A) angles (B) margins (C) exceptions (D) limitations",
學測英文,107,13,,詞彙：penalty,D,K1,T7,E10,penalty：遲交作業的懲罰,"At the beginning of the semester, the teacher told the students that late assignments would receive a low grade as a _____. (A) hardship (B) comment (C) bargain (D) penalty",
學測英文,107,14,,詞彙：conducted,A,K1,T7,E10,conduct studies：進行研究,Various studies have been _____ in this hospital to explore the link between a high-fat diet and cancer. (A) conducted (B) confirmed (C) implied (D) improved,
學測英文,107,15,,詞彙：massive,C,K1,T7,E10,奪走三十條人命的「巨大」火災 massive,"Intense, fast-moving fires raged across much of California last week. The _____ firestorm has claimed the lives of thirty people. (A) efficient (B) reliable (C) massive (D) adequate",
學測英文,107,16,16,綜合測驗：less,B,B5,T6,E7,However 翻轉前句：創造力「不是」少數天才的標誌，less… than,(A) more (B) less (C) better (D) worse,"第16 至20 題為題組 It has long been assumed that creativity is some unusual trait enjoyed by the few. However, according to a wide array of scientific and sociological research, creativity is 16 a sign of rare genius than a natural human potential. Thus, it can be nurtured and encouraged. It is believed that taking breaks from a problem can help 17 a moment of insight or stimulate new ideas. Unconventional solutions can also be explored. That is why some of the most successful companies in the world, such as 3M and Google, encourage their employees to 18 all sorts of relaxing activities, such as playing pinball and wandering about the campus. During such breaks, the mind turns inward, 19 it can subconsciously puzzle over subtle meanings and connections. Another way to increase creativity is to take risks. This is because many breakthroughs come up when people venture 20 their usual routines or areas of expertise. This can be done by, for example, learning new skills or traveling to new countries."
學測英文,107,17,16,綜合測驗：spark,A,K1,T7,E11,spark a moment of insight：激發靈感,(A) spark (B) carve (C) drill (D) grind,"第16 至20 題為題組 It has long been assumed that creativity is some unusual trait enjoyed by the few. However, according to a wide array of scientific and sociological research, creativity is 16 a sign of rare genius than a natural human potential. Thus, it can be nurtured and encouraged. It is believed that taking breaks from a problem can help 17 a moment of insight or stimulate new ideas. Unconventional solutions can also be explored. That is why some of the most successful companies in the world, such as 3M and Google, encourage their employees to 18 all sorts of relaxing activities, such as playing pinball and wandering about the campus. During such breaks, the mind turns inward, 19 it can subconsciously puzzle over subtle meanings and connections. Another way to increase creativity is to take risks. This is because many breakthroughs come up when people venture 20 their usual routines or areas of expertise. This can be done by, for example, learning new skills or traveling to new countries."
學測英文,107,18,16,綜合測驗：take part in,C,K1,T7,E11,take part in activities：參加各種放鬆活動,(A) refer to (B) answer for (C) take part in (D) put up with,"第16 至20 題為題組 It has long been assumed that creativity is some unusual trait enjoyed by the few. However, according to a wide array of scientific and sociological research, creativity is 16 a sign of rare genius than a natural human potential. Thus, it can be nurtured and encouraged. It is believed that taking breaks from a problem can help 17 a moment of insight or stimulate new ideas. Unconventional solutions can also be explored. That is why some of the most successful companies in the world, such as 3M and Google, encourage their employees to 18 all sorts of relaxing activities, such as playing pinball and wandering about the campus. During such breaks, the mind turns inward, 19 it can subconsciously puzzle over subtle meanings and connections. Another way to increase creativity is to take risks. This is because many breakthroughs come up when people venture 20 their usual routines or areas of expertise. This can be done by, for example, learning new skills or traveling to new countries."
學測英文,107,19,16,綜合測驗：where,C,K2,T8,E12,關係副詞 where 接完整子句，指心思向內的狀態,(A) if (B) but (C) where (D) which,"第16 至20 題為題組 It has long been assumed that creativity is some unusual trait enjoyed by the few. However, according to a wide array of scientific and sociological research, creativity is 16 a sign of rare genius than a natural human potential. Thus, it can be nurtured and encouraged. It is believed that taking breaks from a problem can help 17 a moment of insight or stimulate new ideas. Unconventional solutions can also be explored. That is why some of the most successful companies in the world, such as 3M and Google, encourage their employees to 18 all sorts of relaxing activities, such as playing pinball and wandering about the campus. During such breaks, the mind turns inward, 19 it can subconsciously puzzle over subtle meanings and connections. Another way to increase creativity is to take risks. This is because many breakthroughs come up when people venture 20 their usual routines or areas of expertise. This can be done by, for example, learning new skills or traveling to new countries."
學測英文,107,20,16,綜合測驗：beyond,D,K1,T6,E11,venture beyond their usual routines：走出平常的範圍,(A) into (B) without (C) under (D) beyond,"第16 至20 題為題組 It has long been assumed that creativity is some unusual trait enjoyed by the few. However, according to a wide array of scientific and sociological research, creativity is 16 a sign of rare genius than a natural human potential. Thus, it can be nurtured and encouraged. It is believed that taking breaks from a problem can help 17 a moment of insight or stimulate new ideas. Unconventional solutions can also be explored. That is why some of the most successful companies in the world, such as 3M and Google, encourage their employees to 18 all sorts of relaxing activities, such as playing pinball and wandering about the campus. During such breaks, the mind turns inward, 19 it can subconsciously puzzle over subtle meanings and connections. Another way to increase creativity is to take risks. This is because many breakthroughs come up when people venture 20 their usual routines or areas of expertise. This can be done by, for example, learning new skills or traveling to new countries."
學測英文,107,21,21,綜合測驗：While,B,B5,T6,E7,While 表讓步：雖然對衛生不好，卻對環境有益,(A) For (B) While (C) In case (D) As long as,"第21 至25 題為題組 Hair usually gets greasy when it has not been washed because it soaks up oil—hence the need for shampoo! 21 this oil-absorbing feature might not always be so great for our hygiene, it can be great for the environment. Matter of Trust, a nonprofit organization, has an innovative solution for removing the large-scale oil spill in the Gulf of Mexico in 2010, using the ultimate renewable 22 : human hair, of which there is an unlimited supply. Since its founding in 1998, Matter of Trust has collected donations of human hair and animal fur to 23 the thousands of oil spills that happen each year. The hair and fur are made into mats and brooms and sent to 24 waters to absorb the oil. Across the United States each day, 300,000 pounds of hair and fur are cut. Matter of Trust is helping organize the collection of this 25 hair and fur through thousands of salons, pet groomers, and ranchers. Individuals can also speak to local hair stylists and pet groomers about sending in leftover hair and fur."
學測英文,107,22,21,綜合測驗：resource,D,K1,T7,E11,renewable resource：可再生的資源,(A) equipment (B) ingredient (C) product (D) resource,"第21 至25 題為題組 Hair usually gets greasy when it has not been washed because it soaks up oil—hence the need for shampoo! 21 this oil-absorbing feature might not always be so great for our hygiene, it can be great for the environment. Matter of Trust, a nonprofit organization, has an innovative solution for removing the large-scale oil spill in the Gulf of Mexico in 2010, using the ultimate renewable 22 : human hair, of which there is an unlimited supply. Since its founding in 1998, Matter of Trust has collected donations of human hair and animal fur to 23 the thousands of oil spills that happen each year. The hair and fur are made into mats and brooms and sent to 24 waters to absorb the oil. Across the United States each day, 300,000 pounds of hair and fur are cut. Matter of Trust is helping organize the collection of this 25 hair and fur through thousands of salons, pet groomers, and ranchers. Individuals can also speak to local hair stylists and pet groomers about sending in leftover hair and fur."
學測英文,107,23,21,綜合測驗：clean up after,B,K1,T7,E11,clean up after oil spills：清理漏油,(A) get away with (B) clean up after (C) run out of (D) look down upon,"第21 至25 題為題組 Hair usually gets greasy when it has not been washed because it soaks up oil—hence the need for shampoo! 21 this oil-absorbing feature might not always be so great for our hygiene, it can be great for the environment. Matter of Trust, a nonprofit organization, has an innovative solution for removing the large-scale oil spill in the Gulf of Mexico in 2010, using the ultimate renewable 22 : human hair, of which there is an unlimited supply. Since its founding in 1998, Matter of Trust has collected donations of human hair and animal fur to 23 the thousands of oil spills that happen each year. The hair and fur are made into mats and brooms and sent to 24 waters to absorb the oil. Across the United States each day, 300,000 pounds of hair and fur are cut. Matter of Trust is helping organize the collection of this 25 hair and fur through thousands of salons, pet groomers, and ranchers. Individuals can also speak to local hair stylists and pet groomers about sending in leftover hair and fur."
學測英文,107,24,21,綜合測驗：polluted,C,K2,T8,E12,修飾 waters 用過去分詞 polluted（被污染的）,(A) pollute (B) polluting (C) polluted (D) pollution,"第21 至25 題為題組 Hair usually gets greasy when it has not been washed because it soaks up oil—hence the need for shampoo! 21 this oil-absorbing feature might not always be so great for our hygiene, it can be great for the environment. Matter of Trust, a nonprofit organization, has an innovative solution for removing the large-scale oil spill in the Gulf of Mexico in 2010, using the ultimate renewable 22 : human hair, of which there is an unlimited supply. Since its founding in 1998, Matter of Trust has collected donations of human hair and animal fur to 23 the thousands of oil spills that happen each year. The hair and fur are made into mats and brooms and sent to 24 waters to absorb the oil. Across the United States each day, 300,000 pounds of hair and fur are cut. Matter of Trust is helping organize the collection of this 25 hair and fur through thousands of salons, pet groomers, and ranchers. Individuals can also speak to local hair stylists and pet groomers about sending in leftover hair and fur."
學測英文,107,25,21,綜合測驗：unneeded,A,K1,T7,E11,unneeded：剪下來不要的毛髮,(A) unneeded (B) overthrown (C) excluded (D) disconnected,"第21 至25 題為題組 Hair usually gets greasy when it has not been washed because it soaks up oil—hence the need for shampoo! 21 this oil-absorbing feature might not always be so great for our hygiene, it can be great for the environment. Matter of Trust, a nonprofit organization, has an innovative solution for removing the large-scale oil spill in the Gulf of Mexico in 2010, using the ultimate renewable 22 : human hair, of which there is an unlimited supply. Since its founding in 1998, Matter of Trust has collected donations of human hair and animal fur to 23 the thousands of oil spills that happen each year. The hair and fur are made into mats and brooms and sent to 24 waters to absorb the oil. Across the United States each day, 300,000 pounds of hair and fur are cut. Matter of Trust is helping organize the collection of this 25 hair and fur through thousands of salons, pet groomers, and ranchers. Individuals can also speak to local hair stylists and pet groomers about sending in leftover hair and fur."
學測英文,107,26,26,綜合測驗：what,A,K2,T8,E12,know what they are dreaming of：what 當介系詞 of 的受詞,(A) what (B) why (C) when (D) which,"第26 至30 題為題組 You must have had this kind of experience: While in the middle of a normal dream, you suddenly realize that you are dreaming. This kind of dream is called a “lucid dream.” The term “lucid” means clear; lucid dreamers know that they are dreaming and 26 they are dreaming of. It is different from daydreaming. When a person is having a lucid dream, the person’s body is 27 ; when a person daydreams, his/her body is awake. Thus, daydreams are really just waking thoughts. In lucid dreams, however, we are completely immersed in the dream world. Yet, lucid dreaming is 28 just having a clear dream. It is your chance to play around with the extraordinary abilities buried in unused parts of your brain. 29 , it is a way for you to put the deepest areas of your brain to good use while you’re sleeping. You can be an everyday Jane Doe or John Smith while awake but a superhero while sleeping, 30 who you are in real life. All the obstacles of reality can be set aside and you are able to accomplish tasks that you could never manage in waking reality."
學測英文,107,27,26,綜合測驗：asleep,D,K1,T6,E11,與白日夢對比：清醒夢時身體是「睡著」的,(A) apart (B) absent (C) alone (D) asleep,"第26 至30 題為題組 You must have had this kind of experience: While in the middle of a normal dream, you suddenly realize that you are dreaming. This kind of dream is called a “lucid dream.” The term “lucid” means clear; lucid dreamers know that they are dreaming and 26 they are dreaming of. It is different from daydreaming. When a person is having a lucid dream, the person’s body is 27 ; when a person daydreams, his/her body is awake. Thus, daydreams are really just waking thoughts. In lucid dreams, however, we are completely immersed in the dream world. Yet, lucid dreaming is 28 just having a clear dream. It is your chance to play around with the extraordinary abilities buried in unused parts of your brain. 29 , it is a way for you to put the deepest areas of your brain to good use while you’re sleeping. You can be an everyday Jane Doe or John Smith while awake but a superhero while sleeping, 30 who you are in real life. All the obstacles of reality can be set aside and you are able to accomplish tasks that you could never manage in waking reality."
學測英文,107,28,26,綜合測驗：more than,C,B5,T6,E7,Yet 轉折：清醒夢不只是清楚的夢，more than,(A) related to (B) aside from (C) more than (D) nothing but,"第26 至30 題為題組 You must have had this kind of experience: While in the middle of a normal dream, you suddenly realize that you are dreaming. This kind of dream is called a “lucid dream.” The term “lucid” means clear; lucid dreamers know that they are dreaming and 26 they are dreaming of. It is different from daydreaming. When a person is having a lucid dream, the person’s body is 27 ; when a person daydreams, his/her body is awake. Thus, daydreams are really just waking thoughts. In lucid dreams, however, we are completely immersed in the dream world. Yet, lucid dreaming is 28 just having a clear dream. It is your chance to play around with the extraordinary abilities buried in unused parts of your brain. 29 , it is a way for you to put the deepest areas of your brain to good use while you’re sleeping. You can be an everyday Jane Doe or John Smith while awake but a superhero while sleeping, 30 who you are in real life. All the obstacles of reality can be set aside and you are able to accomplish tasks that you could never manage in waking reality."
學測英文,107,29,26,綜合測驗：In other words,A,B5,T6,E7,下句換個說法再說一次：In other words,(A) In other words (B) By no means (C) At any cost (D) On the contrary,"第26 至30 題為題組 You must have had this kind of experience: While in the middle of a normal dream, you suddenly realize that you are dreaming. This kind of dream is called a “lucid dream.” The term “lucid” means clear; lucid dreamers know that they are dreaming and 26 they are dreaming of. It is different from daydreaming. When a person is having a lucid dream, the person’s body is 27 ; when a person daydreams, his/her body is awake. Thus, daydreams are really just waking thoughts. In lucid dreams, however, we are completely immersed in the dream world. Yet, lucid dreaming is 28 just having a clear dream. It is your chance to play around with the extraordinary abilities buried in unused parts of your brain. 29 , it is a way for you to put the deepest areas of your brain to good use while you’re sleeping. You can be an everyday Jane Doe or John Smith while awake but a superhero while sleeping, 30 who you are in real life. All the obstacles of reality can be set aside and you are able to accomplish tasks that you could never manage in waking reality."
學測英文,107,30,26,綜合測驗：regardless of,B,K1,T7,E11,regardless of who you are：無論現實中你是誰,(A) such as (B) regardless of (C) with respect to (D) on behalf of,"第26 至30 題為題組 You must have had this kind of experience: While in the middle of a normal dream, you suddenly realize that you are dreaming. This kind of dream is called a “lucid dream.” The term “lucid” means clear; lucid dreamers know that they are dreaming and 26 they are dreaming of. It is different from daydreaming. When a person is having a lucid dream, the person’s body is 27 ; when a person daydreams, his/her body is awake. Thus, daydreams are really just waking thoughts. In lucid dreams, however, we are completely immersed in the dream world. Yet, lucid dreaming is 28 just having a clear dream. It is your chance to play around with the extraordinary abilities buried in unused parts of your brain. 29 , it is a way for you to put the deepest areas of your brain to good use while you’re sleeping. You can be an everyday Jane Doe or John Smith while awake but a superhero while sleeping, 30 who you are in real life. All the obstacles of reality can be set aside and you are able to accomplish tasks that you could never manage in waking reality."
學測英文,107,31,31,文意選填：competing,C,K2,T8,E12,several ___ stories 需要形容詞：competing（互相競爭的說法）,,"第31 至40 題為題組 Fortune cookies, commonly served after meals at Chinese restaurants in the U.S., are characterized by a fortune, which is written on a small piece of paper tucked inside the cookie. There are several 31 stories about the origin of the fortune cookie. None of them, however, has been proven to be entirely true. One of these stories 32 the cookie’s origin back to 13th- and 14th-century China, which was then occupied by the Mongols. According to the legend, notes of 33 plans for a revolution to overthrow the Mongols were hidden in mooncakes that would ordinarily have been stuffed with sweet bean paste. The revolution turned out to be 34 and eventually led to the formation of the Ming Dynasty. This story may sound highly credible, but there seems to be no solid evidence that it inspired the creation of the 35 we know of today as fortune cookies. Another 36 claims that David Jung, a Chinese immigrant living in Los Angeles, created the fortune cookie in 1918. Concerned about the poor people he saw wandering near his shop, he made cookies and passed them out free on the streets. Each cookie 37 a strip of paper inside with an inspirational Bible quotation on it. However, the more generally accepted story is that the fortune cookie first 38 in either 1907 or 1914 in San Francisco, created by a Japanese immigrant, Makoto Hagiwara. The fortune cookie was based on a Japanese snack, but Hagiwara sweetened the recipe to appeal to American 39 . He enclosed thank- you notes in the cookies and served them to his guests with tea. Within a few years, Chinese restaurant owners in San Francisco had copied the recipe and 40 the thank-you notes with fortune notes. Such fortune cookies became common in Chinese restaurants in the U.S. after World War II. (A) account (B) appeared (C) competing (D) contained (E) replaced (F) secret (G) successful (H) tastes ( I ) traces (J) treats"
學測英文,107,32,31,文意選填：traces,I,K2,T8,E12,主詞 One of these stories 用單數動詞：traces… back to,,"第31 至40 題為題組 Fortune cookies, commonly served after meals at Chinese restaurants in the U.S., are characterized by a fortune, which is written on a small piece of paper tucked inside the cookie. There are several 31 stories about the origin of the fortune cookie. None of them, however, has been proven to be entirely true. One of these stories 32 the cookie’s origin back to 13th- and 14th-century China, which was then occupied by the Mongols. According to the legend, notes of 33 plans for a revolution to overthrow the Mongols were hidden in mooncakes that would ordinarily have been stuffed with sweet bean paste. The revolution turned out to be 34 and eventually led to the formation of the Ming Dynasty. This story may sound highly credible, but there seems to be no solid evidence that it inspired the creation of the 35 we know of today as fortune cookies. Another 36 claims that David Jung, a Chinese immigrant living in Los Angeles, created the fortune cookie in 1918. Concerned about the poor people he saw wandering near his shop, he made cookies and passed them out free on the streets. Each cookie 37 a strip of paper inside with an inspirational Bible quotation on it. However, the more generally accepted story is that the fortune cookie first 38 in either 1907 or 1914 in San Francisco, created by a Japanese immigrant, Makoto Hagiwara. The fortune cookie was based on a Japanese snack, but Hagiwara sweetened the recipe to appeal to American 39 . He enclosed thank- you notes in the cookies and served them to his guests with tea. Within a few years, Chinese restaurant owners in San Francisco had copied the recipe and 40 the thank-you notes with fortune notes. Such fortune cookies became common in Chinese restaurants in the U.S. after World War II. (A) account (B) appeared (C) competing (D) contained (E) replaced (F) secret (G) successful (H) tastes ( I ) traces (J) treats"
學測英文,107,33,31,文意選填：secret,F,K1,T7,E9,notes of secret plans：藏著祕密計畫的紙條,,"第31 至40 題為題組 Fortune cookies, commonly served after meals at Chinese restaurants in the U.S., are characterized by a fortune, which is written on a small piece of paper tucked inside the cookie. There are several 31 stories about the origin of the fortune cookie. None of them, however, has been proven to be entirely true. One of these stories 32 the cookie’s origin back to 13th- and 14th-century China, which was then occupied by the Mongols. According to the legend, notes of 33 plans for a revolution to overthrow the Mongols were hidden in mooncakes that would ordinarily have been stuffed with sweet bean paste. The revolution turned out to be 34 and eventually led to the formation of the Ming Dynasty. This story may sound highly credible, but there seems to be no solid evidence that it inspired the creation of the 35 we know of today as fortune cookies. Another 36 claims that David Jung, a Chinese immigrant living in Los Angeles, created the fortune cookie in 1918. Concerned about the poor people he saw wandering near his shop, he made cookies and passed them out free on the streets. Each cookie 37 a strip of paper inside with an inspirational Bible quotation on it. However, the more generally accepted story is that the fortune cookie first 38 in either 1907 or 1914 in San Francisco, created by a Japanese immigrant, Makoto Hagiwara. The fortune cookie was based on a Japanese snack, but Hagiwara sweetened the recipe to appeal to American 39 . He enclosed thank- you notes in the cookies and served them to his guests with tea. Within a few years, Chinese restaurant owners in San Francisco had copied the recipe and 40 the thank-you notes with fortune notes. Such fortune cookies became common in Chinese restaurants in the U.S. after World War II. (A) account (B) appeared (C) competing (D) contained (E) replaced (F) secret (G) successful (H) tastes ( I ) traces (J) treats"
學測英文,107,34,31,文意選填：successful,G,K1,T6,E9,後文說建立了明朝，所以革命「成功」,,"第31 至40 題為題組 Fortune cookies, commonly served after meals at Chinese restaurants in the U.S., are characterized by a fortune, which is written on a small piece of paper tucked inside the cookie. There are several 31 stories about the origin of the fortune cookie. None of them, however, has been proven to be entirely true. One of these stories 32 the cookie’s origin back to 13th- and 14th-century China, which was then occupied by the Mongols. According to the legend, notes of 33 plans for a revolution to overthrow the Mongols were hidden in mooncakes that would ordinarily have been stuffed with sweet bean paste. The revolution turned out to be 34 and eventually led to the formation of the Ming Dynasty. This story may sound highly credible, but there seems to be no solid evidence that it inspired the creation of the 35 we know of today as fortune cookies. Another 36 claims that David Jung, a Chinese immigrant living in Los Angeles, created the fortune cookie in 1918. Concerned about the poor people he saw wandering near his shop, he made cookies and passed them out free on the streets. Each cookie 37 a strip of paper inside with an inspirational Bible quotation on it. However, the more generally accepted story is that the fortune cookie first 38 in either 1907 or 1914 in San Francisco, created by a Japanese immigrant, Makoto Hagiwara. The fortune cookie was based on a Japanese snack, but Hagiwara sweetened the recipe to appeal to American 39 . He enclosed thank- you notes in the cookies and served them to his guests with tea. Within a few years, Chinese restaurant owners in San Francisco had copied the recipe and 40 the thank-you notes with fortune notes. Such fortune cookies became common in Chinese restaurants in the U.S. after World War II. (A) account (B) appeared (C) competing (D) contained (E) replaced (F) secret (G) successful (H) tastes ( I ) traces (J) treats"
學測英文,107,35,31,文意選填：treats,J,K1,T7,E9,treats：點心，指今天的幸運餅乾,,"第31 至40 題為題組 Fortune cookies, commonly served after meals at Chinese restaurants in the U.S., are characterized by a fortune, which is written on a small piece of paper tucked inside the cookie. There are several 31 stories about the origin of the fortune cookie. None of them, however, has been proven to be entirely true. One of these stories 32 the cookie’s origin back to 13th- and 14th-century China, which was then occupied by the Mongols. According to the legend, notes of 33 plans for a revolution to overthrow the Mongols were hidden in mooncakes that would ordinarily have been stuffed with sweet bean paste. The revolution turned out to be 34 and eventually led to the formation of the Ming Dynasty. This story may sound highly credible, but there seems to be no solid evidence that it inspired the creation of the 35 we know of today as fortune cookies. Another 36 claims that David Jung, a Chinese immigrant living in Los Angeles, created the fortune cookie in 1918. Concerned about the poor people he saw wandering near his shop, he made cookies and passed them out free on the streets. Each cookie 37 a strip of paper inside with an inspirational Bible quotation on it. However, the more generally accepted story is that the fortune cookie first 38 in either 1907 or 1914 in San Francisco, created by a Japanese immigrant, Makoto Hagiwara. The fortune cookie was based on a Japanese snack, but Hagiwara sweetened the recipe to appeal to American 39 . He enclosed thank- you notes in the cookies and served them to his guests with tea. Within a few years, Chinese restaurant owners in San Francisco had copied the recipe and 40 the thank-you notes with fortune notes. Such fortune cookies became common in Chinese restaurants in the U.S. after World War II. (A) account (B) appeared (C) competing (D) contained (E) replaced (F) secret (G) successful (H) tastes ( I ) traces (J) treats"
學測英文,107,36,31,文意選填：account,A,K1,T7,E9,Another account：另一種說法,,"第31 至40 題為題組 Fortune cookies, commonly served after meals at Chinese restaurants in the U.S., are characterized by a fortune, which is written on a small piece of paper tucked inside the cookie. There are several 31 stories about the origin of the fortune cookie. None of them, however, has been proven to be entirely true. One of these stories 32 the cookie’s origin back to 13th- and 14th-century China, which was then occupied by the Mongols. According to the legend, notes of 33 plans for a revolution to overthrow the Mongols were hidden in mooncakes that would ordinarily have been stuffed with sweet bean paste. The revolution turned out to be 34 and eventually led to the formation of the Ming Dynasty. This story may sound highly credible, but there seems to be no solid evidence that it inspired the creation of the 35 we know of today as fortune cookies. Another 36 claims that David Jung, a Chinese immigrant living in Los Angeles, created the fortune cookie in 1918. Concerned about the poor people he saw wandering near his shop, he made cookies and passed them out free on the streets. Each cookie 37 a strip of paper inside with an inspirational Bible quotation on it. However, the more generally accepted story is that the fortune cookie first 38 in either 1907 or 1914 in San Francisco, created by a Japanese immigrant, Makoto Hagiwara. The fortune cookie was based on a Japanese snack, but Hagiwara sweetened the recipe to appeal to American 39 . He enclosed thank- you notes in the cookies and served them to his guests with tea. Within a few years, Chinese restaurant owners in San Francisco had copied the recipe and 40 the thank-you notes with fortune notes. Such fortune cookies became common in Chinese restaurants in the U.S. after World War II. (A) account (B) appeared (C) competing (D) contained (E) replaced (F) secret (G) successful (H) tastes ( I ) traces (J) treats"
學測英文,107,37,31,文意選填：contained,D,K2,T8,E12,Each cookie 之後需要及物動詞過去式 contained,,"第31 至40 題為題組 Fortune cookies, commonly served after meals at Chinese restaurants in the U.S., are characterized by a fortune, which is written on a small piece of paper tucked inside the cookie. There are several 31 stories about the origin of the fortune cookie. None of them, however, has been proven to be entirely true. One of these stories 32 the cookie’s origin back to 13th- and 14th-century China, which was then occupied by the Mongols. According to the legend, notes of 33 plans for a revolution to overthrow the Mongols were hidden in mooncakes that would ordinarily have been stuffed with sweet bean paste. The revolution turned out to be 34 and eventually led to the formation of the Ming Dynasty. This story may sound highly credible, but there seems to be no solid evidence that it inspired the creation of the 35 we know of today as fortune cookies. Another 36 claims that David Jung, a Chinese immigrant living in Los Angeles, created the fortune cookie in 1918. Concerned about the poor people he saw wandering near his shop, he made cookies and passed them out free on the streets. Each cookie 37 a strip of paper inside with an inspirational Bible quotation on it. However, the more generally accepted story is that the fortune cookie first 38 in either 1907 or 1914 in San Francisco, created by a Japanese immigrant, Makoto Hagiwara. The fortune cookie was based on a Japanese snack, but Hagiwara sweetened the recipe to appeal to American 39 . He enclosed thank- you notes in the cookies and served them to his guests with tea. Within a few years, Chinese restaurant owners in San Francisco had copied the recipe and 40 the thank-you notes with fortune notes. Such fortune cookies became common in Chinese restaurants in the U.S. after World War II. (A) account (B) appeared (C) competing (D) contained (E) replaced (F) secret (G) successful (H) tastes ( I ) traces (J) treats"
學測英文,107,38,31,文意選填：appeared,B,K2,T8,E12,first appeared：不及物動詞，表示首次出現,,"第31 至40 題為題組 Fortune cookies, commonly served after meals at Chinese restaurants in the U.S., are characterized by a fortune, which is written on a small piece of paper tucked inside the cookie. There are several 31 stories about the origin of the fortune cookie. None of them, however, has been proven to be entirely true. One of these stories 32 the cookie’s origin back to 13th- and 14th-century China, which was then occupied by the Mongols. According to the legend, notes of 33 plans for a revolution to overthrow the Mongols were hidden in mooncakes that would ordinarily have been stuffed with sweet bean paste. The revolution turned out to be 34 and eventually led to the formation of the Ming Dynasty. This story may sound highly credible, but there seems to be no solid evidence that it inspired the creation of the 35 we know of today as fortune cookies. Another 36 claims that David Jung, a Chinese immigrant living in Los Angeles, created the fortune cookie in 1918. Concerned about the poor people he saw wandering near his shop, he made cookies and passed them out free on the streets. Each cookie 37 a strip of paper inside with an inspirational Bible quotation on it. However, the more generally accepted story is that the fortune cookie first 38 in either 1907 or 1914 in San Francisco, created by a Japanese immigrant, Makoto Hagiwara. The fortune cookie was based on a Japanese snack, but Hagiwara sweetened the recipe to appeal to American 39 . He enclosed thank- you notes in the cookies and served them to his guests with tea. Within a few years, Chinese restaurant owners in San Francisco had copied the recipe and 40 the thank-you notes with fortune notes. Such fortune cookies became common in Chinese restaurants in the U.S. after World War II. (A) account (B) appeared (C) competing (D) contained (E) replaced (F) secret (G) successful (H) tastes ( I ) traces (J) treats"
學測英文,107,39,31,文意選填：tastes,H,K1,T7,E9,appeal to American tastes：迎合美國人的口味,,"第31 至40 題為題組 Fortune cookies, commonly served after meals at Chinese restaurants in the U.S., are characterized by a fortune, which is written on a small piece of paper tucked inside the cookie. There are several 31 stories about the origin of the fortune cookie. None of them, however, has been proven to be entirely true. One of these stories 32 the cookie’s origin back to 13th- and 14th-century China, which was then occupied by the Mongols. According to the legend, notes of 33 plans for a revolution to overthrow the Mongols were hidden in mooncakes that would ordinarily have been stuffed with sweet bean paste. The revolution turned out to be 34 and eventually led to the formation of the Ming Dynasty. This story may sound highly credible, but there seems to be no solid evidence that it inspired the creation of the 35 we know of today as fortune cookies. Another 36 claims that David Jung, a Chinese immigrant living in Los Angeles, created the fortune cookie in 1918. Concerned about the poor people he saw wandering near his shop, he made cookies and passed them out free on the streets. Each cookie 37 a strip of paper inside with an inspirational Bible quotation on it. However, the more generally accepted story is that the fortune cookie first 38 in either 1907 or 1914 in San Francisco, created by a Japanese immigrant, Makoto Hagiwara. The fortune cookie was based on a Japanese snack, but Hagiwara sweetened the recipe to appeal to American 39 . He enclosed thank- you notes in the cookies and served them to his guests with tea. Within a few years, Chinese restaurant owners in San Francisco had copied the recipe and 40 the thank-you notes with fortune notes. Such fortune cookies became common in Chinese restaurants in the U.S. after World War II. (A) account (B) appeared (C) competing (D) contained (E) replaced (F) secret (G) successful (H) tastes ( I ) traces (J) treats"
學測英文,107,40,31,文意選填：replaced,E,K1,T7,E9,replaced A with B：用籤語取代感謝卡,,"第31 至40 題為題組 Fortune cookies, commonly served after meals at Chinese restaurants in the U.S., are characterized by a fortune, which is written on a small piece of paper tucked inside the cookie. There are several 31 stories about the origin of the fortune cookie. None of them, however, has been proven to be entirely true. One of these stories 32 the cookie’s origin back to 13th- and 14th-century China, which was then occupied by the Mongols. According to the legend, notes of 33 plans for a revolution to overthrow the Mongols were hidden in mooncakes that would ordinarily have been stuffed with sweet bean paste. The revolution turned out to be 34 and eventually led to the formation of the Ming Dynasty. This story may sound highly credible, but there seems to be no solid evidence that it inspired the creation of the 35 we know of today as fortune cookies. Another 36 claims that David Jung, a Chinese immigrant living in Los Angeles, created the fortune cookie in 1918. Concerned about the poor people he saw wandering near his shop, he made cookies and passed them out free on the streets. Each cookie 37 a strip of paper inside with an inspirational Bible quotation on it. However, the more generally accepted story is that the fortune cookie first 38 in either 1907 or 1914 in San Francisco, created by a Japanese immigrant, Makoto Hagiwara. The fortune cookie was based on a Japanese snack, but Hagiwara sweetened the recipe to appeal to American 39 . He enclosed thank- you notes in the cookies and served them to his guests with tea. Within a few years, Chinese restaurant owners in San Francisco had copied the recipe and 40 the thank-you notes with fortune notes. Such fortune cookies became common in Chinese restaurants in the U.S. after World War II. (A) account (B) appeared (C) competing (D) contained (E) replaced (F) secret (G) successful (H) tastes ( I ) traces (J) treats"
學測英文,107,41,41,閱讀測驗：主旨,D,B3,T4,E2,全文依年代說白宮的歷史，不只設計或地點,What is this passage mainly about? (A) The design of the White House. (B) The location of the White House. (C) The importance of the White House. (D) The history of the White House.,"第41 至44 題為題組 For more than two hundred years, the White House has stood as a symbol of the United States Presidency, the U.S. government, and the American people. In 1790, President George Washington declared that the federal government would reside in a district “not exceeding ten miles square … on the river Potomac.” As preparations began, a competition was held to find a builder of the “President’s House.” Nine proposals were submitted, and the Irish-born architect James Hoban won the gold medal for his practical and handsome design. Construction began when the first cornerstone was laid in October of 1792. Although President Washington oversaw the construction of the house, he never lived in it. It was not until 1800, when the White House was nearly completed, that its first residents, President John Adams and his wife Abigail, moved in. American presidents can express their individual style in how they decorate the house and in how they receive the public. Thomas Jefferson held the first inaugural open house in 1805; many of those who attended the swearing-in ceremony at the U.S. Capitol simply followed him home. President Jefferson also opened the house for public tours, and it has remained open, except during wartime, ever since. In addition, Jefferson welcomed visitors to annual receptions on New Year’s Day and on the Fourth of July. Abraham Lincoln did the same, but then the inaugural crowds became far too large for the White House to accommodate comfortably, and this also created a security issue. It was not until Grover Cleveland’s first presidency that some effective crowd control measures were implemented to address the problem caused by this practice. At various times in history, the White House has been known as the “President’s Palace,” the “President’s House,” and the “Executive Mansion.” President Theodore Roosevelt officially gave the White House its current name in 1901."
學測英文,107,42,41,閱讀測驗：指涉,A,B1,T3,E4,指涉：this practice 指就職日開放參觀,What does “this practice” refer to in the second paragraph? (A) Holding an inaugural open house. (B) Accommodating the crowds comfortably. (C) Decorating the White House. (D) Joining in the swearing-in ceremony.,"第41 至44 題為題組 For more than two hundred years, the White House has stood as a symbol of the United States Presidency, the U.S. government, and the American people. In 1790, President George Washington declared that the federal government would reside in a district “not exceeding ten miles square … on the river Potomac.” As preparations began, a competition was held to find a builder of the “President’s House.” Nine proposals were submitted, and the Irish-born architect James Hoban won the gold medal for his practical and handsome design. Construction began when the first cornerstone was laid in October of 1792. Although President Washington oversaw the construction of the house, he never lived in it. It was not until 1800, when the White House was nearly completed, that its first residents, President John Adams and his wife Abigail, moved in. American presidents can express their individual style in how they decorate the house and in how they receive the public. Thomas Jefferson held the first inaugural open house in 1805; many of those who attended the swearing-in ceremony at the U.S. Capitol simply followed him home. President Jefferson also opened the house for public tours, and it has remained open, except during wartime, ever since. In addition, Jefferson welcomed visitors to annual receptions on New Year’s Day and on the Fourth of July. Abraham Lincoln did the same, but then the inaugural crowds became far too large for the White House to accommodate comfortably, and this also created a security issue. It was not until Grover Cleveland’s first presidency that some effective crowd control measures were implemented to address the problem caused by this practice. At various times in history, the White House has been known as the “President’s Palace,” the “President’s House,” and the “Executive Mansion.” President Theodore Roosevelt officially gave the White House its current name in 1901."
學測英文,107,43,41,閱讀測驗：細節,C,A1,T3,E1,下令興建的是華盛頓，勿與設計者、首位住戶混淆,Who initiated the construction of the White House? (A) John Adams. (B) James Hoban. (C) George Washington. (D) Thomas Jefferson.,"第41 至44 題為題組 For more than two hundred years, the White House has stood as a symbol of the United States Presidency, the U.S. government, and the American people. In 1790, President George Washington declared that the federal government would reside in a district “not exceeding ten miles square … on the river Potomac.” As preparations began, a competition was held to find a builder of the “President’s House.” Nine proposals were submitted, and the Irish-born architect James Hoban won the gold medal for his practical and handsome design. Construction began when the first cornerstone was laid in October of 1792. Although President Washington oversaw the construction of the house, he never lived in it. It was not until 1800, when the White House was nearly completed, that its first residents, President John Adams and his wife Abigail, moved in. American presidents can express their individual style in how they decorate the house and in how they receive the public. Thomas Jefferson held the first inaugural open house in 1805; many of those who attended the swearing-in ceremony at the U.S. Capitol simply followed him home. President Jefferson also opened the house for public tours, and it has remained open, except during wartime, ever since. In addition, Jefferson welcomed visitors to annual receptions on New Year’s Day and on the Fourth of July. Abraham Lincoln did the same, but then the inaugural crowds became far too large for the White House to accommodate comfortably, and this also created a security issue. It was not until Grover Cleveland’s first presidency that some effective crowd control measures were implemented to address the problem caused by this practice. At various times in history, the White House has been known as the “President’s Palace,” the “President’s House,” and the “Executive Mansion.” President Theodore Roosevelt officially gave the White House its current name in 1901."
學測英文,107,44,41,閱讀測驗：細節,B,A1,T3,E1,「NOT true」：設計者是愛爾蘭建築師，不是總統,"According to the passage, which of the following is NOT true about the White House? (A) The White House has had several names. (B) The designer of the White House was an American president. (C) People were not allowed to visit the White House during wartime. (D) The White House is located in a district not larger than ten miles square.","第41 至44 題為題組 For more than two hundred years, the White House has stood as a symbol of the United States Presidency, the U.S. government, and the American people. In 1790, President George Washington declared that the federal government would reside in a district “not exceeding ten miles square … on the river Potomac.” As preparations began, a competition was held to find a builder of the “President’s House.” Nine proposals were submitted, and the Irish-born architect James Hoban won the gold medal for his practical and handsome design. Construction began when the first cornerstone was laid in October of 1792. Although President Washington oversaw the construction of the house, he never lived in it. It was not until 1800, when the White House was nearly completed, that its first residents, President John Adams and his wife Abigail, moved in. American presidents can express their individual style in how they decorate the house and in how they receive the public. Thomas Jefferson held the first inaugural open house in 1805; many of those who attended the swearing-in ceremony at the U.S. Capitol simply followed him home. President Jefferson also opened the house for public tours, and it has remained open, except during wartime, ever since. In addition, Jefferson welcomed visitors to annual receptions on New Year’s Day and on the Fourth of July. Abraham Lincoln did the same, but then the inaugural crowds became far too large for the White House to accommodate comfortably, and this also created a security issue. It was not until Grover Cleveland’s first presidency that some effective crowd control measures were implemented to address the problem caused by this practice. At various times in history, the White House has been known as the “President’s Palace,” the “President’s House,” and the “Executive Mansion.” President Theodore Roosevelt officially gave the White House its current name in 1901."
學測英文,107,45,45,閱讀測驗：主旨,C,B3,T4,E2,主旨：病毒得以猖獗的條件（天氣、經濟、政府）,What is this passage mainly about? (A) West Nile and methods to fight it. (B) West Nile and governmental efficiency. (C) West Nile and the conditions its virus thrives in. (D) West Nile and its relation to tropical diseases.,"第45 至48 題為題組 West Nile is a tropical disease that begins in birds, which pass it on to mosquitoes that then go on to infect human beings with a bite. Most people who contract West Nile do not experience any symptoms at all, but, if they do, symptoms typically develop between 3 to 14 days after a mosquito bite. About 1 in 5 persons suffers fever, headaches, and body aches, usually lasting a week or so. A far less lucky 1 in 150 experiences high fever, tremors, paralysis, and coma. Some—especially the elderly and those with weak immune systems—die. That is what made the major outbreaks of West Nile in the U.S. in the summer of 2012 so scary. The situation was particularly bad in Dallas, Texas, where the West Nile virus killed 10 people and sickened more than 200. The city declared a state of emergency and began aerial spraying of a pesticide to kill the mosquitoes, even though residents argued that the pesticide could be more dangerous than the disease. Why was the summer of 2012 so hospitable to the West Nile virus and the mosquitoes that carry it? Blame the weather. An extremely mild winter allowed more mosquitoes than usual to survive, while the unusually high temperatures in that scorching summer further increased their number by speeding up their life cycle. The economic crisis may have also played a role: Homeowners who were not able to pay their bank loans were forced to abandon their properties, sometimes leaving behind swimming pools that made excellent mosquito breeding grounds. The severity of tropical diseases is also a matter of whether governments are capable—and willing— to defend their populations against infections. Dallas County was not doing some of the key things to slow the spread of West Nile, such as testing dead birds and setting mosquito traps to test for the presence of the disease. Tropical infections are thus as much related to government inaction as they are to climate."
學測英文,107,46,45,閱讀測驗：細節,A,A1,T6,E1,症狀在 3–14 天內出現，也就是兩週內,Which of the following statements is true about West Nile? (A) Its symptoms usually appear within two weeks. (B) It is spread through air and water in tropical areas. (C) Over 20% of people who contract it will suffer severe symptoms. (D) It comes from direct human contact with birds infected with the virus.,"第45 至48 題為題組 West Nile is a tropical disease that begins in birds, which pass it on to mosquitoes that then go on to infect human beings with a bite. Most people who contract West Nile do not experience any symptoms at all, but, if they do, symptoms typically develop between 3 to 14 days after a mosquito bite. About 1 in 5 persons suffers fever, headaches, and body aches, usually lasting a week or so. A far less lucky 1 in 150 experiences high fever, tremors, paralysis, and coma. Some—especially the elderly and those with weak immune systems—die. That is what made the major outbreaks of West Nile in the U.S. in the summer of 2012 so scary. The situation was particularly bad in Dallas, Texas, where the West Nile virus killed 10 people and sickened more than 200. The city declared a state of emergency and began aerial spraying of a pesticide to kill the mosquitoes, even though residents argued that the pesticide could be more dangerous than the disease. Why was the summer of 2012 so hospitable to the West Nile virus and the mosquitoes that carry it? Blame the weather. An extremely mild winter allowed more mosquitoes than usual to survive, while the unusually high temperatures in that scorching summer further increased their number by speeding up their life cycle. The economic crisis may have also played a role: Homeowners who were not able to pay their bank loans were forced to abandon their properties, sometimes leaving behind swimming pools that made excellent mosquito breeding grounds. The severity of tropical diseases is also a matter of whether governments are capable—and willing— to defend their populations against infections. Dallas County was not doing some of the key things to slow the spread of West Nile, such as testing dead birds and setting mosquito traps to test for the presence of the disease. Tropical infections are thus as much related to government inaction as they are to climate."
學測英文,107,47,45,閱讀測驗：細節,A,A1,T5,E1,達拉斯的做法是從空中噴灑殺蟲劑,What did Dallas County do to fight off West Nile? (A) They sprayed pesticide from the air. (B) They asked citizens to stay away from dead birds. (C) They encouraged citizens to get vaccinations. (D) They drained the swimming pools in the county.,"第45 至48 題為題組 West Nile is a tropical disease that begins in birds, which pass it on to mosquitoes that then go on to infect human beings with a bite. Most people who contract West Nile do not experience any symptoms at all, but, if they do, symptoms typically develop between 3 to 14 days after a mosquito bite. About 1 in 5 persons suffers fever, headaches, and body aches, usually lasting a week or so. A far less lucky 1 in 150 experiences high fever, tremors, paralysis, and coma. Some—especially the elderly and those with weak immune systems—die. That is what made the major outbreaks of West Nile in the U.S. in the summer of 2012 so scary. The situation was particularly bad in Dallas, Texas, where the West Nile virus killed 10 people and sickened more than 200. The city declared a state of emergency and began aerial spraying of a pesticide to kill the mosquitoes, even though residents argued that the pesticide could be more dangerous than the disease. Why was the summer of 2012 so hospitable to the West Nile virus and the mosquitoes that carry it? Blame the weather. An extremely mild winter allowed more mosquitoes than usual to survive, while the unusually high temperatures in that scorching summer further increased their number by speeding up their life cycle. The economic crisis may have also played a role: Homeowners who were not able to pay their bank loans were forced to abandon their properties, sometimes leaving behind swimming pools that made excellent mosquito breeding grounds. The severity of tropical diseases is also a matter of whether governments are capable—and willing— to defend their populations against infections. Dallas County was not doing some of the key things to slow the spread of West Nile, such as testing dead birds and setting mosquito traps to test for the presence of the disease. Tropical infections are thus as much related to government inaction as they are to climate."
學測英文,107,48,45,閱讀測驗：細節,D,A1,T6,E1,原因之一：前一個冬天特別溫和,Which of the following is a reason why Dallas was hit most seriously in the U.S. in 2012? (A) The increasing population in Texas raised the risk of contracting the disease. (B) The government did not issue a warning about the disease in time. (C) The residents worried about the county’s decision and action. (D) The weather of the previous winter was not as cold as usual.,"第45 至48 題為題組 West Nile is a tropical disease that begins in birds, which pass it on to mosquitoes that then go on to infect human beings with a bite. Most people who contract West Nile do not experience any symptoms at all, but, if they do, symptoms typically develop between 3 to 14 days after a mosquito bite. About 1 in 5 persons suffers fever, headaches, and body aches, usually lasting a week or so. A far less lucky 1 in 150 experiences high fever, tremors, paralysis, and coma. Some—especially the elderly and those with weak immune systems—die. That is what made the major outbreaks of West Nile in the U.S. in the summer of 2012 so scary. The situation was particularly bad in Dallas, Texas, where the West Nile virus killed 10 people and sickened more than 200. The city declared a state of emergency and began aerial spraying of a pesticide to kill the mosquitoes, even though residents argued that the pesticide could be more dangerous than the disease. Why was the summer of 2012 so hospitable to the West Nile virus and the mosquitoes that carry it? Blame the weather. An extremely mild winter allowed more mosquitoes than usual to survive, while the unusually high temperatures in that scorching summer further increased their number by speeding up their life cycle. The economic crisis may have also played a role: Homeowners who were not able to pay their bank loans were forced to abandon their properties, sometimes leaving behind swimming pools that made excellent mosquito breeding grounds. The severity of tropical diseases is also a matter of whether governments are capable—and willing— to defend their populations against infections. Dallas County was not doing some of the key things to slow the spread of West Nile, such as testing dead birds and setting mosquito traps to test for the presence of the disease. Tropical infections are thus as much related to government inaction as they are to climate."
學測英文,107,49,49,閱讀測驗：字義,C,A2,T5,E3,arid 與「淡水足夠的臺灣」對比，是乾燥,Which of the following is closest in meaning to “arid” in the first paragraph? (A) Occupied. (B) Isolated. (C) Dry. (D) Remote.,"第49 至52 題為題組 Most parts of Taiwan have access to sufficient supplies of fresh water for drinking. But fresh water can be in short supply in many arid regions of the world such as Saudi Arabia, where there are limited water resources. As the world population continues to grow, shortages of fresh water will occur more often and the need for additional water supplies will become critical. Some may ask, “Since the ocean covers more than 70 percent of the Earth, why not just get drinking water from the ocean?” To turn seawater into fresh water, we need to remove the salt in seawater, that is, to desalinate seawater. The problem is that the desalination of water requires a lot of energy. Salt dissolves very easily in water, forming strong chemical bonds, and those bonds are difficult to break. The energy and technology to desalinate water are both expensive, and this means that desalinating water can be costly. There are environmental costs of desalination as well. Sea life can get sucked into desalination plants, killing small ocean creatures like baby fish and plankton, upsetting the food chain. Also, there is the problem of what to do with the separated salt, which is left over as a very concentrated brine. Pumping this super-salty water back into the ocean can harm local aquatic life. Reducing these impacts is possible, but it adds to the costs. Despite the economic and environmental hurdles, desalination is becoming increasingly attractive as human beings are using up fresh water from other sources. At present, desalinating seawater is the only viable way to provide water to growing populations in rural areas of the Middle East and North Africa. Therefore, the race is on to find a cheaper, cleaner, and more energy-efficient way of desalinating seawater, and promising new findings are being reported."
學測英文,107,50,49,閱讀測驗：主旨,A,B3,T4,E2,第二段主旨：海水淡化的成本很高,What is the second paragraph mainly about? (A) The high cost of desalinating seawater. (B) The major chemical characteristics of seawater. (C) The urgent need to turn seawater into fresh water. (D) The amount of energy produced in the desalination of seawater.,"第49 至52 題為題組 Most parts of Taiwan have access to sufficient supplies of fresh water for drinking. But fresh water can be in short supply in many arid regions of the world such as Saudi Arabia, where there are limited water resources. As the world population continues to grow, shortages of fresh water will occur more often and the need for additional water supplies will become critical. Some may ask, “Since the ocean covers more than 70 percent of the Earth, why not just get drinking water from the ocean?” To turn seawater into fresh water, we need to remove the salt in seawater, that is, to desalinate seawater. The problem is that the desalination of water requires a lot of energy. Salt dissolves very easily in water, forming strong chemical bonds, and those bonds are difficult to break. The energy and technology to desalinate water are both expensive, and this means that desalinating water can be costly. There are environmental costs of desalination as well. Sea life can get sucked into desalination plants, killing small ocean creatures like baby fish and plankton, upsetting the food chain. Also, there is the problem of what to do with the separated salt, which is left over as a very concentrated brine. Pumping this super-salty water back into the ocean can harm local aquatic life. Reducing these impacts is possible, but it adds to the costs. Despite the economic and environmental hurdles, desalination is becoming increasingly attractive as human beings are using up fresh water from other sources. At present, desalinating seawater is the only viable way to provide water to growing populations in rural areas of the Middle East and North Africa. Therefore, the race is on to find a cheaper, cleaner, and more energy-efficient way of desalinating seawater, and promising new findings are being reported."
學測英文,107,51,49,閱讀測驗：細節,B,A1,T6,E1,淡化可能吸入小生物、擾亂食物鏈,"According to the passage, which of the following statements is true? (A) Mixing salt with water is not as easy as removing salt from seawater. (B) Desalinating seawater may kill some sea creatures and disturb the food chain. (C) Covering 70% of the Earth, the ocean has always satisfied human needs for water. (D) The increasing population in Saudi Arabia has resulted in shortages of fresh water.","第49 至52 題為題組 Most parts of Taiwan have access to sufficient supplies of fresh water for drinking. But fresh water can be in short supply in many arid regions of the world such as Saudi Arabia, where there are limited water resources. As the world population continues to grow, shortages of fresh water will occur more often and the need for additional water supplies will become critical. Some may ask, “Since the ocean covers more than 70 percent of the Earth, why not just get drinking water from the ocean?” To turn seawater into fresh water, we need to remove the salt in seawater, that is, to desalinate seawater. The problem is that the desalination of water requires a lot of energy. Salt dissolves very easily in water, forming strong chemical bonds, and those bonds are difficult to break. The energy and technology to desalinate water are both expensive, and this means that desalinating water can be costly. There are environmental costs of desalination as well. Sea life can get sucked into desalination plants, killing small ocean creatures like baby fish and plankton, upsetting the food chain. Also, there is the problem of what to do with the separated salt, which is left over as a very concentrated brine. Pumping this super-salty water back into the ocean can harm local aquatic life. Reducing these impacts is possible, but it adds to the costs. Despite the economic and environmental hurdles, desalination is becoming increasingly attractive as human beings are using up fresh water from other sources. At present, desalinating seawater is the only viable way to provide water to growing populations in rural areas of the Middle East and North Africa. Therefore, the race is on to find a cheaper, cleaner, and more energy-efficient way of desalinating seawater, and promising new findings are being reported."
學測英文,107,52,49,閱讀測驗：態度語氣,D,C2,T2,E6,結尾說有「有希望的新發現」，作者態度樂觀,Which of the following best describes the author’s attitude toward the future of desalination? (A) Amazed. (B) Doubtful. (C) Conservative. (D) Hopeful.,"第49 至52 題為題組 Most parts of Taiwan have access to sufficient supplies of fresh water for drinking. But fresh water can be in short supply in many arid regions of the world such as Saudi Arabia, where there are limited water resources. As the world population continues to grow, shortages of fresh water will occur more often and the need for additional water supplies will become critical. Some may ask, “Since the ocean covers more than 70 percent of the Earth, why not just get drinking water from the ocean?” To turn seawater into fresh water, we need to remove the salt in seawater, that is, to desalinate seawater. The problem is that the desalination of water requires a lot of energy. Salt dissolves very easily in water, forming strong chemical bonds, and those bonds are difficult to break. The energy and technology to desalinate water are both expensive, and this means that desalinating water can be costly. There are environmental costs of desalination as well. Sea life can get sucked into desalination plants, killing small ocean creatures like baby fish and plankton, upsetting the food chain. Also, there is the problem of what to do with the separated salt, which is left over as a very concentrated brine. Pumping this super-salty water back into the ocean can harm local aquatic life. Reducing these impacts is possible, but it adds to the costs. Despite the economic and environmental hurdles, desalination is becoming increasingly attractive as human beings are using up fresh water from other sources. At present, desalinating seawater is the only viable way to provide water to growing populations in rural areas of the Middle East and North Africa. Therefore, the race is on to find a cheaper, cleaner, and more energy-efficient way of desalinating seawater, and promising new findings are being reported."
學測英文,107,53,53,閱讀測驗：主旨,B,B3,T4,E2,標題：搖籃曲的功能，不只是起源或恐怖的歌詞,Which of the following titles best describes the main idea of this passage? (A) The Origin of Lullabies (B) The Functions of Lullabies (C) Threatening Lullabies (D) Sleep-Inducing Lullabies,"第53 至56 題為題組 Four millennia ago, an ancient Babylonian wrote down what is possibly the first lullaby. It is a rather threatening lullaby, in which the baby is scolded for disturbing the house god with its crying and warned of terrifying consequences. It may have got the baby to sleep, but its message is far from comforting: If he/she does not stop crying, the demon will eat him/her. This lullaby may sound more scary than sleep- inducing, yet it is true that many lullabies—including those sung today—have dark undertones. Research has shown that lullabies, when used correctly, can soothe and possibly even help to heal an infant; but it is the caretaker’s voice and the rhythm and melody of the music that babies respond to, not the content of the song. Then, what is the function of the content? According to studies, some lullabies provide advice, like the Babylonian lullaby, and quite a few others offer the space to sing the unsung, say the unsayable. Lyrics to those lullabies can indeed be interpreted as a reflection of the caregiver’s emotions. Researchers believe that a large part of the function of lullabies is to help a mother vocalize her worries and concerns. The mother’s fear of loss especially makes sense since the infant/toddler years of life are fragile ones. Since there is a special physical bond between mother and child during this period, mothers feel they can sing to their child about their own fears and anxieties. Lullabies, therefore, serve as therapy for the mother. In addition, the songs are seemingly trying to work some magic—as if, by singing, the mother is saying, “Sadness has already touched this house; no need to come by again.”"
學測英文,107,54,53,閱讀測驗：字義,D,A2,T1,E3,undertones：隱含的訊息,Which of the following is closest in meaning to the word “undertones” in the first paragraph? (A) Consequences. (B) Vocals. (C) Whispers. (D) Messages.,"第53 至56 題為題組 Four millennia ago, an ancient Babylonian wrote down what is possibly the first lullaby. It is a rather threatening lullaby, in which the baby is scolded for disturbing the house god with its crying and warned of terrifying consequences. It may have got the baby to sleep, but its message is far from comforting: If he/she does not stop crying, the demon will eat him/her. This lullaby may sound more scary than sleep- inducing, yet it is true that many lullabies—including those sung today—have dark undertones. Research has shown that lullabies, when used correctly, can soothe and possibly even help to heal an infant; but it is the caretaker’s voice and the rhythm and melody of the music that babies respond to, not the content of the song. Then, what is the function of the content? According to studies, some lullabies provide advice, like the Babylonian lullaby, and quite a few others offer the space to sing the unsung, say the unsayable. Lyrics to those lullabies can indeed be interpreted as a reflection of the caregiver’s emotions. Researchers believe that a large part of the function of lullabies is to help a mother vocalize her worries and concerns. The mother’s fear of loss especially makes sense since the infant/toddler years of life are fragile ones. Since there is a special physical bond between mother and child during this period, mothers feel they can sing to their child about their own fears and anxieties. Lullabies, therefore, serve as therapy for the mother. In addition, the songs are seemingly trying to work some magic—as if, by singing, the mother is saying, “Sadness has already touched this house; no need to come by again.”"
學測英文,107,55,53,閱讀測驗：組織與手法,A,C1,T3,E6,用研究報告支持「搖籃曲能安撫」的說法,What does the author use to support the idea that lullabies can have a soothing effect? (A) Research reports. (B) Examples found in history. (C) Stories of caretakers. (D) The author’s personal experiences.,"第53 至56 題為題組 Four millennia ago, an ancient Babylonian wrote down what is possibly the first lullaby. It is a rather threatening lullaby, in which the baby is scolded for disturbing the house god with its crying and warned of terrifying consequences. It may have got the baby to sleep, but its message is far from comforting: If he/she does not stop crying, the demon will eat him/her. This lullaby may sound more scary than sleep- inducing, yet it is true that many lullabies—including those sung today—have dark undertones. Research has shown that lullabies, when used correctly, can soothe and possibly even help to heal an infant; but it is the caretaker’s voice and the rhythm and melody of the music that babies respond to, not the content of the song. Then, what is the function of the content? According to studies, some lullabies provide advice, like the Babylonian lullaby, and quite a few others offer the space to sing the unsung, say the unsayable. Lyrics to those lullabies can indeed be interpreted as a reflection of the caregiver’s emotions. Researchers believe that a large part of the function of lullabies is to help a mother vocalize her worries and concerns. The mother’s fear of loss especially makes sense since the infant/toddler years of life are fragile ones. Since there is a special physical bond between mother and child during this period, mothers feel they can sing to their child about their own fears and anxieties. Lullabies, therefore, serve as therapy for the mother. In addition, the songs are seemingly trying to work some magic—as if, by singing, the mother is saying, “Sadness has already touched this house; no need to come by again.”"
學測英文,107,56,53,閱讀測驗：細節,C,A1,T6,E1,搖籃曲安慰的不只寶寶，也包括媽媽,"According to this passage, which of the following statements is true? (A) Scary lullabies better help babies fall asleep. (B) Mothers prefer to sing lullabies with a joyful melody. (C) Lullabies comfort not only the baby but also the mother. (D) Babies react to both the music and the lyrics of lullabies.","第53 至56 題為題組 Four millennia ago, an ancient Babylonian wrote down what is possibly the first lullaby. It is a rather threatening lullaby, in which the baby is scolded for disturbing the house god with its crying and warned of terrifying consequences. It may have got the baby to sleep, but its message is far from comforting: If he/she does not stop crying, the demon will eat him/her. This lullaby may sound more scary than sleep- inducing, yet it is true that many lullabies—including those sung today—have dark undertones. Research has shown that lullabies, when used correctly, can soothe and possibly even help to heal an infant; but it is the caretaker’s voice and the rhythm and melody of the music that babies respond to, not the content of the song. Then, what is the function of the content? According to studies, some lullabies provide advice, like the Babylonian lullaby, and quite a few others offer the space to sing the unsung, say the unsayable. Lyrics to those lullabies can indeed be interpreted as a reflection of the caregiver’s emotions. Researchers believe that a large part of the function of lullabies is to help a mother vocalize her worries and concerns. The mother’s fear of loss especially makes sense since the infant/toddler years of life are fragile ones. Since there is a special physical bond between mother and child during this period, mothers feel they can sing to their child about their own fears and anxieties. Lullabies, therefore, serve as therapy for the mother. In addition, the songs are seemingly trying to work some magic—as if, by singing, the mother is saying, “Sadness has already touched this house; no need to come by again.”"
學測英文,108,1,,詞彙：privacy,C,K1,T7,E10,privacy：不希望父母未經同意翻他的東西,Bobby cared a lot about his _____ at home and asked his parents not to go through his things without his permission. (A) discipline (B) facility (C) privacy (D) representation,
學測英文,108,2,,詞彙：mean,C,K1,T6,E10,與「和善謙虛」對比，前任主管「刻薄」mean,"The new manager is a real gentleman. He is kind and humble, totally different from the former manager, who was _____ and bossy. (A) eager (B) liberal (C) mean (D) inferior",
學測英文,108,3,,詞彙：predicted,D,K1,T7,E10,predicted：氣象局「預測」颱風會帶來風雨,"The weather bureau _____ that the typhoon would bring strong winds and heavy rains, and warned everyone of the possible danger. (A) conveyed (B) associated (C) interpreted (D) predicted",
學測英文,108,4,,詞彙：restrictions,B,K1,T7,E10,restrictions：限制隨身行李七公斤,"Different airlines have different _____ for carry-on luggage, but many international airlines limit a carry-on piece to 7 kilograms. (A) landmarks (B) restrictions (C) percentages (D) circumstances",
學測英文,108,5,,詞彙：declared,B,K1,T7,E10,declared：政府「宣布」兒童節為國定假日,Many people were happy that the government had finally _____ Children’s Day as a national holiday. (A) appointed (B) declared (C) performed (D) involved,
學測英文,108,6,,詞彙：proposed,C,K1,T7,E10,proposed a plan：提出計畫,"To reach the goal of making her company a market leader, Michelle _____ a plan to open ten new stores around the country this year. (A) advised (B) occupied (C) proposed (D) recognized",
學測英文,108,7,,詞彙：expressive,B,K1,T7,E10,expressive：沉默和說話一樣能「表達」意思,"Silence in some way is as _____ as speech. It can be used to show, for example, disagreement or lack of interest. (A) sociable (B) expressive (C) reasonable (D) objective",
學測英文,108,8,,詞彙：particularly,A,K1,T7,E10,particularly：特別是五歲以下的孩子,"This TV program is designed for children, _____ for those under five. It contains no violence or strong language. (A) particularly (B) sensibly (C) moderately (D) considerably",
學測英文,108,9,,詞彙：stumble,A,K1,T7,E10,stumble on：被玩具絆倒,"Tommy, please put away the toys in the box, or you might _____ on them and hurt yourself. (A) stumble (B) graze (C) navigate (D) dwell",
學測英文,108,10,,詞彙：annual,B,K1,T7,E10,annual：每年九月舉辦，是「年度」活動,"The _____ costume party, held every September, is one of the biggest events of the school year. (A) initial (B) annual (C) evident (D) occasional",
學測英文,108,11,,詞彙：factors,A,K1,T7,E10,factors：影響面試官決定的「因素」,"In a job interview, attitude and personality are usually important _____ that influence the decision of the interviewers. (A) factors (B) outcomes (C) missions (D) identities",
學測英文,108,12,,詞彙：vividly,D,K1,T7,E10,vividly：描寫生動，景象彷彿活了起來,The snow-capped mountain is described so _____ in the book that the scene seems to come alive in front of the reader’s eyes. (A) distantly (B) meaningfully (C) cheerfully (D) vividly,
學測英文,108,13,,詞彙：chirping,D,K1,T7,E10,birds chirping：鳥兒啁啾,"Surrounded by flowers blooming and birds _____ merrily, the Wangs had a good time hiking in the national park. (A) napping (B) scooping (C) flipping (D) chirping",
學測英文,108,14,,詞彙：contact,B,K1,T7,E10,maintain contact：保持聯絡,It is essential for us to maintain constant _____ with our friends to ensure that we have someone to talk to in times of need. (A) benefit (B) contact (C) gesture (D) favor,
學測英文,108,15,,詞彙：manual,C,K1,T7,E10,manual labor：勞力工作，如蓋房子、採水果,"The young generation in this country has shown less interest in factory work and other _____ labor jobs, such as house construction and fruit picking. (A) causal (B) durable (C) manual (D) violent",
學測英文,108,16,16,綜合測驗：stems from,C,B5,T6,E7,因果方向：愚人節「源自」新曆法，stem from,(A) leads to (B) brings out (C) stems from (D) comes across,"第16 至20 題為題組 April Fools’ Day, one of the most light-hearted days of the year, has an unclear origin. Some see it as a celebration related to the turn of the seasons from winter to spring; others, however, believe that it 16 the adoption of a new calendar. Ancient cultures celebrated New Year’s Day on or around April 1, which roughly coincides with the beginning of spring. In 1582, Pope Gregory XIII ordered a new calendar, which called for New Year’s Day to be celebrated on January 1. However, many people, either refusing to accept the new date or not having heard about it, 17 to celebrate New Year’s Day on April 1. Other people began to make fun of these traditionalists, sending them on “fool’s errands” or trying to fool them into believing something false. 18 , the practice spread throughout Europe and the rest of the world. Nowadays, on April Fools’ Day, people often 19 to create elaborate hoaxes to fool others. Newspapers, radio and TV stations, and websites have participated in the April 1 tradition of making 20 reports in order to fool their audiences. The BBC once reported that Swiss farmers were experiencing a spaghetti crop and showed scenes of people harvesting noodles from trees. Guess what? Numerous viewers were fooled."
學測英文,108,17,16,綜合測驗：continued,D,K2,T8,E12,many people 的主要動詞：continued（過去式）,(A) continue (B) continuing (C) to continue (D) continued,"第16 至20 題為題組 April Fools’ Day, one of the most light-hearted days of the year, has an unclear origin. Some see it as a celebration related to the turn of the seasons from winter to spring; others, however, believe that it 16 the adoption of a new calendar. Ancient cultures celebrated New Year’s Day on or around April 1, which roughly coincides with the beginning of spring. In 1582, Pope Gregory XIII ordered a new calendar, which called for New Year’s Day to be celebrated on January 1. However, many people, either refusing to accept the new date or not having heard about it, 17 to celebrate New Year’s Day on April 1. Other people began to make fun of these traditionalists, sending them on “fool’s errands” or trying to fool them into believing something false. 18 , the practice spread throughout Europe and the rest of the world. Nowadays, on April Fools’ Day, people often 19 to create elaborate hoaxes to fool others. Newspapers, radio and TV stations, and websites have participated in the April 1 tradition of making 20 reports in order to fool their audiences. The BBC once reported that Swiss farmers were experiencing a spaghetti crop and showed scenes of people harvesting noodles from trees. Guess what? Numerous viewers were fooled."
學測英文,108,18,16,綜合測驗：Eventually,B,B5,T6,E7,時間轉承：這種做法「最後」傳遍歐洲,(A) Precisely (B) Eventually (C) Additionally (D) Literally,"第16 至20 題為題組 April Fools’ Day, one of the most light-hearted days of the year, has an unclear origin. Some see it as a celebration related to the turn of the seasons from winter to spring; others, however, believe that it 16 the adoption of a new calendar. Ancient cultures celebrated New Year’s Day on or around April 1, which roughly coincides with the beginning of spring. In 1582, Pope Gregory XIII ordered a new calendar, which called for New Year’s Day to be celebrated on January 1. However, many people, either refusing to accept the new date or not having heard about it, 17 to celebrate New Year’s Day on April 1. Other people began to make fun of these traditionalists, sending them on “fool’s errands” or trying to fool them into believing something false. 18 , the practice spread throughout Europe and the rest of the world. Nowadays, on April Fools’ Day, people often 19 to create elaborate hoaxes to fool others. Newspapers, radio and TV stations, and websites have participated in the April 1 tradition of making 20 reports in order to fool their audiences. The BBC once reported that Swiss farmers were experiencing a spaghetti crop and showed scenes of people harvesting noodles from trees. Guess what? Numerous viewers were fooled."
學測英文,108,19,16,綜合測驗：go to great lengths,B,K1,T7,E11,go to great lengths：費盡心思製造騙局,(A) come to an end (B) go to great lengths (C) put in service (D) hold in store,"第16 至20 題為題組 April Fools’ Day, one of the most light-hearted days of the year, has an unclear origin. Some see it as a celebration related to the turn of the seasons from winter to spring; others, however, believe that it 16 the adoption of a new calendar. Ancient cultures celebrated New Year’s Day on or around April 1, which roughly coincides with the beginning of spring. In 1582, Pope Gregory XIII ordered a new calendar, which called for New Year’s Day to be celebrated on January 1. However, many people, either refusing to accept the new date or not having heard about it, 17 to celebrate New Year’s Day on April 1. Other people began to make fun of these traditionalists, sending them on “fool’s errands” or trying to fool them into believing something false. 18 , the practice spread throughout Europe and the rest of the world. Nowadays, on April Fools’ Day, people often 19 to create elaborate hoaxes to fool others. Newspapers, radio and TV stations, and websites have participated in the April 1 tradition of making 20 reports in order to fool their audiences. The BBC once reported that Swiss farmers were experiencing a spaghetti crop and showed scenes of people harvesting noodles from trees. Guess what? Numerous viewers were fooled."
學測英文,108,20,16,綜合測驗：fictional,A,K1,T1,E11,fictional reports：虛構的報導,(A) fictional (B) essential (C) ancient (D) subjective,"第16 至20 題為題組 April Fools’ Day, one of the most light-hearted days of the year, has an unclear origin. Some see it as a celebration related to the turn of the seasons from winter to spring; others, however, believe that it 16 the adoption of a new calendar. Ancient cultures celebrated New Year’s Day on or around April 1, which roughly coincides with the beginning of spring. In 1582, Pope Gregory XIII ordered a new calendar, which called for New Year’s Day to be celebrated on January 1. However, many people, either refusing to accept the new date or not having heard about it, 17 to celebrate New Year’s Day on April 1. Other people began to make fun of these traditionalists, sending them on “fool’s errands” or trying to fool them into believing something false. 18 , the practice spread throughout Europe and the rest of the world. Nowadays, on April Fools’ Day, people often 19 to create elaborate hoaxes to fool others. Newspapers, radio and TV stations, and websites have participated in the April 1 tradition of making 20 reports in order to fool their audiences. The BBC once reported that Swiss farmers were experiencing a spaghetti crop and showed scenes of people harvesting noodles from trees. Guess what? Numerous viewers were fooled."
學測英文,108,21,21,綜合測驗：serve as,D,K1,T7,E11,serve as a substitute：當作替代品,(A) bring along (B) turn out (C) account for (D) serve as,"第21 至25 題為題組 The pineapple, a delicious tropical fruit, has been valued for centuries not only for its distinct and unique taste, but also for its miraculous health and medical benefits. But pineapples can also be a fashionable fruit: Pineapple leaves can 21 a substitute for leather. The idea was developed when a Spanish designer travelling to the Philippines observed a traditional Filipino shirt 22 together with the fibers of pineapple leaves. After five years of research, she created from pineapple leaves a material which, like real leather, can be used for making bags, shoes, and 23 textile products. It is an eco-friendly and biodegradable fiber. This eco-friendly leather has clear 24 for the environment, compared to real leather and synthetic leathers. It requires fewer chemicals, making it safer for the workers in factories. Its manufacture also leaves a smaller carbon footprint. In addition, the leftover material following the removal of fibers can even be used as a natural fertilizer back in the pineapple fields. 25 its low cost, this innovative material is already being used by many leading fashion companies to make their products."
學測英文,108,22,21,綜合測驗：woven,C,K2,T8,E12,shirt「被」織成：過去分詞 woven,(A) wove (B) weaving (C) woven (D) to weave,"第21 至25 題為題組 The pineapple, a delicious tropical fruit, has been valued for centuries not only for its distinct and unique taste, but also for its miraculous health and medical benefits. But pineapples can also be a fashionable fruit: Pineapple leaves can 21 a substitute for leather. The idea was developed when a Spanish designer travelling to the Philippines observed a traditional Filipino shirt 22 together with the fibers of pineapple leaves. After five years of research, she created from pineapple leaves a material which, like real leather, can be used for making bags, shoes, and 23 textile products. It is an eco-friendly and biodegradable fiber. This eco-friendly leather has clear 24 for the environment, compared to real leather and synthetic leathers. It requires fewer chemicals, making it safer for the workers in factories. Its manufacture also leaves a smaller carbon footprint. In addition, the leftover material following the removal of fibers can even be used as a natural fertilizer back in the pineapple fields. 25 its low cost, this innovative material is already being used by many leading fashion companies to make their products."
學測英文,108,23,21,綜合測驗：other,C,K1,T7,E11,other textile products：其他紡織品,(A) else (B) those (C) other (D) such,"第21 至25 題為題組 The pineapple, a delicious tropical fruit, has been valued for centuries not only for its distinct and unique taste, but also for its miraculous health and medical benefits. But pineapples can also be a fashionable fruit: Pineapple leaves can 21 a substitute for leather. The idea was developed when a Spanish designer travelling to the Philippines observed a traditional Filipino shirt 22 together with the fibers of pineapple leaves. After five years of research, she created from pineapple leaves a material which, like real leather, can be used for making bags, shoes, and 23 textile products. It is an eco-friendly and biodegradable fiber. This eco-friendly leather has clear 24 for the environment, compared to real leather and synthetic leathers. It requires fewer chemicals, making it safer for the workers in factories. Its manufacture also leaves a smaller carbon footprint. In addition, the leftover material following the removal of fibers can even be used as a natural fertilizer back in the pineapple fields. 25 its low cost, this innovative material is already being used by many leading fashion companies to make their products."
學測英文,108,24,21,綜合測驗：advantages,A,K1,T6,E11,下文列舉對環境的好處：advantages,(A) advantages (B) considerations (C) opportunities (D) responsibilities,"第21 至25 題為題組 The pineapple, a delicious tropical fruit, has been valued for centuries not only for its distinct and unique taste, but also for its miraculous health and medical benefits. But pineapples can also be a fashionable fruit: Pineapple leaves can 21 a substitute for leather. The idea was developed when a Spanish designer travelling to the Philippines observed a traditional Filipino shirt 22 together with the fibers of pineapple leaves. After five years of research, she created from pineapple leaves a material which, like real leather, can be used for making bags, shoes, and 23 textile products. It is an eco-friendly and biodegradable fiber. This eco-friendly leather has clear 24 for the environment, compared to real leather and synthetic leathers. It requires fewer chemicals, making it safer for the workers in factories. Its manufacture also leaves a smaller carbon footprint. In addition, the leftover material following the removal of fibers can even be used as a natural fertilizer back in the pineapple fields. 25 its low cost, this innovative material is already being used by many leading fashion companies to make their products."
學測英文,108,25,21,綜合測驗：Due to,A,B5,T6,E7,因果：因為成本低，所以被大量採用，Due to,(A) Due to (B) Nothing but (C) In contrast to (D) On behalf of,"第21 至25 題為題組 The pineapple, a delicious tropical fruit, has been valued for centuries not only for its distinct and unique taste, but also for its miraculous health and medical benefits. But pineapples can also be a fashionable fruit: Pineapple leaves can 21 a substitute for leather. The idea was developed when a Spanish designer travelling to the Philippines observed a traditional Filipino shirt 22 together with the fibers of pineapple leaves. After five years of research, she created from pineapple leaves a material which, like real leather, can be used for making bags, shoes, and 23 textile products. It is an eco-friendly and biodegradable fiber. This eco-friendly leather has clear 24 for the environment, compared to real leather and synthetic leathers. It requires fewer chemicals, making it safer for the workers in factories. Its manufacture also leaves a smaller carbon footprint. In addition, the leftover material following the removal of fibers can even be used as a natural fertilizer back in the pineapple fields. 25 its low cost, this innovative material is already being used by many leading fashion companies to make their products."
學測英文,108,26,26,綜合測驗：into,B,K1,T7,E11,be built into：內建在眼鏡裡,(A) beyond (B) into (C) from (D) with,"第26 至30 題為題組 Researchers from a university in Japan have developed “diet-glasses” that play tricks with one’s perception of food, which could be helpful to people on a diet. A camera and a viewing system are built 26 these glasses. As the wearer brings the food toward their mouth, the camera captures an image of the food. It replays the image back through the glasses after processing it on an attached computer. The size of the food they are about to eat is magnified while 27 of their hand remains normal. Their brain is 28 tricked into thinking they are eating more than they really are. The study showed that participants who wore the glasses ate 9.3% less than those who did not wear them. The team has also developed a special device which uses scent bottles and visual trickery to make the wearers of these glasses think that the plain snack they are eating is 29 than it actually is. The device, for instance, can be set to 30 one’s favorite flavor. Recent experiments with this device showed that 80% of the participants were fooled by the smell. For example, some participants thought that they were eating a chocolate snack, but in fact they were not."
學測英文,108,27,26,綜合測驗：that,B,K2,T8,E12,代名詞 that 代替前面的 the size,(A) this (B) that (C) some (D) other,"第26 至30 題為題組 Researchers from a university in Japan have developed “diet-glasses” that play tricks with one’s perception of food, which could be helpful to people on a diet. A camera and a viewing system are built 26 these glasses. As the wearer brings the food toward their mouth, the camera captures an image of the food. It replays the image back through the glasses after processing it on an attached computer. The size of the food they are about to eat is magnified while 27 of their hand remains normal. Their brain is 28 tricked into thinking they are eating more than they really are. The study showed that participants who wore the glasses ate 9.3% less than those who did not wear them. The team has also developed a special device which uses scent bottles and visual trickery to make the wearers of these glasses think that the plain snack they are eating is 29 than it actually is. The device, for instance, can be set to 30 one’s favorite flavor. Recent experiments with this device showed that 80% of the participants were fooled by the smell. For example, some participants thought that they were eating a chocolate snack, but in fact they were not."
學測英文,108,28,26,綜合測驗：therefore,D,B5,T6,E7,前句是原因，這句是結果：therefore,(A) beforehand (B) likewise (C) instead (D) therefore,"第26 至30 題為題組 Researchers from a university in Japan have developed “diet-glasses” that play tricks with one’s perception of food, which could be helpful to people on a diet. A camera and a viewing system are built 26 these glasses. As the wearer brings the food toward their mouth, the camera captures an image of the food. It replays the image back through the glasses after processing it on an attached computer. The size of the food they are about to eat is magnified while 27 of their hand remains normal. Their brain is 28 tricked into thinking they are eating more than they really are. The study showed that participants who wore the glasses ate 9.3% less than those who did not wear them. The team has also developed a special device which uses scent bottles and visual trickery to make the wearers of these glasses think that the plain snack they are eating is 29 than it actually is. The device, for instance, can be set to 30 one’s favorite flavor. Recent experiments with this device showed that 80% of the participants were fooled by the smell. For example, some participants thought that they were eating a chocolate snack, but in fact they were not."
學測英文,108,29,26,綜合測驗：tastier,D,K1,T6,E11,下文說以為在吃巧克力：讓零食吃起來「更美味」,(A) prettier (B) larger (C) healthier (D) tastier,"第26 至30 題為題組 Researchers from a university in Japan have developed “diet-glasses” that play tricks with one’s perception of food, which could be helpful to people on a diet. A camera and a viewing system are built 26 these glasses. As the wearer brings the food toward their mouth, the camera captures an image of the food. It replays the image back through the glasses after processing it on an attached computer. The size of the food they are about to eat is magnified while 27 of their hand remains normal. Their brain is 28 tricked into thinking they are eating more than they really are. The study showed that participants who wore the glasses ate 9.3% less than those who did not wear them. The team has also developed a special device which uses scent bottles and visual trickery to make the wearers of these glasses think that the plain snack they are eating is 29 than it actually is. The device, for instance, can be set to 30 one’s favorite flavor. Recent experiments with this device showed that 80% of the participants were fooled by the smell. For example, some participants thought that they were eating a chocolate snack, but in fact they were not."
學測英文,108,30,26,綜合測驗：release,B,K1,T7,E11,release one's favorite flavor：釋放喜歡的氣味,(A) impress (B) release (C) bother (D) attract,"第26 至30 題為題組 Researchers from a university in Japan have developed “diet-glasses” that play tricks with one’s perception of food, which could be helpful to people on a diet. A camera and a viewing system are built 26 these glasses. As the wearer brings the food toward their mouth, the camera captures an image of the food. It replays the image back through the glasses after processing it on an attached computer. The size of the food they are about to eat is magnified while 27 of their hand remains normal. Their brain is 28 tricked into thinking they are eating more than they really are. The study showed that participants who wore the glasses ate 9.3% less than those who did not wear them. The team has also developed a special device which uses scent bottles and visual trickery to make the wearers of these glasses think that the plain snack they are eating is 29 than it actually is. The device, for instance, can be set to 30 one’s favorite flavor. Recent experiments with this device showed that 80% of the participants were fooled by the smell. For example, some participants thought that they were eating a chocolate snack, but in fact they were not."
學測英文,108,31,31,文意選填：ruined,G,K1,T6,E9,花總晚一個月送到，「毀了」週年慶祝 ruined,,"第31 至40 題為題組 My father started to suffer from memory loss right after his marriage. Or so my mother told us. She said they were married on May 26, while my dad’s memory told him it was June 25. This often 31 their anniversary celebration, for his rose bouquet always came one month late. Mom seldom asked Dad to go shopping in the traditional market for her. But whenever Dad 32 on going, she made sure that he brought a shopping list. Dad certainly had the list 33 when he left for the market, but he would somehow forget it, and then would find it again only after he returned home. Of course, the 34 that he made were based mainly on his memory of the list. Unfortunately, the items were usually different from Mom’s 35 . My father’s poor memory gave him certain advantages, though. For instance, he was 36 with many secrets in my family and our community. Because of his poor memory, he had the 37 of hearing everyone’s private matters. The reason was 38 : Dad would not remember any of it, we thought. As for our neighbors, they liked to invite my father to dinner so that they could tell him stories about their children, parents, friends, and pets. They also believed the secrets in their families would never be 39 . They were quite right, for my father cared 40 about who did what to whom. But there is one thing he would never forget: showing up for dinner on time. (A) little (B) purchases (C) trusted (D) requests (E) insisted (F) ready (G) ruined (H) privilege ( I ) revealed (J) obvious"
學測英文,108,32,31,文意選填：insisted,E,K2,T8,E12,insisted on going：堅持要去,,"第31 至40 題為題組 My father started to suffer from memory loss right after his marriage. Or so my mother told us. She said they were married on May 26, while my dad’s memory told him it was June 25. This often 31 their anniversary celebration, for his rose bouquet always came one month late. Mom seldom asked Dad to go shopping in the traditional market for her. But whenever Dad 32 on going, she made sure that he brought a shopping list. Dad certainly had the list 33 when he left for the market, but he would somehow forget it, and then would find it again only after he returned home. Of course, the 34 that he made were based mainly on his memory of the list. Unfortunately, the items were usually different from Mom’s 35 . My father’s poor memory gave him certain advantages, though. For instance, he was 36 with many secrets in my family and our community. Because of his poor memory, he had the 37 of hearing everyone’s private matters. The reason was 38 : Dad would not remember any of it, we thought. As for our neighbors, they liked to invite my father to dinner so that they could tell him stories about their children, parents, friends, and pets. They also believed the secrets in their families would never be 39 . They were quite right, for my father cared 40 about who did what to whom. But there is one thing he would never forget: showing up for dinner on time. (A) little (B) purchases (C) trusted (D) requests (E) insisted (F) ready (G) ruined (H) privilege ( I ) revealed (J) obvious"
學測英文,108,33,31,文意選填：ready,F,K1,T7,E9,had the list ready：出門時清單準備好了,,"第31 至40 題為題組 My father started to suffer from memory loss right after his marriage. Or so my mother told us. She said they were married on May 26, while my dad’s memory told him it was June 25. This often 31 their anniversary celebration, for his rose bouquet always came one month late. Mom seldom asked Dad to go shopping in the traditional market for her. But whenever Dad 32 on going, she made sure that he brought a shopping list. Dad certainly had the list 33 when he left for the market, but he would somehow forget it, and then would find it again only after he returned home. Of course, the 34 that he made were based mainly on his memory of the list. Unfortunately, the items were usually different from Mom’s 35 . My father’s poor memory gave him certain advantages, though. For instance, he was 36 with many secrets in my family and our community. Because of his poor memory, he had the 37 of hearing everyone’s private matters. The reason was 38 : Dad would not remember any of it, we thought. As for our neighbors, they liked to invite my father to dinner so that they could tell him stories about their children, parents, friends, and pets. They also believed the secrets in their families would never be 39 . They were quite right, for my father cared 40 about who did what to whom. But there is one thing he would never forget: showing up for dinner on time. (A) little (B) purchases (C) trusted (D) requests (E) insisted (F) ready (G) ruined (H) privilege ( I ) revealed (J) obvious"
學測英文,108,34,31,文意選填：purchases,B,K1,T7,E9,purchases：他買的東西,,"第31 至40 題為題組 My father started to suffer from memory loss right after his marriage. Or so my mother told us. She said they were married on May 26, while my dad’s memory told him it was June 25. This often 31 their anniversary celebration, for his rose bouquet always came one month late. Mom seldom asked Dad to go shopping in the traditional market for her. But whenever Dad 32 on going, she made sure that he brought a shopping list. Dad certainly had the list 33 when he left for the market, but he would somehow forget it, and then would find it again only after he returned home. Of course, the 34 that he made were based mainly on his memory of the list. Unfortunately, the items were usually different from Mom’s 35 . My father’s poor memory gave him certain advantages, though. For instance, he was 36 with many secrets in my family and our community. Because of his poor memory, he had the 37 of hearing everyone’s private matters. The reason was 38 : Dad would not remember any of it, we thought. As for our neighbors, they liked to invite my father to dinner so that they could tell him stories about their children, parents, friends, and pets. They also believed the secrets in their families would never be 39 . They were quite right, for my father cared 40 about who did what to whom. But there is one thing he would never forget: showing up for dinner on time. (A) little (B) purchases (C) trusted (D) requests (E) insisted (F) ready (G) ruined (H) privilege ( I ) revealed (J) obvious"
學測英文,108,35,31,文意選填：requests,D,K1,T7,E9,requests：媽媽要的東西,,"第31 至40 題為題組 My father started to suffer from memory loss right after his marriage. Or so my mother told us. She said they were married on May 26, while my dad’s memory told him it was June 25. This often 31 their anniversary celebration, for his rose bouquet always came one month late. Mom seldom asked Dad to go shopping in the traditional market for her. But whenever Dad 32 on going, she made sure that he brought a shopping list. Dad certainly had the list 33 when he left for the market, but he would somehow forget it, and then would find it again only after he returned home. Of course, the 34 that he made were based mainly on his memory of the list. Unfortunately, the items were usually different from Mom’s 35 . My father’s poor memory gave him certain advantages, though. For instance, he was 36 with many secrets in my family and our community. Because of his poor memory, he had the 37 of hearing everyone’s private matters. The reason was 38 : Dad would not remember any of it, we thought. As for our neighbors, they liked to invite my father to dinner so that they could tell him stories about their children, parents, friends, and pets. They also believed the secrets in their families would never be 39 . They were quite right, for my father cared 40 about who did what to whom. But there is one thing he would never forget: showing up for dinner on time. (A) little (B) purchases (C) trusted (D) requests (E) insisted (F) ready (G) ruined (H) privilege ( I ) revealed (J) obvious"
學測英文,108,36,31,文意選填：trusted,C,K2,T8,E12,was trusted with secrets：被託付祕密（被動）,,"第31 至40 題為題組 My father started to suffer from memory loss right after his marriage. Or so my mother told us. She said they were married on May 26, while my dad’s memory told him it was June 25. This often 31 their anniversary celebration, for his rose bouquet always came one month late. Mom seldom asked Dad to go shopping in the traditional market for her. But whenever Dad 32 on going, she made sure that he brought a shopping list. Dad certainly had the list 33 when he left for the market, but he would somehow forget it, and then would find it again only after he returned home. Of course, the 34 that he made were based mainly on his memory of the list. Unfortunately, the items were usually different from Mom’s 35 . My father’s poor memory gave him certain advantages, though. For instance, he was 36 with many secrets in my family and our community. Because of his poor memory, he had the 37 of hearing everyone’s private matters. The reason was 38 : Dad would not remember any of it, we thought. As for our neighbors, they liked to invite my father to dinner so that they could tell him stories about their children, parents, friends, and pets. They also believed the secrets in their families would never be 39 . They were quite right, for my father cared 40 about who did what to whom. But there is one thing he would never forget: showing up for dinner on time. (A) little (B) purchases (C) trusted (D) requests (E) insisted (F) ready (G) ruined (H) privilege ( I ) revealed (J) obvious"
學測英文,108,37,31,文意選填：privilege,H,K1,T7,E9,had the privilege of：有幸聽到,,"第31 至40 題為題組 My father started to suffer from memory loss right after his marriage. Or so my mother told us. She said they were married on May 26, while my dad’s memory told him it was June 25. This often 31 their anniversary celebration, for his rose bouquet always came one month late. Mom seldom asked Dad to go shopping in the traditional market for her. But whenever Dad 32 on going, she made sure that he brought a shopping list. Dad certainly had the list 33 when he left for the market, but he would somehow forget it, and then would find it again only after he returned home. Of course, the 34 that he made were based mainly on his memory of the list. Unfortunately, the items were usually different from Mom’s 35 . My father’s poor memory gave him certain advantages, though. For instance, he was 36 with many secrets in my family and our community. Because of his poor memory, he had the 37 of hearing everyone’s private matters. The reason was 38 : Dad would not remember any of it, we thought. As for our neighbors, they liked to invite my father to dinner so that they could tell him stories about their children, parents, friends, and pets. They also believed the secrets in their families would never be 39 . They were quite right, for my father cared 40 about who did what to whom. But there is one thing he would never forget: showing up for dinner on time. (A) little (B) purchases (C) trusted (D) requests (E) insisted (F) ready (G) ruined (H) privilege ( I ) revealed (J) obvious"
學測英文,108,38,31,文意選填：obvious,J,K1,T7,E9,The reason was obvious：理由很明顯,,"第31 至40 題為題組 My father started to suffer from memory loss right after his marriage. Or so my mother told us. She said they were married on May 26, while my dad’s memory told him it was June 25. This often 31 their anniversary celebration, for his rose bouquet always came one month late. Mom seldom asked Dad to go shopping in the traditional market for her. But whenever Dad 32 on going, she made sure that he brought a shopping list. Dad certainly had the list 33 when he left for the market, but he would somehow forget it, and then would find it again only after he returned home. Of course, the 34 that he made were based mainly on his memory of the list. Unfortunately, the items were usually different from Mom’s 35 . My father’s poor memory gave him certain advantages, though. For instance, he was 36 with many secrets in my family and our community. Because of his poor memory, he had the 37 of hearing everyone’s private matters. The reason was 38 : Dad would not remember any of it, we thought. As for our neighbors, they liked to invite my father to dinner so that they could tell him stories about their children, parents, friends, and pets. They also believed the secrets in their families would never be 39 . They were quite right, for my father cared 40 about who did what to whom. But there is one thing he would never forget: showing up for dinner on time. (A) little (B) purchases (C) trusted (D) requests (E) insisted (F) ready (G) ruined (H) privilege ( I ) revealed (J) obvious"
學測英文,108,39,31,文意選填：revealed,I,K2,T8,E12,secrets would never be revealed：不會被洩漏（被動）,,"第31 至40 題為題組 My father started to suffer from memory loss right after his marriage. Or so my mother told us. She said they were married on May 26, while my dad’s memory told him it was June 25. This often 31 their anniversary celebration, for his rose bouquet always came one month late. Mom seldom asked Dad to go shopping in the traditional market for her. But whenever Dad 32 on going, she made sure that he brought a shopping list. Dad certainly had the list 33 when he left for the market, but he would somehow forget it, and then would find it again only after he returned home. Of course, the 34 that he made were based mainly on his memory of the list. Unfortunately, the items were usually different from Mom’s 35 . My father’s poor memory gave him certain advantages, though. For instance, he was 36 with many secrets in my family and our community. Because of his poor memory, he had the 37 of hearing everyone’s private matters. The reason was 38 : Dad would not remember any of it, we thought. As for our neighbors, they liked to invite my father to dinner so that they could tell him stories about their children, parents, friends, and pets. They also believed the secrets in their families would never be 39 . They were quite right, for my father cared 40 about who did what to whom. But there is one thing he would never forget: showing up for dinner on time. (A) little (B) purchases (C) trusted (D) requests (E) insisted (F) ready (G) ruined (H) privilege ( I ) revealed (J) obvious"
學測英文,108,40,31,文意選填：little,A,K1,T6,E9,cared little about：幾乎不在意，呼應他記不住,,"第31 至40 題為題組 My father started to suffer from memory loss right after his marriage. Or so my mother told us. She said they were married on May 26, while my dad’s memory told him it was June 25. This often 31 their anniversary celebration, for his rose bouquet always came one month late. Mom seldom asked Dad to go shopping in the traditional market for her. But whenever Dad 32 on going, she made sure that he brought a shopping list. Dad certainly had the list 33 when he left for the market, but he would somehow forget it, and then would find it again only after he returned home. Of course, the 34 that he made were based mainly on his memory of the list. Unfortunately, the items were usually different from Mom’s 35 . My father’s poor memory gave him certain advantages, though. For instance, he was 36 with many secrets in my family and our community. Because of his poor memory, he had the 37 of hearing everyone’s private matters. The reason was 38 : Dad would not remember any of it, we thought. As for our neighbors, they liked to invite my father to dinner so that they could tell him stories about their children, parents, friends, and pets. They also believed the secrets in their families would never be 39 . They were quite right, for my father cared 40 about who did what to whom. But there is one thing he would never forget: showing up for dinner on time. (A) little (B) purchases (C) trusted (D) requests (E) insisted (F) ready (G) ruined (H) privilege ( I ) revealed (J) obvious"
學測英文,108,41,41,閱讀測驗：細節,A,A1,T3,E1,神仙魚在海裡是其他魚的「清潔工」,What is the job of an angelfish in the sea? (A) Being a cleaner for other fish. (B) Being a bodyguard for other fish. (C) Being a gardener for roots and plants. (D) Being a caretaker for sponge and algae.,"第41 至44 題為題組 Angelfish, often found in the warm seas and coral reefs, are among the most brightly colored fish of the ocean. Brilliant colors and stripes form amazing patterns on their body. These patterns actually help the fish to hide from danger among roots and plants. At night, when these fish become inactive, their colors may become pale. Often, the young ones are differently colored than the adults. Some scientists believe that the color difference between the young and the old indicates their different social positions. Another interesting fact about angelfish is that they have an occupation in the fish world. Most of them act as cleaners for other fish and pick dead tissue from their bodies. This is not their food, though. Their diet consists mainly of sponge and algae. One particular kind of angelfish, the blackspot angelfish, has a special capability that allows it to change gender from female to male. However, the change is not made at random; it happens for a specific reason. Angelfish live in groups, and each group has one male fish, which is blue in color, and four female fish, which are yellow. The male angelfish is the strongest and largest member of the group. He is the one who protects and looks after the females. When the male dies, the group needs a new “security guard.” This is when the largest female in the group begins to change in appearance. She begins to grow larger in size, and after a week, she starts changing color, from yellow to blue. Slowly, her behavior toward the other fish also changes. She begins behaving like a male. Two weeks later, black stripes appear on her body, indicating the gender change is complete. She is now completely male!"
學測英文,108,42,41,閱讀測驗：細節,B,A1,T6,E1,晚上不活動時顏色會變淡,Which of the following statements is true about the color of angelfish? (A) Female angelfish are blue in color. (B) The colors of the fish become less bright at night. (C) Male angelfish do not have black stripes on them. (D) The adult fish and the young ones have the same colors.,"第41 至44 題為題組 Angelfish, often found in the warm seas and coral reefs, are among the most brightly colored fish of the ocean. Brilliant colors and stripes form amazing patterns on their body. These patterns actually help the fish to hide from danger among roots and plants. At night, when these fish become inactive, their colors may become pale. Often, the young ones are differently colored than the adults. Some scientists believe that the color difference between the young and the old indicates their different social positions. Another interesting fact about angelfish is that they have an occupation in the fish world. Most of them act as cleaners for other fish and pick dead tissue from their bodies. This is not their food, though. Their diet consists mainly of sponge and algae. One particular kind of angelfish, the blackspot angelfish, has a special capability that allows it to change gender from female to male. However, the change is not made at random; it happens for a specific reason. Angelfish live in groups, and each group has one male fish, which is blue in color, and four female fish, which are yellow. The male angelfish is the strongest and largest member of the group. He is the one who protects and looks after the females. When the male dies, the group needs a new “security guard.” This is when the largest female in the group begins to change in appearance. She begins to grow larger in size, and after a week, she starts changing color, from yellow to blue. Slowly, her behavior toward the other fish also changes. She begins behaving like a male. Two weeks later, black stripes appear on her body, indicating the gender change is complete. She is now completely male!"
學測英文,108,43,41,閱讀測驗：細節,D,A1,T6,E1,性別轉變的原因：群體中的雄魚死亡,"According to the passage, what triggers the gender change in the blackspot angelfish? (A) Dangers to the group. (B) Changes in the fish’s diet. (C) The birth of young angelfish. (D) The death of the male fish in a group.","第41 至44 題為題組 Angelfish, often found in the warm seas and coral reefs, are among the most brightly colored fish of the ocean. Brilliant colors and stripes form amazing patterns on their body. These patterns actually help the fish to hide from danger among roots and plants. At night, when these fish become inactive, their colors may become pale. Often, the young ones are differently colored than the adults. Some scientists believe that the color difference between the young and the old indicates their different social positions. Another interesting fact about angelfish is that they have an occupation in the fish world. Most of them act as cleaners for other fish and pick dead tissue from their bodies. This is not their food, though. Their diet consists mainly of sponge and algae. One particular kind of angelfish, the blackspot angelfish, has a special capability that allows it to change gender from female to male. However, the change is not made at random; it happens for a specific reason. Angelfish live in groups, and each group has one male fish, which is blue in color, and four female fish, which are yellow. The male angelfish is the strongest and largest member of the group. He is the one who protects and looks after the females. When the male dies, the group needs a new “security guard.” This is when the largest female in the group begins to change in appearance. She begins to grow larger in size, and after a week, she starts changing color, from yellow to blue. Slowly, her behavior toward the other fish also changes. She begins behaving like a male. Two weeks later, black stripes appear on her body, indicating the gender change is complete. She is now completely male!"
學測英文,108,44,41,閱讀測驗：組織與手法,C,C1,T6,E7,依文中順序：體型、顏色、行為、條紋,Which of the following describes the order of changes in the features of a blackspot angelfish during gender change? (A) Size  behavior  color  stripes. (B) Color  size  behavior  stripes. (C) Size  color  behavior  stripes. (D) Color  behavior  size  stripes.,"第41 至44 題為題組 Angelfish, often found in the warm seas and coral reefs, are among the most brightly colored fish of the ocean. Brilliant colors and stripes form amazing patterns on their body. These patterns actually help the fish to hide from danger among roots and plants. At night, when these fish become inactive, their colors may become pale. Often, the young ones are differently colored than the adults. Some scientists believe that the color difference between the young and the old indicates their different social positions. Another interesting fact about angelfish is that they have an occupation in the fish world. Most of them act as cleaners for other fish and pick dead tissue from their bodies. This is not their food, though. Their diet consists mainly of sponge and algae. One particular kind of angelfish, the blackspot angelfish, has a special capability that allows it to change gender from female to male. However, the change is not made at random; it happens for a specific reason. Angelfish live in groups, and each group has one male fish, which is blue in color, and four female fish, which are yellow. The male angelfish is the strongest and largest member of the group. He is the one who protects and looks after the females. When the male dies, the group needs a new “security guard.” This is when the largest female in the group begins to change in appearance. She begins to grow larger in size, and after a week, she starts changing color, from yellow to blue. Slowly, her behavior toward the other fish also changes. She begins behaving like a male. Two weeks later, black stripes appear on her body, indicating the gender change is complete. She is now completely male!"
學測英文,108,45,45,閱讀測驗：主旨,B,B3,T4,E2,標題：各種圖騰柱的功能，不只設計或傳說,"Which of the following is the best title for this passage? (A) Totem Poles, the Legends of Aboriginal Peoples (B) Totem Poles: Their Functions (C) Totem Poles, Symbols of Historical Resistance (D) Totem Poles: Their Designs","第45 至48 題為題組 Totem poles in North America are poles or posts carved with symbols or figures by Aboriginal peoples of the Northwest Coast. Carved from large, straight trees and painted vibrant colors, the totem poles are not just unique works of art. The coastal peoples have long passed on knowledge from generation to generation through oral traditions, and totem poles were the traditional way of telling the story of an individual family or clan. The totem pole can be grouped into specific categories, depending on its location and the occasion for which it was carved. Welcome poles were traditionally placed on village beachfronts to greet visitors arriving by canoe. Inside the homes of high-ranking chiefs is where house poles were found. The family’s history was carefully carved into each pole. Placed along the rear or front walls of a house, house poles also helped to support the main beam of the roof. Memorial poles stood in front of a house. They were erected in memory of a deceased chief or a high-ranking clan member. The poles depicted the person’s accomplishments or family history. Mortuary poles were also raised to honor the dead, but they differed from memorial poles, having a burial box placed at the top of the pole. Inside the burial box were the remains of the deceased. While many of these poles can still be found in various locations on the west coast of North America, there is one pole that can now only be found in a museum—the shame pole. Traditionally, shame poles were carved for a chief to embarrass and ridicule another who had done something wrong. Once the wrong was made right, the pole was taken down. Totem poles are important expressions of specific Aboriginal cultures. Despite the threats posed by cultural and political encroachment of colonial forces, the art of totem pole carving has survived. Aboriginal carvers continue to carve totems as symbols of their cultural pride and clan kinship."
學測英文,108,46,45,閱讀測驗：組織與手法,D,C1,T3,E7,第 2–4 段依用途分類介紹,How is the information about totem poles organized in Paragraphs 2 to 4? (A) In order of importance. (B) In order of time. (C) By cause and effect. (D) By classification.,"第45 至48 題為題組 Totem poles in North America are poles or posts carved with symbols or figures by Aboriginal peoples of the Northwest Coast. Carved from large, straight trees and painted vibrant colors, the totem poles are not just unique works of art. The coastal peoples have long passed on knowledge from generation to generation through oral traditions, and totem poles were the traditional way of telling the story of an individual family or clan. The totem pole can be grouped into specific categories, depending on its location and the occasion for which it was carved. Welcome poles were traditionally placed on village beachfronts to greet visitors arriving by canoe. Inside the homes of high-ranking chiefs is where house poles were found. The family’s history was carefully carved into each pole. Placed along the rear or front walls of a house, house poles also helped to support the main beam of the roof. Memorial poles stood in front of a house. They were erected in memory of a deceased chief or a high-ranking clan member. The poles depicted the person’s accomplishments or family history. Mortuary poles were also raised to honor the dead, but they differed from memorial poles, having a burial box placed at the top of the pole. Inside the burial box were the remains of the deceased. While many of these poles can still be found in various locations on the west coast of North America, there is one pole that can now only be found in a museum—the shame pole. Traditionally, shame poles were carved for a chief to embarrass and ridicule another who had done something wrong. Once the wrong was made right, the pole was taken down. Totem poles are important expressions of specific Aboriginal cultures. Despite the threats posed by cultural and political encroachment of colonial forces, the art of totem pole carving has survived. Aboriginal carvers continue to carve totems as symbols of their cultural pride and clan kinship."
學測英文,108,47,45,閱讀測驗：細節,D,A1,T3,E1,迎賓柱立在村子的海灘上,Which of the following is located at the edge of a body of water? (A) The house pole. (B) The shame pole. (C) The memorial pole. (D) The welcome pole.,"第45 至48 題為題組 Totem poles in North America are poles or posts carved with symbols or figures by Aboriginal peoples of the Northwest Coast. Carved from large, straight trees and painted vibrant colors, the totem poles are not just unique works of art. The coastal peoples have long passed on knowledge from generation to generation through oral traditions, and totem poles were the traditional way of telling the story of an individual family or clan. The totem pole can be grouped into specific categories, depending on its location and the occasion for which it was carved. Welcome poles were traditionally placed on village beachfronts to greet visitors arriving by canoe. Inside the homes of high-ranking chiefs is where house poles were found. The family’s history was carefully carved into each pole. Placed along the rear or front walls of a house, house poles also helped to support the main beam of the roof. Memorial poles stood in front of a house. They were erected in memory of a deceased chief or a high-ranking clan member. The poles depicted the person’s accomplishments or family history. Mortuary poles were also raised to honor the dead, but they differed from memorial poles, having a burial box placed at the top of the pole. Inside the burial box were the remains of the deceased. While many of these poles can still be found in various locations on the west coast of North America, there is one pole that can now only be found in a museum—the shame pole. Traditionally, shame poles were carved for a chief to embarrass and ridicule another who had done something wrong. Once the wrong was made right, the pole was taken down. Totem poles are important expressions of specific Aboriginal cultures. Despite the threats posed by cultural and political encroachment of colonial forces, the art of totem pole carving has survived. Aboriginal carvers continue to carve totems as symbols of their cultural pride and clan kinship."
學測英文,108,48,45,閱讀測驗：字義,A,A2,T5,E3,encroachment 與殖民勢力連用，意思是侵略,Which is closest in meaning to the word “encroachment” in the last paragraph? (A) Invasion. (B) Appointment. (C) Objection. (D) Enrichment.,"第45 至48 題為題組 Totem poles in North America are poles or posts carved with symbols or figures by Aboriginal peoples of the Northwest Coast. Carved from large, straight trees and painted vibrant colors, the totem poles are not just unique works of art. The coastal peoples have long passed on knowledge from generation to generation through oral traditions, and totem poles were the traditional way of telling the story of an individual family or clan. The totem pole can be grouped into specific categories, depending on its location and the occasion for which it was carved. Welcome poles were traditionally placed on village beachfronts to greet visitors arriving by canoe. Inside the homes of high-ranking chiefs is where house poles were found. The family’s history was carefully carved into each pole. Placed along the rear or front walls of a house, house poles also helped to support the main beam of the roof. Memorial poles stood in front of a house. They were erected in memory of a deceased chief or a high-ranking clan member. The poles depicted the person’s accomplishments or family history. Mortuary poles were also raised to honor the dead, but they differed from memorial poles, having a burial box placed at the top of the pole. Inside the burial box were the remains of the deceased. While many of these poles can still be found in various locations on the west coast of North America, there is one pole that can now only be found in a museum—the shame pole. Traditionally, shame poles were carved for a chief to embarrass and ridicule another who had done something wrong. Once the wrong was made right, the pole was taken down. Totem poles are important expressions of specific Aboriginal cultures. Despite the threats posed by cultural and political encroachment of colonial forces, the art of totem pole carving has survived. Aboriginal carvers continue to carve totems as symbols of their cultural pride and clan kinship."
學測英文,108,49,49,閱讀測驗：細節,C,A1,T1,E1,earworm 是在腦中重複播放的旋律，不是真的蟲,"According to the passage, which of the following is true about an earworm? (A) It is a creature living inside our ears. (B) It is a tune memorized in a personal way. (C) It is a melody repeating in our heads. (D) It is a commercial recalled through lyrics.","第49 至52 題為題組 Music has a tendency to get stuck in our heads. Sometimes a tune intrudes on our thoughts and then plays, and replays, in a never-ending loop. This interesting phenomenon becomes a subject explored by many scientists. They use a range of terms to describe it—stuck-song syndrome, sticky music, cognitive itch, or most commonly “earworm.” Earworms can run around our heads for several minutes to numerous hours. As the melody repeats, it becomes embedded into our mind. Even though our ears do not hear the tune, our brain continues to play it. Earworms often take the form of song fragments rather than entire songs, and the song is usually a familiar one. Researchers are not sure why some songs are more likely to get stuck in our heads than others, but everyone has their own tunes. Often those songs have a simple, upbeat melody and catchy, repetitive lyrics, such as popular commercial jingles and slightly annoying radio hits. Recent or repeated exposure to a song or even a small part of a song can also trigger earworms, as can word associations, such as a phrase similar to the lyrics of a song. While earworms might be annoying, most people who experience them nevertheless report that they are pleasant or at least neutral. Only a third of people are disturbed by the song in their heads. How people cope with their earworms seems to depend on how they feel about them. Those who have positive feelings about their stuck songs prefer to just “let them be,” while those with negative feelings turn to more behavioral responses, which include coping strategies such as singing, talking, or even praying."
學測英文,108,50,49,閱讀測驗：字義,D,A2,T1,E3,subject 在此是研究的主題,Which of the following best defines “subject” in the first paragraph? (A) A kind of mental disease. (B) A course being taken. (C) A participant in an experiment. (D) A matter being studied.,"第49 至52 題為題組 Music has a tendency to get stuck in our heads. Sometimes a tune intrudes on our thoughts and then plays, and replays, in a never-ending loop. This interesting phenomenon becomes a subject explored by many scientists. They use a range of terms to describe it—stuck-song syndrome, sticky music, cognitive itch, or most commonly “earworm.” Earworms can run around our heads for several minutes to numerous hours. As the melody repeats, it becomes embedded into our mind. Even though our ears do not hear the tune, our brain continues to play it. Earworms often take the form of song fragments rather than entire songs, and the song is usually a familiar one. Researchers are not sure why some songs are more likely to get stuck in our heads than others, but everyone has their own tunes. Often those songs have a simple, upbeat melody and catchy, repetitive lyrics, such as popular commercial jingles and slightly annoying radio hits. Recent or repeated exposure to a song or even a small part of a song can also trigger earworms, as can word associations, such as a phrase similar to the lyrics of a song. While earworms might be annoying, most people who experience them nevertheless report that they are pleasant or at least neutral. Only a third of people are disturbed by the song in their heads. How people cope with their earworms seems to depend on how they feel about them. Those who have positive feelings about their stuck songs prefer to just “let them be,” while those with negative feelings turn to more behavioral responses, which include coping strategies such as singing, talking, or even praying."
學測英文,108,51,49,閱讀測驗：細節,B,A1,T1,E1,「NOT mentioned」：文中說的是簡單輕快的旋律，不是流暢節奏,Which of the following is NOT mentioned as a feature that would trigger earworms? (A) Tunes repeatedly encountered. (B) Melodies with smooth rhythms. (C) Fragments of songs recently heard. (D) Words similar to the lyrics of a song.,"第49 至52 題為題組 Music has a tendency to get stuck in our heads. Sometimes a tune intrudes on our thoughts and then plays, and replays, in a never-ending loop. This interesting phenomenon becomes a subject explored by many scientists. They use a range of terms to describe it—stuck-song syndrome, sticky music, cognitive itch, or most commonly “earworm.” Earworms can run around our heads for several minutes to numerous hours. As the melody repeats, it becomes embedded into our mind. Even though our ears do not hear the tune, our brain continues to play it. Earworms often take the form of song fragments rather than entire songs, and the song is usually a familiar one. Researchers are not sure why some songs are more likely to get stuck in our heads than others, but everyone has their own tunes. Often those songs have a simple, upbeat melody and catchy, repetitive lyrics, such as popular commercial jingles and slightly annoying radio hits. Recent or repeated exposure to a song or even a small part of a song can also trigger earworms, as can word associations, such as a phrase similar to the lyrics of a song. While earworms might be annoying, most people who experience them nevertheless report that they are pleasant or at least neutral. Only a third of people are disturbed by the song in their heads. How people cope with their earworms seems to depend on how they feel about them. Those who have positive feelings about their stuck songs prefer to just “let them be,” while those with negative feelings turn to more behavioral responses, which include coping strategies such as singing, talking, or even praying."
學測英文,108,52,49,閱讀測驗：主旨,B,B3,T4,E2,第三段談人們怎麼面對腦中的旋律,What is the third paragraph mainly about? (A) Why people find earworms annoying. (B) How people react to earworms. (C) What people use to kill earworms. (D) When people start to notice earworms.,"第49 至52 題為題組 Music has a tendency to get stuck in our heads. Sometimes a tune intrudes on our thoughts and then plays, and replays, in a never-ending loop. This interesting phenomenon becomes a subject explored by many scientists. They use a range of terms to describe it—stuck-song syndrome, sticky music, cognitive itch, or most commonly “earworm.” Earworms can run around our heads for several minutes to numerous hours. As the melody repeats, it becomes embedded into our mind. Even though our ears do not hear the tune, our brain continues to play it. Earworms often take the form of song fragments rather than entire songs, and the song is usually a familiar one. Researchers are not sure why some songs are more likely to get stuck in our heads than others, but everyone has their own tunes. Often those songs have a simple, upbeat melody and catchy, repetitive lyrics, such as popular commercial jingles and slightly annoying radio hits. Recent or repeated exposure to a song or even a small part of a song can also trigger earworms, as can word associations, such as a phrase similar to the lyrics of a song. While earworms might be annoying, most people who experience them nevertheless report that they are pleasant or at least neutral. Only a third of people are disturbed by the song in their heads. How people cope with their earworms seems to depend on how they feel about them. Those who have positive feelings about their stuck songs prefer to just “let them be,” while those with negative feelings turn to more behavioral responses, which include coping strategies such as singing, talking, or even praying."
學測英文,108,53,53,閱讀測驗：主旨,C,B3,T4,E2,主旨：殺蟲煙霧彈沒什麼效果,What is this passage mainly about? (A) Steps to get rid of bedbugs. (B) Ways to use foggers correctly. (C) The ineffectiveness of bug bombs. (D) The problems caused by insects.,"第53 至56 題為題組 Got a bug bite problem? Many people who are troubled by skin rashes caused by bug bites use “foggers,” or “bug bombs,” to get rid of the annoying crawlers in their homes. Many people think these bug killers or pesticides will penetrate every place where the insects hide. Actually, quite the opposite is true. Once the pests detect the chemical fog in the room, they’ll hide themselves in walls or other hideaways, where you’ll never be able to treat them effectively. Ohio State University researchers tested three commercially sold foggers in a study on the effect of foggers on bedbugs. After testing these brands on five different groups of live bedbugs for two hours, the scientists saw that the foggers had little—if any—effect on the insects. The researchers said bedbugs hide in cracks and crevices such as under sheets and mattresses, or deep in carpets where foggers won’t reach. Moreover, bugs that do come in contact with the mist may be resistant to the pesticide. Foggers, or bug bombs, should really be a measure of last resort. First of all, the gases used in bug bombs are highly flammable and thus pose a serious risk of fire or explosion if the product is not used properly. Second, once a bug bomb is used, every surface in your home will be covered with the toxic pesticide. When you use a bug bomb, a chemical mixture rains down on your counters, furniture, floors, and walls, leaving behind oily and toxic substances. Your health might thus be endangered. Therefore, it is suggested that people leave the problem to the professionals."
學測英文,108,54,53,閱讀測驗：細節,B,A1,T6,E1,臭蟲一偵測到煙霧就躲進牆裡,How do bedbugs react to foggers? (A) They remain motionless. (B) They retreat to safe places. (C) They stop biting people. (D) They escape into another house.,"第53 至56 題為題組 Got a bug bite problem? Many people who are troubled by skin rashes caused by bug bites use “foggers,” or “bug bombs,” to get rid of the annoying crawlers in their homes. Many people think these bug killers or pesticides will penetrate every place where the insects hide. Actually, quite the opposite is true. Once the pests detect the chemical fog in the room, they’ll hide themselves in walls or other hideaways, where you’ll never be able to treat them effectively. Ohio State University researchers tested three commercially sold foggers in a study on the effect of foggers on bedbugs. After testing these brands on five different groups of live bedbugs for two hours, the scientists saw that the foggers had little—if any—effect on the insects. The researchers said bedbugs hide in cracks and crevices such as under sheets and mattresses, or deep in carpets where foggers won’t reach. Moreover, bugs that do come in contact with the mist may be resistant to the pesticide. Foggers, or bug bombs, should really be a measure of last resort. First of all, the gases used in bug bombs are highly flammable and thus pose a serious risk of fire or explosion if the product is not used properly. Second, once a bug bomb is used, every surface in your home will be covered with the toxic pesticide. When you use a bug bomb, a chemical mixture rains down on your counters, furniture, floors, and walls, leaving behind oily and toxic substances. Your health might thus be endangered. Therefore, it is suggested that people leave the problem to the professionals."
學測英文,108,55,53,閱讀測驗：細節,A,A1,T5,E1,煙霧彈的氣體易燃，可能引起火災,"According to the passage, which of the following statements about foggers is true? (A) They can cause a fire. (B) They do not stay on furniture. (C) They can kill most insects. (D) They do not contain chemicals.","第53 至56 題為題組 Got a bug bite problem? Many people who are troubled by skin rashes caused by bug bites use “foggers,” or “bug bombs,” to get rid of the annoying crawlers in their homes. Many people think these bug killers or pesticides will penetrate every place where the insects hide. Actually, quite the opposite is true. Once the pests detect the chemical fog in the room, they’ll hide themselves in walls or other hideaways, where you’ll never be able to treat them effectively. Ohio State University researchers tested three commercially sold foggers in a study on the effect of foggers on bedbugs. After testing these brands on five different groups of live bedbugs for two hours, the scientists saw that the foggers had little—if any—effect on the insects. The researchers said bedbugs hide in cracks and crevices such as under sheets and mattresses, or deep in carpets where foggers won’t reach. Moreover, bugs that do come in contact with the mist may be resistant to the pesticide. Foggers, or bug bombs, should really be a measure of last resort. First of all, the gases used in bug bombs are highly flammable and thus pose a serious risk of fire or explosion if the product is not used properly. Second, once a bug bomb is used, every surface in your home will be covered with the toxic pesticide. When you use a bug bomb, a chemical mixture rains down on your counters, furniture, floors, and walls, leaving behind oily and toxic substances. Your health might thus be endangered. Therefore, it is suggested that people leave the problem to the professionals."
學測英文,108,56,53,閱讀測驗：細節,D,A1,T5,E1,作者建議交給專業的除蟲人員,What does the author advise people to do with bedbug problems? (A) Choose the right fogger. (B) Clean the house regularly. (C) Close the doors when using pesticides. (D) Consult a pest-control expert.,"第53 至56 題為題組 Got a bug bite problem? Many people who are troubled by skin rashes caused by bug bites use “foggers,” or “bug bombs,” to get rid of the annoying crawlers in their homes. Many people think these bug killers or pesticides will penetrate every place where the insects hide. Actually, quite the opposite is true. Once the pests detect the chemical fog in the room, they’ll hide themselves in walls or other hideaways, where you’ll never be able to treat them effectively. Ohio State University researchers tested three commercially sold foggers in a study on the effect of foggers on bedbugs. After testing these brands on five different groups of live bedbugs for two hours, the scientists saw that the foggers had little—if any—effect on the insects. The researchers said bedbugs hide in cracks and crevices such as under sheets and mattresses, or deep in carpets where foggers won’t reach. Moreover, bugs that do come in contact with the mist may be resistant to the pesticide. Foggers, or bug bombs, should really be a measure of last resort. First of all, the gases used in bug bombs are highly flammable and thus pose a serious risk of fire or explosion if the product is not used properly. Second, once a bug bomb is used, every surface in your home will be covered with the toxic pesticide. When you use a bug bomb, a chemical mixture rains down on your counters, furniture, floors, and walls, leaving behind oily and toxic substances. Your health might thus be endangered. Therefore, it is suggested that people leave the problem to the professionals."
學測英文,109,1,,詞彙：conclusion,B,K1,T7,E10,reach the conclusion：討論後得出結論,"After hours of discussion, our class finally reached the _____ that we would go to Hualien for our graduation trip. (A) balance (B) conclusion (C) definition (D) harmony",
學測英文,109,2,,詞彙：amazed,B,K1,T6,E10,上學期差點被當，這次近滿分，讓老師「驚訝」,Jane _____ her teacher by passing the exam with a nearly perfect score; she almost failed the course last semester. (A) bored (B) amazed (C) charmed (D) informed,
學測英文,109,3,,詞彙：manufacturer,D,K1,T7,E10,manufacturer：送回「製造商」檢修,The vacuum cleaner is not working. Let’s send it back to the _____ to have it inspected and repaired. (A) lecturer (B) publisher (C) researcher (D) manufacturer,
學測英文,109,4,,詞彙：decreased,D,K1,T6,E10,金融危機、最大跌幅：出口「減少」,"Due to the global financial crisis, the country’s exports _____ by 40 percent last month, the largest drop since 2000. (A) flattered (B) transformed (C) relieved (D) decreased",
學測英文,109,5,,詞彙：crispy,B,K1,T7,E10,放太久的洋芋片不再「酥脆」crispy,The potato chips have been left uncovered on the table for such a long time that they no longer taste fresh and _____. (A) solid (B) crispy (C) original (D) smooth,
學測英文,109,6,,詞彙：monument,A,K1,T7,E10,monument：為紀念老師而建的紀念碑,The townspeople built a _____ in memory of the brave teacher who sacrificed her life to save her students from a burning bus. (A) monument (B) refugee (C) souvenir (D) firecracker,
學測英文,109,7,,詞彙：recite,C,K1,T7,E10,recite poems：背誦詩詞,The students in Professor Smith’s classical Chinese class are required to _____ poems by famous Chinese poets. (A) construct (B) expose (C) recite (D) install,
學測英文,109,8,,詞彙：ownership,D,K1,T7,E10,proof of ownership：所有權的證明,"Although Mr. Tang claims that the house belongs to him, he has not offered any proof of _____. (A) convention (B) relationship (C) insurance (D) ownership",
學測英文,109,9,,詞彙：cradle,C,K1,T1,E10,the cradle of democracy：民主的搖籃、發源地,"Ancient Athens, famous for its early development of the democratic system, is often said to be the _____ of democracy. (A) mission (B) target (C) cradle (D) milestone",
學測英文,109,10,,詞彙：permissible,C,K1,T7,E10,permissible level：容許的標準,The candy can no longer be sold because it was found to contain artificial ingredients far beyond the _____ level. (A) abundant (B) immense (C) permissible (D) descriptive,
學測英文,109,11,,詞彙：erased,A,K1,T7,E10,erase all the doubts：消除所有疑慮,Jack’s excellent performance in last week’s game has _____ all the doubts about his ability to play on our school basketball team. (A) erased (B) canceled (C) overlooked (D) replaced,
學測英文,109,12,,詞彙：mock,A,K1,T7,E10,mock：嘲笑口音,It is bullying to _____ a foreign speaker’s accent. No one deserves to be laughed at for their pronunciation. (A) mock (B) sneak (C) prompt (D) glare,
學測英文,109,13,,詞彙：formerly,D,K1,T6,E10,瘦了十公斤，「以前」的緊身褲現在鬆了 formerly,"Mary lost ten kilograms in three months, so her _____ skin-tight jeans are now hanging off her hips. (A) barely (B) evenly (C) currently (D) formerly",
學測英文,109,14,,詞彙：sober,A,K1,T7,E10,staying sober：保持清醒，與酒駕對比,The police officer showed us pictures of drunk driving accidents to highlight the importance of staying _____ on the road. (A) sober (B) majestic (C) vigorous (D) noticeable,
學測英文,109,15,,詞彙：disputable,B,K1,T7,E10,disputable：缺乏證據，所以「有爭議」,The claim that eating chocolate can prevent heart disease is _____ because there is not enough scientific evidence to support it. (A) creative (B) disputable (C) circular (D) magnificent,
學測英文,109,16,16,綜合測驗：have been,B,K2,T8,E12,Over the centuries 表示持續到今天：現在完成式 have been,(A) were being (B) have been (C) will be (D) had to be,"第16 至20 題為題組 The art and tradition of using all-natural paste from the henna plant to create temporary henna tattoos goes back to ancient Asia and the Middle East. Over the centuries, henna tattoos 16 used in weddings and holiday celebrations because they are thought to carry blessings from the gods. Today, the ancient art form has found a new 17 in the hands of contemporary artists. Henna Heals, an artist group based in Canada, uses henna tattoos to help women suffering from cancer feel confident and beautiful again. They draw elegant henna crowns on the women’s bare heads to help them 18 the loss of their hair after cancer treatment. Featuring floral patterns, religious symbols, and messages of hope, the painted henna crowns are amazing substitutes for the hats and wigs that the cancer patients would 19 use to cover their heads. Many women report that the henna crowns really work as a healing device, helping them build a more 20 self-image at a time when they are vulnerable and depressed. According to Frances Darwin, founder of Henna Heals, the number of artists now involved in the project across Canada and the US has grown to over 150."
學測英文,109,17,16,綜合測驗：application,B,K1,T7,E11,found a new application：找到新的用途,(A) competition (B) application (C) investigation (D) participation,"第16 至20 題為題組 The art and tradition of using all-natural paste from the henna plant to create temporary henna tattoos goes back to ancient Asia and the Middle East. Over the centuries, henna tattoos 16 used in weddings and holiday celebrations because they are thought to carry blessings from the gods. Today, the ancient art form has found a new 17 in the hands of contemporary artists. Henna Heals, an artist group based in Canada, uses henna tattoos to help women suffering from cancer feel confident and beautiful again. They draw elegant henna crowns on the women’s bare heads to help them 18 the loss of their hair after cancer treatment. Featuring floral patterns, religious symbols, and messages of hope, the painted henna crowns are amazing substitutes for the hats and wigs that the cancer patients would 19 use to cover their heads. Many women report that the henna crowns really work as a healing device, helping them build a more 20 self-image at a time when they are vulnerable and depressed. According to Frances Darwin, founder of Henna Heals, the number of artists now involved in the project across Canada and the US has grown to over 150."
學測英文,109,18,16,綜合測驗：cope with,C,K1,T7,E11,cope with the loss of hair：面對掉髮,(A) carry away (B) build on (C) cope with (D) get off,"第16 至20 題為題組 The art and tradition of using all-natural paste from the henna plant to create temporary henna tattoos goes back to ancient Asia and the Middle East. Over the centuries, henna tattoos 16 used in weddings and holiday celebrations because they are thought to carry blessings from the gods. Today, the ancient art form has found a new 17 in the hands of contemporary artists. Henna Heals, an artist group based in Canada, uses henna tattoos to help women suffering from cancer feel confident and beautiful again. They draw elegant henna crowns on the women’s bare heads to help them 18 the loss of their hair after cancer treatment. Featuring floral patterns, religious symbols, and messages of hope, the painted henna crowns are amazing substitutes for the hats and wigs that the cancer patients would 19 use to cover their heads. Many women report that the henna crowns really work as a healing device, helping them build a more 20 self-image at a time when they are vulnerable and depressed. According to Frances Darwin, founder of Henna Heals, the number of artists now involved in the project across Canada and the US has grown to over 150."
學測英文,109,19,16,綜合測驗：otherwise,D,B5,T6,E7,otherwise：「否則」她們會戴帽子或假髮,(A) moreover (B) altogether (C) namely (D) otherwise,"第16 至20 題為題組 The art and tradition of using all-natural paste from the henna plant to create temporary henna tattoos goes back to ancient Asia and the Middle East. Over the centuries, henna tattoos 16 used in weddings and holiday celebrations because they are thought to carry blessings from the gods. Today, the ancient art form has found a new 17 in the hands of contemporary artists. Henna Heals, an artist group based in Canada, uses henna tattoos to help women suffering from cancer feel confident and beautiful again. They draw elegant henna crowns on the women’s bare heads to help them 18 the loss of their hair after cancer treatment. Featuring floral patterns, religious symbols, and messages of hope, the painted henna crowns are amazing substitutes for the hats and wigs that the cancer patients would 19 use to cover their heads. Many women report that the henna crowns really work as a healing device, helping them build a more 20 self-image at a time when they are vulnerable and depressed. According to Frances Darwin, founder of Henna Heals, the number of artists now involved in the project across Canada and the US has grown to over 150."
學測英文,109,20,16,綜合測驗：positive,A,K1,T6,E11,與「脆弱沮喪」對比，建立「正面」的自我形象,(A) positive (B) general (C) flexible (D) considerate,"第16 至20 題為題組 The art and tradition of using all-natural paste from the henna plant to create temporary henna tattoos goes back to ancient Asia and the Middle East. Over the centuries, henna tattoos 16 used in weddings and holiday celebrations because they are thought to carry blessings from the gods. Today, the ancient art form has found a new 17 in the hands of contemporary artists. Henna Heals, an artist group based in Canada, uses henna tattoos to help women suffering from cancer feel confident and beautiful again. They draw elegant henna crowns on the women’s bare heads to help them 18 the loss of their hair after cancer treatment. Featuring floral patterns, religious symbols, and messages of hope, the painted henna crowns are amazing substitutes for the hats and wigs that the cancer patients would 19 use to cover their heads. Many women report that the henna crowns really work as a healing device, helping them build a more 20 self-image at a time when they are vulnerable and depressed. According to Frances Darwin, founder of Henna Heals, the number of artists now involved in the project across Canada and the US has grown to over 150."
學測英文,109,21,21,綜合測驗：similar,A,K1,T7,E11,somewhat similar problem：和人打噴嚏「類似」的問題,(A) similar (B) miserable (C) realistic (D) temporary,"第21 至25 題為題組 When a person sneezes, the droplets can spread diseases. Now research shows that plants have a somewhat 21 problem. Plant diseases can also spread through tiny water drops that jump off leaves— a plant’s version of a sneeze. Scientists already knew earlier that wind and splashes of rainwater can move bacteria and other germs from leaf to leaf. 22 other possible transmission routes, researchers at Virginia Tech observed water drops on the leaves of wheat plants that were infected with leaf rust. They found that the sick plants could “sneeze” and 23 tiny water drops filled with leaf rust germs, spreading the disease to neighboring plants. The researchers noticed that small drops of water on the wheat leaves would move to combine and form a larger drop. As they were moving, the energy of the droplets in motion would be released. This energy allowed the water 24 into the air, which looked just like sneezing! However, not all plants can sneeze. The ability is 25 to those with leaves that are hydrophobic, or repel water—a special feature that forces the liquid to move away when the leaf is exposed to it."
學測英文,109,22,21,綜合測驗：In a search for,B,B5,T6,E7,為了「尋找」其他傳播途徑而觀察：In a search for,(A) As a result of (B) In a search for (C) With a view to (D) To the extent of,"第21 至25 題為題組 When a person sneezes, the droplets can spread diseases. Now research shows that plants have a somewhat 21 problem. Plant diseases can also spread through tiny water drops that jump off leaves— a plant’s version of a sneeze. Scientists already knew earlier that wind and splashes of rainwater can move bacteria and other germs from leaf to leaf. 22 other possible transmission routes, researchers at Virginia Tech observed water drops on the leaves of wheat plants that were infected with leaf rust. They found that the sick plants could “sneeze” and 23 tiny water drops filled with leaf rust germs, spreading the disease to neighboring plants. The researchers noticed that small drops of water on the wheat leaves would move to combine and form a larger drop. As they were moving, the energy of the droplets in motion would be released. This energy allowed the water 24 into the air, which looked just like sneezing! However, not all plants can sneeze. The ability is 25 to those with leaves that are hydrophobic, or repel water—a special feature that forces the liquid to move away when the leaf is exposed to it."
學測英文,109,23,21,綜合測驗：shoot out,A,K1,T7,E11,shoot out water drops：噴出水滴,(A) shoot out (B) hold on (C) come across (D) give up,"第21 至25 題為題組 When a person sneezes, the droplets can spread diseases. Now research shows that plants have a somewhat 21 problem. Plant diseases can also spread through tiny water drops that jump off leaves— a plant’s version of a sneeze. Scientists already knew earlier that wind and splashes of rainwater can move bacteria and other germs from leaf to leaf. 22 other possible transmission routes, researchers at Virginia Tech observed water drops on the leaves of wheat plants that were infected with leaf rust. They found that the sick plants could “sneeze” and 23 tiny water drops filled with leaf rust germs, spreading the disease to neighboring plants. The researchers noticed that small drops of water on the wheat leaves would move to combine and form a larger drop. As they were moving, the energy of the droplets in motion would be released. This energy allowed the water 24 into the air, which looked just like sneezing! However, not all plants can sneeze. The ability is 25 to those with leaves that are hydrophobic, or repel water—a special feature that forces the liquid to move away when the leaf is exposed to it."
學測英文,109,24,21,綜合測驗：to jump,B,K2,T8,E12,allow＋受詞＋to V：allowed the water to jump,(A) jump (B) to jump (C) jumping (D) jumped,"第21 至25 題為題組 When a person sneezes, the droplets can spread diseases. Now research shows that plants have a somewhat 21 problem. Plant diseases can also spread through tiny water drops that jump off leaves— a plant’s version of a sneeze. Scientists already knew earlier that wind and splashes of rainwater can move bacteria and other germs from leaf to leaf. 22 other possible transmission routes, researchers at Virginia Tech observed water drops on the leaves of wheat plants that were infected with leaf rust. They found that the sick plants could “sneeze” and 23 tiny water drops filled with leaf rust germs, spreading the disease to neighboring plants. The researchers noticed that small drops of water on the wheat leaves would move to combine and form a larger drop. As they were moving, the energy of the droplets in motion would be released. This energy allowed the water 24 into the air, which looked just like sneezing! However, not all plants can sneeze. The ability is 25 to those with leaves that are hydrophobic, or repel water—a special feature that forces the liquid to move away when the leaf is exposed to it."
學測英文,109,25,21,綜合測驗：unique,C,K1,T7,E11,be unique to：只有某些植物才有,(A) curious (B) relative (C) unique (D) primitive,"第21 至25 題為題組 When a person sneezes, the droplets can spread diseases. Now research shows that plants have a somewhat 21 problem. Plant diseases can also spread through tiny water drops that jump off leaves— a plant’s version of a sneeze. Scientists already knew earlier that wind and splashes of rainwater can move bacteria and other germs from leaf to leaf. 22 other possible transmission routes, researchers at Virginia Tech observed water drops on the leaves of wheat plants that were infected with leaf rust. They found that the sick plants could “sneeze” and 23 tiny water drops filled with leaf rust germs, spreading the disease to neighboring plants. The researchers noticed that small drops of water on the wheat leaves would move to combine and form a larger drop. As they were moving, the energy of the droplets in motion would be released. This energy allowed the water 24 into the air, which looked just like sneezing! However, not all plants can sneeze. The ability is 25 to those with leaves that are hydrophobic, or repel water—a special feature that forces the liquid to move away when the leaf is exposed to it."
學測英文,109,26,26,綜合測驗：encourage,D,K1,T7,E11,encourage people to take vacations：鼓勵人們去度假,(A) increase (B) require (C) command (D) encourage,"第26 至30 題為題組 The idea of Blue Monday dates back to a 2005 campaign by Sky Travel. The travel company wanted to 26 people to take January vacations, so they reached out to a psychologist. The scholar then developed an equation to find the most depressing day of the year, and it turned out to be the third Monday in January. Since then, other companies have jumped on the bandwagon to promote everything from soft drinks to new clothes as a 27 . A group in the UK even started a website devoted to “beating Blue Monday.” Many scientists, however, say there is no evidence that Blue Monday causes any more sadness than other specific days of the year. 28 , the idea of Blue Monday persists. According to psychologist Dean Burnett, people feel down in January 29 post-holiday discontent, and the Blue Monday claim makes it seem like there are scientific reasons for this. Also, the idea 30 a very complex issue regarding depression into something simple and easily understandable, and that tends to appeal to a lot of people."
學測英文,109,27,26,綜合測驗：remedy,C,K1,T7,E11,remedy：商品被宣傳成「解藥」,(A) disguise (B) merit (C) remedy (D) ceremony,"第26 至30 題為題組 The idea of Blue Monday dates back to a 2005 campaign by Sky Travel. The travel company wanted to 26 people to take January vacations, so they reached out to a psychologist. The scholar then developed an equation to find the most depressing day of the year, and it turned out to be the third Monday in January. Since then, other companies have jumped on the bandwagon to promote everything from soft drinks to new clothes as a 27 . A group in the UK even started a website devoted to “beating Blue Monday.” Many scientists, however, say there is no evidence that Blue Monday causes any more sadness than other specific days of the year. 28 , the idea of Blue Monday persists. According to psychologist Dean Burnett, people feel down in January 29 post-holiday discontent, and the Blue Monday claim makes it seem like there are scientific reasons for this. Also, the idea 30 a very complex issue regarding depression into something simple and easily understandable, and that tends to appeal to a lot of people."
學測英文,109,28,26,綜合測驗：And yet,B,B5,T6,E7,前句說沒有證據，後句說觀念仍存在：And yet,(A) If so (B) And yet (C) On that (D) With this,"第26 至30 題為題組 The idea of Blue Monday dates back to a 2005 campaign by Sky Travel. The travel company wanted to 26 people to take January vacations, so they reached out to a psychologist. The scholar then developed an equation to find the most depressing day of the year, and it turned out to be the third Monday in January. Since then, other companies have jumped on the bandwagon to promote everything from soft drinks to new clothes as a 27 . A group in the UK even started a website devoted to “beating Blue Monday.” Many scientists, however, say there is no evidence that Blue Monday causes any more sadness than other specific days of the year. 28 , the idea of Blue Monday persists. According to psychologist Dean Burnett, people feel down in January 29 post-holiday discontent, and the Blue Monday claim makes it seem like there are scientific reasons for this. Also, the idea 30 a very complex issue regarding depression into something simple and easily understandable, and that tends to appeal to a lot of people."
學測英文,109,29,26,綜合測驗：owing to,B,B5,T6,E7,因果：因為假期後的失落感，owing to,(A) as for (B) owing to (C) in spite of (D) with respect to,"第26 至30 題為題組 The idea of Blue Monday dates back to a 2005 campaign by Sky Travel. The travel company wanted to 26 people to take January vacations, so they reached out to a psychologist. The scholar then developed an equation to find the most depressing day of the year, and it turned out to be the third Monday in January. Since then, other companies have jumped on the bandwagon to promote everything from soft drinks to new clothes as a 27 . A group in the UK even started a website devoted to “beating Blue Monday.” Many scientists, however, say there is no evidence that Blue Monday causes any more sadness than other specific days of the year. 28 , the idea of Blue Monday persists. According to psychologist Dean Burnett, people feel down in January 29 post-holiday discontent, and the Blue Monday claim makes it seem like there are scientific reasons for this. Also, the idea 30 a very complex issue regarding depression into something simple and easily understandable, and that tends to appeal to a lot of people."
學測英文,109,30,26,綜合測驗：breaks down,A,K1,T7,E11,break down a complex issue into…：把複雜問題簡化,(A) breaks down (B) mixes up (C) tears off (D) results in,"第26 至30 題為題組 The idea of Blue Monday dates back to a 2005 campaign by Sky Travel. The travel company wanted to 26 people to take January vacations, so they reached out to a psychologist. The scholar then developed an equation to find the most depressing day of the year, and it turned out to be the third Monday in January. Since then, other companies have jumped on the bandwagon to promote everything from soft drinks to new clothes as a 27 . A group in the UK even started a website devoted to “beating Blue Monday.” Many scientists, however, say there is no evidence that Blue Monday causes any more sadness than other specific days of the year. 28 , the idea of Blue Monday persists. According to psychologist Dean Burnett, people feel down in January 29 post-holiday discontent, and the Blue Monday claim makes it seem like there are scientific reasons for this. Also, the idea 30 a very complex issue regarding depression into something simple and easily understandable, and that tends to appeal to a lot of people."
學測英文,109,31,31,文意選填：rare,F,K1,T7,E9,a relatively rare phenomenon：單邊酒窩比較「少見」,,"第31 至40 題為題組 Dimples are small folds or indentations on the cheeks of one’s face. Generally, they appear on both cheeks; a single dimple on one cheek is a relatively 31 phenomenon. Some cultures are found to show preference for dimples on one’s cheeks, as the feature is claimed to be a sign of 32 . Though often associated with beauty, most dimples are actually a genetic 33 caused by shortened facial muscles. When a person smiles, the shorter-than-normal muscle pulls up the facial skin, which in turn creates a small indentation—or dimple—in the skin. Such dimples tend to occur in families, and are assumed to be an inherited feature. In fact, some researchers believe that the 34 of dimples from parents to children takes only one gene. If neither of the parents has dimple genes, their children will not 35 the trait. Not all dimples are formed by a genetic defect, though; some may appear due to the 36 of excessive fat on the face. Such dimples are not a permanent trait, for they vanish when the excessive fat goes away. Many babies, for example, have dimples on their 37 cheeks. As they grow older and lose their baby fat, the dimples may 38 with time. For those people who were born without 39 dimples, various methods can be applied to successfully create them. These methods 40 from a simple step like makeup to a drastic one like surgery. It all depends on whether you think it is worth the effort. (A) flaw (B) exhibit (C) chubby (D) attractiveness (E) fade (F) rare (G) range (H) transfer ( I) natural (J) presence"
學測英文,109,32,31,文意選填：attractiveness,D,K1,T7,E9,a sign of attractiveness：被當成迷人的象徵,,"第31 至40 題為題組 Dimples are small folds or indentations on the cheeks of one’s face. Generally, they appear on both cheeks; a single dimple on one cheek is a relatively 31 phenomenon. Some cultures are found to show preference for dimples on one’s cheeks, as the feature is claimed to be a sign of 32 . Though often associated with beauty, most dimples are actually a genetic 33 caused by shortened facial muscles. When a person smiles, the shorter-than-normal muscle pulls up the facial skin, which in turn creates a small indentation—or dimple—in the skin. Such dimples tend to occur in families, and are assumed to be an inherited feature. In fact, some researchers believe that the 34 of dimples from parents to children takes only one gene. If neither of the parents has dimple genes, their children will not 35 the trait. Not all dimples are formed by a genetic defect, though; some may appear due to the 36 of excessive fat on the face. Such dimples are not a permanent trait, for they vanish when the excessive fat goes away. Many babies, for example, have dimples on their 37 cheeks. As they grow older and lose their baby fat, the dimples may 38 with time. For those people who were born without 39 dimples, various methods can be applied to successfully create them. These methods 40 from a simple step like makeup to a drastic one like surgery. It all depends on whether you think it is worth the effort. (A) flaw (B) exhibit (C) chubby (D) attractiveness (E) fade (F) rare (G) range (H) transfer ( I) natural (J) presence"
學測英文,109,33,31,文意選填：flaw,A,K1,T7,E9,a genetic flaw：肌肉較短造成的遺傳缺陷,,"第31 至40 題為題組 Dimples are small folds or indentations on the cheeks of one’s face. Generally, they appear on both cheeks; a single dimple on one cheek is a relatively 31 phenomenon. Some cultures are found to show preference for dimples on one’s cheeks, as the feature is claimed to be a sign of 32 . Though often associated with beauty, most dimples are actually a genetic 33 caused by shortened facial muscles. When a person smiles, the shorter-than-normal muscle pulls up the facial skin, which in turn creates a small indentation—or dimple—in the skin. Such dimples tend to occur in families, and are assumed to be an inherited feature. In fact, some researchers believe that the 34 of dimples from parents to children takes only one gene. If neither of the parents has dimple genes, their children will not 35 the trait. Not all dimples are formed by a genetic defect, though; some may appear due to the 36 of excessive fat on the face. Such dimples are not a permanent trait, for they vanish when the excessive fat goes away. Many babies, for example, have dimples on their 37 cheeks. As they grow older and lose their baby fat, the dimples may 38 with time. For those people who were born without 39 dimples, various methods can be applied to successfully create them. These methods 40 from a simple step like makeup to a drastic one like surgery. It all depends on whether you think it is worth the effort. (A) flaw (B) exhibit (C) chubby (D) attractiveness (E) fade (F) rare (G) range (H) transfer ( I) natural (J) presence"
學測英文,109,34,31,文意選填：transfer,H,K1,T7,E9,the transfer of dimples：由父母「傳給」孩子,,"第31 至40 題為題組 Dimples are small folds or indentations on the cheeks of one’s face. Generally, they appear on both cheeks; a single dimple on one cheek is a relatively 31 phenomenon. Some cultures are found to show preference for dimples on one’s cheeks, as the feature is claimed to be a sign of 32 . Though often associated with beauty, most dimples are actually a genetic 33 caused by shortened facial muscles. When a person smiles, the shorter-than-normal muscle pulls up the facial skin, which in turn creates a small indentation—or dimple—in the skin. Such dimples tend to occur in families, and are assumed to be an inherited feature. In fact, some researchers believe that the 34 of dimples from parents to children takes only one gene. If neither of the parents has dimple genes, their children will not 35 the trait. Not all dimples are formed by a genetic defect, though; some may appear due to the 36 of excessive fat on the face. Such dimples are not a permanent trait, for they vanish when the excessive fat goes away. Many babies, for example, have dimples on their 37 cheeks. As they grow older and lose their baby fat, the dimples may 38 with time. For those people who were born without 39 dimples, various methods can be applied to successfully create them. These methods 40 from a simple step like makeup to a drastic one like surgery. It all depends on whether you think it is worth the effort. (A) flaw (B) exhibit (C) chubby (D) attractiveness (E) fade (F) rare (G) range (H) transfer ( I) natural (J) presence"
學測英文,109,35,31,文意選填：exhibit,B,K2,T8,E12,will not ___ the trait：助動詞後接原形動詞 exhibit,,"第31 至40 題為題組 Dimples are small folds or indentations on the cheeks of one’s face. Generally, they appear on both cheeks; a single dimple on one cheek is a relatively 31 phenomenon. Some cultures are found to show preference for dimples on one’s cheeks, as the feature is claimed to be a sign of 32 . Though often associated with beauty, most dimples are actually a genetic 33 caused by shortened facial muscles. When a person smiles, the shorter-than-normal muscle pulls up the facial skin, which in turn creates a small indentation—or dimple—in the skin. Such dimples tend to occur in families, and are assumed to be an inherited feature. In fact, some researchers believe that the 34 of dimples from parents to children takes only one gene. If neither of the parents has dimple genes, their children will not 35 the trait. Not all dimples are formed by a genetic defect, though; some may appear due to the 36 of excessive fat on the face. Such dimples are not a permanent trait, for they vanish when the excessive fat goes away. Many babies, for example, have dimples on their 37 cheeks. As they grow older and lose their baby fat, the dimples may 38 with time. For those people who were born without 39 dimples, various methods can be applied to successfully create them. These methods 40 from a simple step like makeup to a drastic one like surgery. It all depends on whether you think it is worth the effort. (A) flaw (B) exhibit (C) chubby (D) attractiveness (E) fade (F) rare (G) range (H) transfer ( I) natural (J) presence"
學測英文,109,36,31,文意選填：presence,J,K1,T7,E9,the presence of excessive fat：臉上有多餘的脂肪,,"第31 至40 題為題組 Dimples are small folds or indentations on the cheeks of one’s face. Generally, they appear on both cheeks; a single dimple on one cheek is a relatively 31 phenomenon. Some cultures are found to show preference for dimples on one’s cheeks, as the feature is claimed to be a sign of 32 . Though often associated with beauty, most dimples are actually a genetic 33 caused by shortened facial muscles. When a person smiles, the shorter-than-normal muscle pulls up the facial skin, which in turn creates a small indentation—or dimple—in the skin. Such dimples tend to occur in families, and are assumed to be an inherited feature. In fact, some researchers believe that the 34 of dimples from parents to children takes only one gene. If neither of the parents has dimple genes, their children will not 35 the trait. Not all dimples are formed by a genetic defect, though; some may appear due to the 36 of excessive fat on the face. Such dimples are not a permanent trait, for they vanish when the excessive fat goes away. Many babies, for example, have dimples on their 37 cheeks. As they grow older and lose their baby fat, the dimples may 38 with time. For those people who were born without 39 dimples, various methods can be applied to successfully create them. These methods 40 from a simple step like makeup to a drastic one like surgery. It all depends on whether you think it is worth the effort. (A) flaw (B) exhibit (C) chubby (D) attractiveness (E) fade (F) rare (G) range (H) transfer ( I) natural (J) presence"
學測英文,109,37,31,文意選填：chubby,C,K2,T8,E12,修飾 cheeks 的形容詞：chubby（圓嘟嘟的）,,"第31 至40 題為題組 Dimples are small folds or indentations on the cheeks of one’s face. Generally, they appear on both cheeks; a single dimple on one cheek is a relatively 31 phenomenon. Some cultures are found to show preference for dimples on one’s cheeks, as the feature is claimed to be a sign of 32 . Though often associated with beauty, most dimples are actually a genetic 33 caused by shortened facial muscles. When a person smiles, the shorter-than-normal muscle pulls up the facial skin, which in turn creates a small indentation—or dimple—in the skin. Such dimples tend to occur in families, and are assumed to be an inherited feature. In fact, some researchers believe that the 34 of dimples from parents to children takes only one gene. If neither of the parents has dimple genes, their children will not 35 the trait. Not all dimples are formed by a genetic defect, though; some may appear due to the 36 of excessive fat on the face. Such dimples are not a permanent trait, for they vanish when the excessive fat goes away. Many babies, for example, have dimples on their 37 cheeks. As they grow older and lose their baby fat, the dimples may 38 with time. For those people who were born without 39 dimples, various methods can be applied to successfully create them. These methods 40 from a simple step like makeup to a drastic one like surgery. It all depends on whether you think it is worth the effort. (A) flaw (B) exhibit (C) chubby (D) attractiveness (E) fade (F) rare (G) range (H) transfer ( I) natural (J) presence"
學測英文,109,38,31,文意選填：fade,E,K2,T8,E12,may 後接原形動詞：fade（逐漸消失）,,"第31 至40 題為題組 Dimples are small folds or indentations on the cheeks of one’s face. Generally, they appear on both cheeks; a single dimple on one cheek is a relatively 31 phenomenon. Some cultures are found to show preference for dimples on one’s cheeks, as the feature is claimed to be a sign of 32 . Though often associated with beauty, most dimples are actually a genetic 33 caused by shortened facial muscles. When a person smiles, the shorter-than-normal muscle pulls up the facial skin, which in turn creates a small indentation—or dimple—in the skin. Such dimples tend to occur in families, and are assumed to be an inherited feature. In fact, some researchers believe that the 34 of dimples from parents to children takes only one gene. If neither of the parents has dimple genes, their children will not 35 the trait. Not all dimples are formed by a genetic defect, though; some may appear due to the 36 of excessive fat on the face. Such dimples are not a permanent trait, for they vanish when the excessive fat goes away. Many babies, for example, have dimples on their 37 cheeks. As they grow older and lose their baby fat, the dimples may 38 with time. For those people who were born without 39 dimples, various methods can be applied to successfully create them. These methods 40 from a simple step like makeup to a drastic one like surgery. It all depends on whether you think it is worth the effort. (A) flaw (B) exhibit (C) chubby (D) attractiveness (E) fade (F) rare (G) range (H) transfer ( I) natural (J) presence"
學測英文,109,39,31,文意選填：natural,I,K1,T7,E9,natural dimples：天生的酒窩,,"第31 至40 題為題組 Dimples are small folds or indentations on the cheeks of one’s face. Generally, they appear on both cheeks; a single dimple on one cheek is a relatively 31 phenomenon. Some cultures are found to show preference for dimples on one’s cheeks, as the feature is claimed to be a sign of 32 . Though often associated with beauty, most dimples are actually a genetic 33 caused by shortened facial muscles. When a person smiles, the shorter-than-normal muscle pulls up the facial skin, which in turn creates a small indentation—or dimple—in the skin. Such dimples tend to occur in families, and are assumed to be an inherited feature. In fact, some researchers believe that the 34 of dimples from parents to children takes only one gene. If neither of the parents has dimple genes, their children will not 35 the trait. Not all dimples are formed by a genetic defect, though; some may appear due to the 36 of excessive fat on the face. Such dimples are not a permanent trait, for they vanish when the excessive fat goes away. Many babies, for example, have dimples on their 37 cheeks. As they grow older and lose their baby fat, the dimples may 38 with time. For those people who were born without 39 dimples, various methods can be applied to successfully create them. These methods 40 from a simple step like makeup to a drastic one like surgery. It all depends on whether you think it is worth the effort. (A) flaw (B) exhibit (C) chubby (D) attractiveness (E) fade (F) rare (G) range (H) transfer ( I) natural (J) presence"
學測英文,109,40,31,文意選填：range,G,K1,T7,E9,range from A to B：從簡單到激烈都有,,"第31 至40 題為題組 Dimples are small folds or indentations on the cheeks of one’s face. Generally, they appear on both cheeks; a single dimple on one cheek is a relatively 31 phenomenon. Some cultures are found to show preference for dimples on one’s cheeks, as the feature is claimed to be a sign of 32 . Though often associated with beauty, most dimples are actually a genetic 33 caused by shortened facial muscles. When a person smiles, the shorter-than-normal muscle pulls up the facial skin, which in turn creates a small indentation—or dimple—in the skin. Such dimples tend to occur in families, and are assumed to be an inherited feature. In fact, some researchers believe that the 34 of dimples from parents to children takes only one gene. If neither of the parents has dimple genes, their children will not 35 the trait. Not all dimples are formed by a genetic defect, though; some may appear due to the 36 of excessive fat on the face. Such dimples are not a permanent trait, for they vanish when the excessive fat goes away. Many babies, for example, have dimples on their 37 cheeks. As they grow older and lose their baby fat, the dimples may 38 with time. For those people who were born without 39 dimples, various methods can be applied to successfully create them. These methods 40 from a simple step like makeup to a drastic one like surgery. It all depends on whether you think it is worth the effort. (A) flaw (B) exhibit (C) chubby (D) attractiveness (E) fade (F) rare (G) range (H) transfer ( I) natural (J) presence"
學測英文,109,41,41,閱讀測驗：圖表判讀,D,B4,T3,E8,圖文對照：看圖中帶子夾在哪兩趾之間，對應正確的文化,Which culture most likely created the sandals shown in the picture? (A) Indian. (B) Greek. (C) Mesopotamian. (D) Roman.,"第41 至44 題為題組 The flip-flop is the simplest shoe on the planet. It consists of a piece of rubber, plastic, leather, or woven material in the outline of a foot, with a strap holding the sandal to a wearer’s toes. The name comes from the sound the sandals make when they slap the walking feet. The earliest record of people wearing the flip-flop comes from Egypt, but many ancient cultures had their own variants of the footwear. In the Greek version, the toe strap ran between the first and second toes, while Roman sandals had the strap between the second and third toes. The Mesopotamians wore the strap between the third and fourth toes. In India, “toe knob” sandals had a knob between the first and second toes. Modern flip-flops derive from Japanese zōris, which were often worn with socks dividing the big toe from the rest, and were typically made of rice straw. During World War II, Japan seized much of Southeast Asia’s rubber. In 1945, devastated from the war, the country set about establishing a cheap industry that could rebuild its economy. The Japanese used their rubber reserves from the war to mass-produce the simplest Japanese footwear. Rubber thus replaced rice straw as the major material for the flip-flop. In the 1950s, flip-flops became popular in the United States as soldiers returning from occupied Japan brought zōris home. The sandals have subsequently undergone redesign, often appearing in bright colors in line with Californian beach culture. They have remained popular due to their convenience, and are often worn with bathing suits or summer clothing. Some people also wear dressy versions for more formal occasions. Despite their popularity, flip-flops provoke some questions. Their simple design is responsible for many foot injuries. Another issue is the suitability of exposing feet on the street and places other than the beach. But even more serious is their environmental impact: Millions of plastic discards end up in landfills or the ocean, releasing chemicals and at the same time taking centuries to decompose."
學測英文,109,42,41,閱讀測驗：細節,A,A1,T5,E1,名字來自走路時拍打腳的聲音,Why is the footwear discussed in the passage called “flip-flop”? (A) Because of the noise it makes. (B) Because of its changeable design. (C) Because of its simple structure. (D) Because of the comfort of wearing it.,"第41 至44 題為題組 The flip-flop is the simplest shoe on the planet. It consists of a piece of rubber, plastic, leather, or woven material in the outline of a foot, with a strap holding the sandal to a wearer’s toes. The name comes from the sound the sandals make when they slap the walking feet. The earliest record of people wearing the flip-flop comes from Egypt, but many ancient cultures had their own variants of the footwear. In the Greek version, the toe strap ran between the first and second toes, while Roman sandals had the strap between the second and third toes. The Mesopotamians wore the strap between the third and fourth toes. In India, “toe knob” sandals had a knob between the first and second toes. Modern flip-flops derive from Japanese zōris, which were often worn with socks dividing the big toe from the rest, and were typically made of rice straw. During World War II, Japan seized much of Southeast Asia’s rubber. In 1945, devastated from the war, the country set about establishing a cheap industry that could rebuild its economy. The Japanese used their rubber reserves from the war to mass-produce the simplest Japanese footwear. Rubber thus replaced rice straw as the major material for the flip-flop. In the 1950s, flip-flops became popular in the United States as soldiers returning from occupied Japan brought zōris home. The sandals have subsequently undergone redesign, often appearing in bright colors in line with Californian beach culture. They have remained popular due to their convenience, and are often worn with bathing suits or summer clothing. Some people also wear dressy versions for more formal occasions. Despite their popularity, flip-flops provoke some questions. Their simple design is responsible for many foot injuries. Another issue is the suitability of exposing feet on the street and places other than the beach. But even more serious is their environmental impact: Millions of plastic discards end up in landfills or the ocean, releasing chemicals and at the same time taking centuries to decompose."
學測英文,109,43,41,閱讀測驗：細節,D,A1,T6,E1,年代順序：二戰後才改用橡膠，美軍帶回的草鞋演變成現代拖鞋,Which of the following is true about the modern development of the flip-flop? (A) Modern flip-flops originated from Indian toe knob sandals. (B) Americans loved the Japanese flip-flop because of its bright colors. (C) Rubber became the major material of the flip-flop before World War II. (D) The sandals American soldiers brought home from Japan later became modern flip-flops.,"第41 至44 題為題組 The flip-flop is the simplest shoe on the planet. It consists of a piece of rubber, plastic, leather, or woven material in the outline of a foot, with a strap holding the sandal to a wearer’s toes. The name comes from the sound the sandals make when they slap the walking feet. The earliest record of people wearing the flip-flop comes from Egypt, but many ancient cultures had their own variants of the footwear. In the Greek version, the toe strap ran between the first and second toes, while Roman sandals had the strap between the second and third toes. The Mesopotamians wore the strap between the third and fourth toes. In India, “toe knob” sandals had a knob between the first and second toes. Modern flip-flops derive from Japanese zōris, which were often worn with socks dividing the big toe from the rest, and were typically made of rice straw. During World War II, Japan seized much of Southeast Asia’s rubber. In 1945, devastated from the war, the country set about establishing a cheap industry that could rebuild its economy. The Japanese used their rubber reserves from the war to mass-produce the simplest Japanese footwear. Rubber thus replaced rice straw as the major material for the flip-flop. In the 1950s, flip-flops became popular in the United States as soldiers returning from occupied Japan brought zōris home. The sandals have subsequently undergone redesign, often appearing in bright colors in line with Californian beach culture. They have remained popular due to their convenience, and are often worn with bathing suits or summer clothing. Some people also wear dressy versions for more formal occasions. Despite their popularity, flip-flops provoke some questions. Their simple design is responsible for many foot injuries. Another issue is the suitability of exposing feet on the street and places other than the beach. But even more serious is their environmental impact: Millions of plastic discards end up in landfills or the ocean, releasing chemicals and at the same time taking centuries to decompose."
學測英文,109,44,41,閱讀測驗：細節,B,A1,T1,E1,「NOT mentioned」：文中談受傷、場合、污染，沒談品質差,Which of the following is NOT mentioned as a concern of wearing the flip-flop? (A) Personal health. (B) Poor quality. (C) Social appropriateness. (D) Marine pollution.,"第41 至44 題為題組 The flip-flop is the simplest shoe on the planet. It consists of a piece of rubber, plastic, leather, or woven material in the outline of a foot, with a strap holding the sandal to a wearer’s toes. The name comes from the sound the sandals make when they slap the walking feet. The earliest record of people wearing the flip-flop comes from Egypt, but many ancient cultures had their own variants of the footwear. In the Greek version, the toe strap ran between the first and second toes, while Roman sandals had the strap between the second and third toes. The Mesopotamians wore the strap between the third and fourth toes. In India, “toe knob” sandals had a knob between the first and second toes. Modern flip-flops derive from Japanese zōris, which were often worn with socks dividing the big toe from the rest, and were typically made of rice straw. During World War II, Japan seized much of Southeast Asia’s rubber. In 1945, devastated from the war, the country set about establishing a cheap industry that could rebuild its economy. The Japanese used their rubber reserves from the war to mass-produce the simplest Japanese footwear. Rubber thus replaced rice straw as the major material for the flip-flop. In the 1950s, flip-flops became popular in the United States as soldiers returning from occupied Japan brought zōris home. The sandals have subsequently undergone redesign, often appearing in bright colors in line with Californian beach culture. They have remained popular due to their convenience, and are often worn with bathing suits or summer clothing. Some people also wear dressy versions for more formal occasions. Despite their popularity, flip-flops provoke some questions. Their simple design is responsible for many foot injuries. Another issue is the suitability of exposing feet on the street and places other than the beach. But even more serious is their environmental impact: Millions of plastic discards end up in landfills or the ocean, releasing chemicals and at the same time taking centuries to decompose."
學測英文,109,45,45,閱讀測驗：主旨,A,B3,T4,E2,主旨：介紹一種特殊職業「引水人」,What is the passage mainly about? (A) A special profession. (B) Shipping and trading. (C) Guidelines for safe docking. (D) Protection of the marine environment.,"第45 至48 題為題組 Ships are the lifeline of trade among countries. Almost everything, from food to machinery, comes by way of the sea in huge ships piloted by captains. But the captain of a ship is responsible for guiding the vessel until they hit a port, waiting to enter the harbor. The task of bringing the ship into the harbor and anchoring it is taken up by a different captain. This captain is called a marine pilot. A marine pilot is a boat pilot with specialized knowledge of a particular port or harbor. The pilot is needed to direct large ships into a port, where there are often deep water channels surrounded by shallower seabeds. Without the services of a marine pilot, docking ships would be hazardous. There would be a real chance of running aground and damaging the ship and the cargo, some of which might be dangerous if released into a water-based ecosystem. In addition to the shallower seabeds, tide and wind pose further challenges for bringing ships into a port. During different tides, currents may change from one direction to the other. The same strategy for docking a vessel during an incoming tide may not work during an outgoing tide. Also, the wind can significantly alter the direction of the ship and how it reacts, adding to the difficulty of anchoring the ship. Marine pilotage is a job that requires a high degree of proficiency as well as quick and independent thinking. Above all, it is about risk management. A marine pilot goes on board at a crucial time and controls the vessel based on his or her knowledge of the port and the situation at hand. The pilot is responsible for not only the safety of the ship but also the protection of the port and the marine environment."
學測英文,109,46,45,閱讀測驗：細節,C,A1,T3,E1,引水人必須熟悉潮汐、風向等狀況,Which of the following is part of the knowledge that a marine pilot must have? (A) The value of the ships. (B) The content of the cargo. (C) The weather conditions. (D) The diversity of marine life.,"第45 至48 題為題組 Ships are the lifeline of trade among countries. Almost everything, from food to machinery, comes by way of the sea in huge ships piloted by captains. But the captain of a ship is responsible for guiding the vessel until they hit a port, waiting to enter the harbor. The task of bringing the ship into the harbor and anchoring it is taken up by a different captain. This captain is called a marine pilot. A marine pilot is a boat pilot with specialized knowledge of a particular port or harbor. The pilot is needed to direct large ships into a port, where there are often deep water channels surrounded by shallower seabeds. Without the services of a marine pilot, docking ships would be hazardous. There would be a real chance of running aground and damaging the ship and the cargo, some of which might be dangerous if released into a water-based ecosystem. In addition to the shallower seabeds, tide and wind pose further challenges for bringing ships into a port. During different tides, currents may change from one direction to the other. The same strategy for docking a vessel during an incoming tide may not work during an outgoing tide. Also, the wind can significantly alter the direction of the ship and how it reacts, adding to the difficulty of anchoring the ship. Marine pilotage is a job that requires a high degree of proficiency as well as quick and independent thinking. Above all, it is about risk management. A marine pilot goes on board at a crucial time and controls the vessel based on his or her knowledge of the port and the situation at hand. The pilot is responsible for not only the safety of the ship but also the protection of the port and the marine environment."
學測英文,109,47,45,閱讀測驗：指涉,D,B1,T3,E4,指涉：關鍵時刻指船等著進港時,What does “a crucial time” in the last paragraph refer to? (A) When the vessel hits a flat. (B) When the channel is not deep enough. (C) When there is a collision of two ships. (D) When a ship is waiting to enter the port.,"第45 至48 題為題組 Ships are the lifeline of trade among countries. Almost everything, from food to machinery, comes by way of the sea in huge ships piloted by captains. But the captain of a ship is responsible for guiding the vessel until they hit a port, waiting to enter the harbor. The task of bringing the ship into the harbor and anchoring it is taken up by a different captain. This captain is called a marine pilot. A marine pilot is a boat pilot with specialized knowledge of a particular port or harbor. The pilot is needed to direct large ships into a port, where there are often deep water channels surrounded by shallower seabeds. Without the services of a marine pilot, docking ships would be hazardous. There would be a real chance of running aground and damaging the ship and the cargo, some of which might be dangerous if released into a water-based ecosystem. In addition to the shallower seabeds, tide and wind pose further challenges for bringing ships into a port. During different tides, currents may change from one direction to the other. The same strategy for docking a vessel during an incoming tide may not work during an outgoing tide. Also, the wind can significantly alter the direction of the ship and how it reacts, adding to the difficulty of anchoring the ship. Marine pilotage is a job that requires a high degree of proficiency as well as quick and independent thinking. Above all, it is about risk management. A marine pilot goes on board at a crucial time and controls the vessel based on his or her knowledge of the port and the situation at hand. The pilot is responsible for not only the safety of the ship but also the protection of the port and the marine environment."
學測英文,109,48,45,閱讀測驗：組織與手法,C,C1,T4,E7,最後一段在總結前文重點,How does the author conclude the passage in the last paragraph? (A) By adding new details. (B) By predicting future development. (C) By summarizing the main points. (D) By giving advice to the general public.,"第45 至48 題為題組 Ships are the lifeline of trade among countries. Almost everything, from food to machinery, comes by way of the sea in huge ships piloted by captains. But the captain of a ship is responsible for guiding the vessel until they hit a port, waiting to enter the harbor. The task of bringing the ship into the harbor and anchoring it is taken up by a different captain. This captain is called a marine pilot. A marine pilot is a boat pilot with specialized knowledge of a particular port or harbor. The pilot is needed to direct large ships into a port, where there are often deep water channels surrounded by shallower seabeds. Without the services of a marine pilot, docking ships would be hazardous. There would be a real chance of running aground and damaging the ship and the cargo, some of which might be dangerous if released into a water-based ecosystem. In addition to the shallower seabeds, tide and wind pose further challenges for bringing ships into a port. During different tides, currents may change from one direction to the other. The same strategy for docking a vessel during an incoming tide may not work during an outgoing tide. Also, the wind can significantly alter the direction of the ship and how it reacts, adding to the difficulty of anchoring the ship. Marine pilotage is a job that requires a high degree of proficiency as well as quick and independent thinking. Above all, it is about risk management. A marine pilot goes on board at a crucial time and controls the vessel based on his or her knowledge of the port and the situation at hand. The pilot is responsible for not only the safety of the ship but also the protection of the port and the marine environment."
學測英文,109,49,49,閱讀測驗：主旨,D,B3,T4,E2,主旨：影響橄欖油品質的因素,What is the passage mainly about? (A) The flavor of olive oil. (B) The trade of olive oil. (C) The promotion of olive oil. (D) The quality of olive oil.,"第49 至52 題為題組 Probably the most widely used oil in cooking, olive oil is made by crushing olives with stone or steel blades to release the oil. Extra virgin oil, the finest grade, is made from the first pressing of the olives and has a very low acidity rate (under 1%). To be qualified as “extra virgin,” the oil must also pass both an official test in a laboratory and a sensory evaluation by a trained tasting panel. It must be free from impurity, while exhibiting some fruitiness and creating a pleasant bitter flavor along with a peppery sensation in the mouth. Second on the ranking is virgin olive oil. It is also a first pressing, but has a slightly higher acidity level (under 2%). Lastly, pure olive oil is the cheapest olive oil. It is refined to remove its impurities and blended to improve flavor, and is recommended for all-purpose cooking. Packaging and storage also have an impact on the quality of olive oil. Olive oil spoils quickly when exposed to direct sunlight, so it should be stored in the dark at 16-18°C. Moisture and oxygen promote oxidation and therefore limit its shelf life. Plastic containers usually do not provide adequate protection from light, heat, or moisture; additionally, small particles in plastics can leak into the oil, which further reduces its quality. Olive oil tasters have long adopted descriptive terms such as “pure” and “light” to evaluate the quality of olive oil. Recently, however, the International Olive Council (IOC) is seeking input on test methods to improve the transparency of the testing process and boost the accuracy of the results. A redefinition of the term “olive oil” is also proposed to make a clear distinction between virgin olive oil and pure olive oil. Industry members of the IOC hope to promote the trade of olive oil by initiating these changes."
學測英文,109,50,49,閱讀測驗：細節,D,A1,T6,E1,特級初榨的酸度比初榨更低,Which of the following statements is true about extra virgin olive oil? (A) It is free from any bitter flavor. (B) It is refined to remove its impurities. (C) It requires mixing of more than one kind of oil. (D) It has a lower acidity rate than virgin olive oil.,"第49 至52 題為題組 Probably the most widely used oil in cooking, olive oil is made by crushing olives with stone or steel blades to release the oil. Extra virgin oil, the finest grade, is made from the first pressing of the olives and has a very low acidity rate (under 1%). To be qualified as “extra virgin,” the oil must also pass both an official test in a laboratory and a sensory evaluation by a trained tasting panel. It must be free from impurity, while exhibiting some fruitiness and creating a pleasant bitter flavor along with a peppery sensation in the mouth. Second on the ranking is virgin olive oil. It is also a first pressing, but has a slightly higher acidity level (under 2%). Lastly, pure olive oil is the cheapest olive oil. It is refined to remove its impurities and blended to improve flavor, and is recommended for all-purpose cooking. Packaging and storage also have an impact on the quality of olive oil. Olive oil spoils quickly when exposed to direct sunlight, so it should be stored in the dark at 16-18°C. Moisture and oxygen promote oxidation and therefore limit its shelf life. Plastic containers usually do not provide adequate protection from light, heat, or moisture; additionally, small particles in plastics can leak into the oil, which further reduces its quality. Olive oil tasters have long adopted descriptive terms such as “pure” and “light” to evaluate the quality of olive oil. Recently, however, the International Olive Council (IOC) is seeking input on test methods to improve the transparency of the testing process and boost the accuracy of the results. A redefinition of the term “olive oil” is also proposed to make a clear distinction between virgin olive oil and pure olive oil. Industry members of the IOC hope to promote the trade of olive oil by initiating these changes."
學測英文,109,51,49,閱讀測驗：細節,C,A1,T5,E1,避光、防潮、密封：放在櫥櫃的密封玻璃瓶,"According to the passage, what is the best way to store olive oil? (A) In a plastic container in a damp cellar. (B) In a clear glass bottle near the kitchen stove. (C) In an airtight glass bottle in a kitchen cupboard. (D) In an airproof bottle next to a well-lighted window.","第49 至52 題為題組 Probably the most widely used oil in cooking, olive oil is made by crushing olives with stone or steel blades to release the oil. Extra virgin oil, the finest grade, is made from the first pressing of the olives and has a very low acidity rate (under 1%). To be qualified as “extra virgin,” the oil must also pass both an official test in a laboratory and a sensory evaluation by a trained tasting panel. It must be free from impurity, while exhibiting some fruitiness and creating a pleasant bitter flavor along with a peppery sensation in the mouth. Second on the ranking is virgin olive oil. It is also a first pressing, but has a slightly higher acidity level (under 2%). Lastly, pure olive oil is the cheapest olive oil. It is refined to remove its impurities and blended to improve flavor, and is recommended for all-purpose cooking. Packaging and storage also have an impact on the quality of olive oil. Olive oil spoils quickly when exposed to direct sunlight, so it should be stored in the dark at 16-18°C. Moisture and oxygen promote oxidation and therefore limit its shelf life. Plastic containers usually do not provide adequate protection from light, heat, or moisture; additionally, small particles in plastics can leak into the oil, which further reduces its quality. Olive oil tasters have long adopted descriptive terms such as “pure” and “light” to evaluate the quality of olive oil. Recently, however, the International Olive Council (IOC) is seeking input on test methods to improve the transparency of the testing process and boost the accuracy of the results. A redefinition of the term “olive oil” is also proposed to make a clear distinction between virgin olive oil and pure olive oil. Industry members of the IOC hope to promote the trade of olive oil by initiating these changes."
學測英文,109,52,49,閱讀測驗：細節,B,A1,T3,E1,IOC 想改善評定等級的方法,What is the IOC trying to do? (A) Train more qualified olive oil tasters. (B) Improve the ways of grading olive oil. (C) Look for new techniques to boost production. (D) Build better connections among industry members.,"第49 至52 題為題組 Probably the most widely used oil in cooking, olive oil is made by crushing olives with stone or steel blades to release the oil. Extra virgin oil, the finest grade, is made from the first pressing of the olives and has a very low acidity rate (under 1%). To be qualified as “extra virgin,” the oil must also pass both an official test in a laboratory and a sensory evaluation by a trained tasting panel. It must be free from impurity, while exhibiting some fruitiness and creating a pleasant bitter flavor along with a peppery sensation in the mouth. Second on the ranking is virgin olive oil. It is also a first pressing, but has a slightly higher acidity level (under 2%). Lastly, pure olive oil is the cheapest olive oil. It is refined to remove its impurities and blended to improve flavor, and is recommended for all-purpose cooking. Packaging and storage also have an impact on the quality of olive oil. Olive oil spoils quickly when exposed to direct sunlight, so it should be stored in the dark at 16-18°C. Moisture and oxygen promote oxidation and therefore limit its shelf life. Plastic containers usually do not provide adequate protection from light, heat, or moisture; additionally, small particles in plastics can leak into the oil, which further reduces its quality. Olive oil tasters have long adopted descriptive terms such as “pure” and “light” to evaluate the quality of olive oil. Recently, however, the International Olive Council (IOC) is seeking input on test methods to improve the transparency of the testing process and boost the accuracy of the results. A redefinition of the term “olive oil” is also proposed to make a clear distinction between virgin olive oil and pure olive oil. Industry members of the IOC hope to promote the trade of olive oil by initiating these changes."
學測英文,109,53,53,閱讀測驗：細節,B,A1,T5,E1,鹿舔鐵軌是為了攝取鐵質,Why are deer attracted to train tracks? (A) They mate at night near railways. (B) They need nutrition from train tracks. (C) They like to snort at the passing train. (D) They sharpen their horns rubbing against the rails.,"第53 至56 題為題組 Researchers in Japan have installed on a train a speaker that barks like a dog and snorts like a deer in order to prevent collisions with animals on the tracks. The country has been troubled by a problem with trains colliding with deer on its railways. According to Japan’s transport ministry, there were 613 cases of train services suspended or delayed for at least 30 minutes resulting from collisions with deer and other wild animals in 2016-17. Deer are attracted to railway lines because of a need for iron in their diets. They lick the rails to pick up iron filings caused by the action of wheels against tracks. This dietary need has led to a constant battle to keep the deer separate from the unforgiving nature of tons of onrushing rolling stock. In the past, flashing red lights and even lion faces have been unsuccessfully trialed in an attempt to keep deer off the tracks. This new device has been invented by a team at the country’s Railway Technical Research Institute (RTRI). RTRI officials explain that deer have a habit of repeatedly snorting short, shrill sounds to alert other deer when they perceive danger. The barking of the hound, which drives deer to panic, strengthens the effect of the warning noise, according to the RTRI. When the deer hear a combination of a 3-second- long recording of a deer’s snort and 20 seconds of a barking dog, they panic and flee rapidly. RTRI researchers say late-night tests, at times when deer are most frequently seen by railway tracks, have resulted in a 45 percent reduction of deer sighting. Future plans include static barking sites where deer are commonly seen, but “the noises will not be blared in areas where people live beside the tracks.”"
學測英文,109,54,53,閱讀測驗：細節,C,A1,T3,E1,「NOT used」：試過閃光與獅子臉，吵鬧的鐵軌沒有試過,What device has NOT been used to solve the railway problem in Japan? (A) Flashing lights. (B) Barking speakers. (C) Noisy train tracks. (D) Lion face paintings.,"第53 至56 題為題組 Researchers in Japan have installed on a train a speaker that barks like a dog and snorts like a deer in order to prevent collisions with animals on the tracks. The country has been troubled by a problem with trains colliding with deer on its railways. According to Japan’s transport ministry, there were 613 cases of train services suspended or delayed for at least 30 minutes resulting from collisions with deer and other wild animals in 2016-17. Deer are attracted to railway lines because of a need for iron in their diets. They lick the rails to pick up iron filings caused by the action of wheels against tracks. This dietary need has led to a constant battle to keep the deer separate from the unforgiving nature of tons of onrushing rolling stock. In the past, flashing red lights and even lion faces have been unsuccessfully trialed in an attempt to keep deer off the tracks. This new device has been invented by a team at the country’s Railway Technical Research Institute (RTRI). RTRI officials explain that deer have a habit of repeatedly snorting short, shrill sounds to alert other deer when they perceive danger. The barking of the hound, which drives deer to panic, strengthens the effect of the warning noise, according to the RTRI. When the deer hear a combination of a 3-second- long recording of a deer’s snort and 20 seconds of a barking dog, they panic and flee rapidly. RTRI researchers say late-night tests, at times when deer are most frequently seen by railway tracks, have resulted in a 45 percent reduction of deer sighting. Future plans include static barking sites where deer are commonly seen, but “the noises will not be blared in areas where people live beside the tracks.”"
學測英文,109,55,53,閱讀測驗：細節,A,A1,T2,E1,新裝置讓鹿逃走；45% 指的是目擊次數減少，不是延誤,Which of the following is true about the deer issue discussed in the passage? (A) RTRI’s new invention prompts deer to run away. (B) People living near the tracks complain about deer snorts. (C) 45 percent of train delays in Japan was caused by deer collision. (D) A combination of sound and visual devices attracts more deer to the tracks.,"第53 至56 題為題組 Researchers in Japan have installed on a train a speaker that barks like a dog and snorts like a deer in order to prevent collisions with animals on the tracks. The country has been troubled by a problem with trains colliding with deer on its railways. According to Japan’s transport ministry, there were 613 cases of train services suspended or delayed for at least 30 minutes resulting from collisions with deer and other wild animals in 2016-17. Deer are attracted to railway lines because of a need for iron in their diets. They lick the rails to pick up iron filings caused by the action of wheels against tracks. This dietary need has led to a constant battle to keep the deer separate from the unforgiving nature of tons of onrushing rolling stock. In the past, flashing red lights and even lion faces have been unsuccessfully trialed in an attempt to keep deer off the tracks. This new device has been invented by a team at the country’s Railway Technical Research Institute (RTRI). RTRI officials explain that deer have a habit of repeatedly snorting short, shrill sounds to alert other deer when they perceive danger. The barking of the hound, which drives deer to panic, strengthens the effect of the warning noise, according to the RTRI. When the deer hear a combination of a 3-second- long recording of a deer’s snort and 20 seconds of a barking dog, they panic and flee rapidly. RTRI researchers say late-night tests, at times when deer are most frequently seen by railway tracks, have resulted in a 45 percent reduction of deer sighting. Future plans include static barking sites where deer are commonly seen, but “the noises will not be blared in areas where people live beside the tracks.”"
學測英文,109,56,53,閱讀測驗：字義,D,A2,T1,E3,onrushing rolling stock 指高速行駛的火車,What does the author mean by “the unforgiving nature of tons of onrushing rolling stock” in the third paragraph? (A) The heavy weight of iron materials. (B) The cruelty of a barking hound. (C) The battle between deer and other animals. (D) The danger of a fast-moving train.,"第53 至56 題為題組 Researchers in Japan have installed on a train a speaker that barks like a dog and snorts like a deer in order to prevent collisions with animals on the tracks. The country has been troubled by a problem with trains colliding with deer on its railways. According to Japan’s transport ministry, there were 613 cases of train services suspended or delayed for at least 30 minutes resulting from collisions with deer and other wild animals in 2016-17. Deer are attracted to railway lines because of a need for iron in their diets. They lick the rails to pick up iron filings caused by the action of wheels against tracks. This dietary need has led to a constant battle to keep the deer separate from the unforgiving nature of tons of onrushing rolling stock. In the past, flashing red lights and even lion faces have been unsuccessfully trialed in an attempt to keep deer off the tracks. This new device has been invented by a team at the country’s Railway Technical Research Institute (RTRI). RTRI officials explain that deer have a habit of repeatedly snorting short, shrill sounds to alert other deer when they perceive danger. The barking of the hound, which drives deer to panic, strengthens the effect of the warning noise, according to the RTRI. When the deer hear a combination of a 3-second- long recording of a deer’s snort and 20 seconds of a barking dog, they panic and flee rapidly. RTRI researchers say late-night tests, at times when deer are most frequently seen by railway tracks, have resulted in a 45 percent reduction of deer sighting. Future plans include static barking sites where deer are commonly seen, but “the noises will not be blared in areas where people live beside the tracks.”"
學測英文,110,1,,詞彙：tease,C,K1,T7,E10,tease and play jokes on：捉弄妹妹,Tom is really a naughty boy. He likes to _____ and play jokes on his younger sister when their parents are not around. (A) alert (B) spare (C) tease (D) oppose,
學測英文,110,2,,詞彙：escalator,C,K1,T7,E10,escalator：手扶梯太快，長者站不穩,"Elderly shoppers in this store are advised to take the elevator rather than the _____, which may move too fast for them to keep their balance. (A) airway (B) operator (C) escalator (D) instrument",
學測英文,110,3,,詞彙：obediently,A,K1,T7,E10,obediently：聽到主人叫，就「乖乖地」跟著走,"Upon hearing its master’s call, the dog wagged its tail, and followed her out of the room _____. (A) obediently (B) apparently (C) logically (D) thoroughly",
學測英文,110,4,,詞彙：moist,A,K1,T7,E10,來自潮濕叢林，需要「濕潤」的空氣 moist,"Since many of our house plants are from humid jungle environments, they need _____ air to keep them green and healthy. (A) moist (B) stale (C) crisp (D) fertile",
學測英文,110,5,,詞彙：parachute,D,K1,T5,E10,跳傘者的降落傘沒打開 parachute,"The skydiver managed to land safely after jumping out of the aircraft, even though her _____ failed to open in midair. (A) glimpse (B) latitude (C) segment (D) parachute",
學測英文,110,6,,詞彙：revolutionary,D,K1,T7,E10,revolutionary change：蒸汽機帶來革命性的改變,"The invention of the steam engine, which was used to power heavy machines, brought about a _____ change in society. (A) persuasive (B) harmonious (C) conventional (D) revolutionary",
學測英文,110,7,,詞彙：interaction,B,K1,T7,E10,classroom interaction：分組合作是為了課堂互動,"To encourage classroom _____, the teacher divided the class into groups and asked them to solve a problem together with their partners. (A) operation (B) interaction (C) adjustment (D) explanation",
學測英文,110,8,,詞彙：tumbled,D,K1,T7,E10,tumbled onto the ground：跌倒在地,Lisa _____ onto the ground and injured her ankle while she was playing basketball yesterday. (A) buried (B) punched (C) scattered (D) tumbled,
學測英文,110,9,,詞彙：kits,A,K1,T7,E10,testing kits：檢測工具組,Hundreds of residents received free testing _____ from the city government to find out if their water contained any harmful chemicals. (A) kits (B) trials (C) zones (D) proofs,
學測英文,110,10,,詞彙：jointly,C,K1,T7,E10,awarded jointly：三位女性「共同」獲獎,The 2011 Nobel Peace Prize was awarded _____ to three women for the efforts they made in fighting for women’s rights. (A) actively (B) earnestly (C) jointly (D) naturally,
學測英文,110,11,,詞彙：flourishing,B,K1,T7,E10,flourishing：公司「蓬勃發展」、獲利豐厚,The company is _____ and making great profits under the wise leadership of the chief executive officer. (A) applauding (B) flourishing (C) circulating (D) exceeding,
學測英文,110,12,,詞彙：absurd,A,K1,T7,E10,absurd：連駕照都沒有就買昂貴的車，很荒謬,It is absolutely _____ to waste your money on an expensive car when you cannot even get a driver’s license. (A) absurd (B) cautious (C) vigorous (D) obstinate,
學測英文,110,13,,詞彙：singular,A,K1,T7,E10,one singular reason：單一的原因,The problem of illegal drug use is very complex and cannot be traced to merely one _____ reason. (A) singular (B) countable (C) favorable (D) defensive,
學測英文,110,14,,詞彙：committed,C,K1,T7,E10,committed $1 million：承諾捐出一百萬,The non-profit organization has _____ $1 million over five years to finance the construction of the medical center. (A) equipped (B) resolved (C) committed (D) associated,
學測英文,110,15,,詞彙：resumed,B,K1,T7,E10,bus service resumed：公車服務恢復,"One week after the typhoon, some bridges were finally opened and bus service _____ in the country’s most severely damaged areas. (A) departed (B) resumed (C) transported (D) corresponded",
學測英文,110,16,16,綜合測驗：without,D,K1,T6,E11,沒有看到鴿子就不一樣了：without,(A) as (B) for (C) though (D) without,"第16 至20 題為題組 Street pigeons are a common sight in many European cities. In fact, a visit to a major European city just would not be the same 16 encountering them: bathing in fountains, perching on historic buildings, and flocking in public squares. In Barcelona, however, the birds are now threatening to 17 the city’s historic center, pooping on monuments, buildings, and even tourists. The city council originally proposed 18 the pigeon population by gathering the birds and shooting them. But that idea led to strong protests from numerous animal rights groups. After heated debates and discussions, the government was finally persuaded to consider another 19 effective method: giving the pigeons birth control. In 2016, the city council decided to put its 85,000 pigeon population on a birth control pill to block the formation of eggs in birds. Starting from April 2017, the pills were placed in 40 bird feeders 20 throughout the city. It was predicted that there would be a decrease of 20 percent in the pigeon population in the first year and between 70 and 80 percent in four or five years."
學測英文,110,17,16,綜合測驗：take over,C,K1,T7,E11,threaten to take over the historic center：佔領市中心,(A) set up (B) hang on (C) take over (D) break down,"第16 至20 題為題組 Street pigeons are a common sight in many European cities. In fact, a visit to a major European city just would not be the same 16 encountering them: bathing in fountains, perching on historic buildings, and flocking in public squares. In Barcelona, however, the birds are now threatening to 17 the city’s historic center, pooping on monuments, buildings, and even tourists. The city council originally proposed 18 the pigeon population by gathering the birds and shooting them. But that idea led to strong protests from numerous animal rights groups. After heated debates and discussions, the government was finally persuaded to consider another 19 effective method: giving the pigeons birth control. In 2016, the city council decided to put its 85,000 pigeon population on a birth control pill to block the formation of eggs in birds. Starting from April 2017, the pills were placed in 40 bird feeders 20 throughout the city. It was predicted that there would be a decrease of 20 percent in the pigeon population in the first year and between 70 and 80 percent in four or five years."
學測英文,110,18,16,綜合測驗：reducing,B,K1,T6,E11,原本想「減少」鴿子數量,(A) counting (B) reducing (C) displaying (D) maintaining,"第16 至20 題為題組 Street pigeons are a common sight in many European cities. In fact, a visit to a major European city just would not be the same 16 encountering them: bathing in fountains, perching on historic buildings, and flocking in public squares. In Barcelona, however, the birds are now threatening to 17 the city’s historic center, pooping on monuments, buildings, and even tourists. The city council originally proposed 18 the pigeon population by gathering the birds and shooting them. But that idea led to strong protests from numerous animal rights groups. After heated debates and discussions, the government was finally persuaded to consider another 19 effective method: giving the pigeons birth control. In 2016, the city council decided to put its 85,000 pigeon population on a birth control pill to block the formation of eggs in birds. Starting from April 2017, the pills were placed in 40 bird feeders 20 throughout the city. It was predicted that there would be a decrease of 20 percent in the pigeon population in the first year and between 70 and 80 percent in four or five years."
學測英文,110,19,16,綜合測驗：similarly,D,K1,T6,E11,similarly effective：與射殺「一樣」有效的方法,(A) nearly (B) shortly (C) precisely (D) similarly,"第16 至20 題為題組 Street pigeons are a common sight in many European cities. In fact, a visit to a major European city just would not be the same 16 encountering them: bathing in fountains, perching on historic buildings, and flocking in public squares. In Barcelona, however, the birds are now threatening to 17 the city’s historic center, pooping on monuments, buildings, and even tourists. The city council originally proposed 18 the pigeon population by gathering the birds and shooting them. But that idea led to strong protests from numerous animal rights groups. After heated debates and discussions, the government was finally persuaded to consider another 19 effective method: giving the pigeons birth control. In 2016, the city council decided to put its 85,000 pigeon population on a birth control pill to block the formation of eggs in birds. Starting from April 2017, the pills were placed in 40 bird feeders 20 throughout the city. It was predicted that there would be a decrease of 20 percent in the pigeon population in the first year and between 70 and 80 percent in four or five years."
學測英文,110,20,16,綜合測驗：installed,B,K2,T8,E12,修飾 feeders 用過去分詞 installed（被裝設的）,(A) installing (B) installed (C) to install (D) having installed,"第16 至20 題為題組 Street pigeons are a common sight in many European cities. In fact, a visit to a major European city just would not be the same 16 encountering them: bathing in fountains, perching on historic buildings, and flocking in public squares. In Barcelona, however, the birds are now threatening to 17 the city’s historic center, pooping on monuments, buildings, and even tourists. The city council originally proposed 18 the pigeon population by gathering the birds and shooting them. But that idea led to strong protests from numerous animal rights groups. After heated debates and discussions, the government was finally persuaded to consider another 19 effective method: giving the pigeons birth control. In 2016, the city council decided to put its 85,000 pigeon population on a birth control pill to block the formation of eggs in birds. Starting from April 2017, the pills were placed in 40 bird feeders 20 throughout the city. It was predicted that there would be a decrease of 20 percent in the pigeon population in the first year and between 70 and 80 percent in four or five years."
學測英文,110,21,21,綜合測驗：not to mention,C,B5,T6,E7,被打一次都很少見，「更別說」七次：not to mention,(A) if it isn’t (B) as you can see (C) not to mention (D) with regard to,"第21 至25 題為題組 Being hit by lightning is a rare event. Over the course of an 80-year life span, the odds of being hit by lightning are 1 in 3,000, 21 the probability of being struck seven different times. Roy Sullivan, a park ranger in the United States, was struck by lightning more recorded times than any other human being. Over his 36-year career, Sullivan was struck by lightning seven times—and 22 each shock! Strikes one, two, and three were pure bad luck, he thought. But after strike four, Sullivan became 23 death and took precautions during lightning strikes. Strike five occurred in 1973 when Sullivan was on patrol. A storm cloud “chased” him until he was struck. The same thing happened again in 1976. Sullivan, while surveying a campground, felt that a cloud was 24 him, and tried all he could to run— but it got him anyway. Finally, on 25 June 1977, a seventh and final bolt struck Sullivan as he was fishing in a pond. “I don’t believe God is after me,” he theorized. “If he was, the first bolt 25 enough. Best I can figure is that I have some chemical, some mineral, in my body that draws lightning. I just wish I knew.”"
學測英文,110,22,21,綜合測驗：survived,C,K1,T6,E11,下文說他「每次」都活下來：survived,(A) piloted (B) rejected (C) survived (D) tracked,"第21 至25 題為題組 Being hit by lightning is a rare event. Over the course of an 80-year life span, the odds of being hit by lightning are 1 in 3,000, 21 the probability of being struck seven different times. Roy Sullivan, a park ranger in the United States, was struck by lightning more recorded times than any other human being. Over his 36-year career, Sullivan was struck by lightning seven times—and 22 each shock! Strikes one, two, and three were pure bad luck, he thought. But after strike four, Sullivan became 23 death and took precautions during lightning strikes. Strike five occurred in 1973 when Sullivan was on patrol. A storm cloud “chased” him until he was struck. The same thing happened again in 1976. Sullivan, while surveying a campground, felt that a cloud was 24 him, and tried all he could to run— but it got him anyway. Finally, on 25 June 1977, a seventh and final bolt struck Sullivan as he was fishing in a pond. “I don’t believe God is after me,” he theorized. “If he was, the first bolt 25 enough. Best I can figure is that I have some chemical, some mineral, in my body that draws lightning. I just wish I knew.”"
學測英文,110,23,21,綜合測驗：fearful of,A,K1,T7,E11,be fearful of death：開始怕死，所以採取預防措施,(A) fearful of (B) critical of (C) doubtful about (D) positive about,"第21 至25 題為題組 Being hit by lightning is a rare event. Over the course of an 80-year life span, the odds of being hit by lightning are 1 in 3,000, 21 the probability of being struck seven different times. Roy Sullivan, a park ranger in the United States, was struck by lightning more recorded times than any other human being. Over his 36-year career, Sullivan was struck by lightning seven times—and 22 each shock! Strikes one, two, and three were pure bad luck, he thought. But after strike four, Sullivan became 23 death and took precautions during lightning strikes. Strike five occurred in 1973 when Sullivan was on patrol. A storm cloud “chased” him until he was struck. The same thing happened again in 1976. Sullivan, while surveying a campground, felt that a cloud was 24 him, and tried all he could to run— but it got him anyway. Finally, on 25 June 1977, a seventh and final bolt struck Sullivan as he was fishing in a pond. “I don’t believe God is after me,” he theorized. “If he was, the first bolt 25 enough. Best I can figure is that I have some chemical, some mineral, in my body that draws lightning. I just wish I knew.”"
學測英文,110,24,21,綜合測驗：coming after,A,K1,T7,E11,雲在「追」他：coming after,(A) coming after (B) getting over (C) holding on to (D) watching out for,"第21 至25 題為題組 Being hit by lightning is a rare event. Over the course of an 80-year life span, the odds of being hit by lightning are 1 in 3,000, 21 the probability of being struck seven different times. Roy Sullivan, a park ranger in the United States, was struck by lightning more recorded times than any other human being. Over his 36-year career, Sullivan was struck by lightning seven times—and 22 each shock! Strikes one, two, and three were pure bad luck, he thought. But after strike four, Sullivan became 23 death and took precautions during lightning strikes. Strike five occurred in 1973 when Sullivan was on patrol. A storm cloud “chased” him until he was struck. The same thing happened again in 1976. Sullivan, while surveying a campground, felt that a cloud was 24 him, and tried all he could to run— but it got him anyway. Finally, on 25 June 1977, a seventh and final bolt struck Sullivan as he was fishing in a pond. “I don’t believe God is after me,” he theorized. “If he was, the first bolt 25 enough. Best I can figure is that I have some chemical, some mineral, in my body that draws lightning. I just wish I knew.”"
學測英文,110,25,21,綜合測驗：would have been,D,K2,T8,E12,與過去事實相反的假設：would have been,(A) was (B) had been (C) would be (D) would have been,"第21 至25 題為題組 Being hit by lightning is a rare event. Over the course of an 80-year life span, the odds of being hit by lightning are 1 in 3,000, 21 the probability of being struck seven different times. Roy Sullivan, a park ranger in the United States, was struck by lightning more recorded times than any other human being. Over his 36-year career, Sullivan was struck by lightning seven times—and 22 each shock! Strikes one, two, and three were pure bad luck, he thought. But after strike four, Sullivan became 23 death and took precautions during lightning strikes. Strike five occurred in 1973 when Sullivan was on patrol. A storm cloud “chased” him until he was struck. The same thing happened again in 1976. Sullivan, while surveying a campground, felt that a cloud was 24 him, and tried all he could to run— but it got him anyway. Finally, on 25 June 1977, a seventh and final bolt struck Sullivan as he was fishing in a pond. “I don’t believe God is after me,” he theorized. “If he was, the first bolt 25 enough. Best I can figure is that I have some chemical, some mineral, in my body that draws lightning. I just wish I knew.”"
學測英文,110,26,26,綜合測驗：home to,A,K1,T1,E11,be home to glaciers：有冰河的地方,(A) home to (B) covers of (C) roofs over (D) room for,"第26 至30 題為題組 Glaciers are usually associated with colder climates. But some mountain ranges of South America, Africa, and Indonesia are also 26 glaciers and ice sheets. These tropical glaciers serve as a major source of water supply to one-sixth of the world’s population. A newly published study, however, revealed that rising temperatures are posing an 27 threat to the last tropical glaciers in Indonesia’s Papua region. The ice sheets, which once spanned 20 square kilometers, are thinning over five times as quickly compared to a few years ago. 28 already shrunk by 85% to a mere 0.5 square kilometers, Papua’s glaciers will completely disappear within a decade, researchers have predicted. The disappearance of the glaciers will also leave a significant 29 impact. For many indigenous Papuans, the ice sheets represent a sacred symbol. “The mountains and valleys are the arms and legs of their god and the glaciers are the head,” explained the head researcher. The study warned that Papua’s glaciers are only the “first to go” if greenhouse gases are 30 and temperatures continue rising. And this is certainly a serious warning about the depressing fate of other glaciers around the world."
學測英文,110,27,26,綜合測驗：immediate,C,K1,T7,E11,immediate threat：迫在眉睫的威脅,(A) occasional (B) elaborate (C) immediate (D) offensive,"第26 至30 題為題組 Glaciers are usually associated with colder climates. But some mountain ranges of South America, Africa, and Indonesia are also 26 glaciers and ice sheets. These tropical glaciers serve as a major source of water supply to one-sixth of the world’s population. A newly published study, however, revealed that rising temperatures are posing an 27 threat to the last tropical glaciers in Indonesia’s Papua region. The ice sheets, which once spanned 20 square kilometers, are thinning over five times as quickly compared to a few years ago. 28 already shrunk by 85% to a mere 0.5 square kilometers, Papua’s glaciers will completely disappear within a decade, researchers have predicted. The disappearance of the glaciers will also leave a significant 29 impact. For many indigenous Papuans, the ice sheets represent a sacred symbol. “The mountains and valleys are the arms and legs of their god and the glaciers are the head,” explained the head researcher. The study warned that Papua’s glaciers are only the “first to go” if greenhouse gases are 30 and temperatures continue rising. And this is certainly a serious warning about the depressing fate of other glaciers around the world."
學測英文,110,28,26,綜合測驗：Having,C,K2,T8,E12,分詞構句表主動完成：Having already shrunk,(A) Have (B) Had (C) Having (D) Having been,"第26 至30 題為題組 Glaciers are usually associated with colder climates. But some mountain ranges of South America, Africa, and Indonesia are also 26 glaciers and ice sheets. These tropical glaciers serve as a major source of water supply to one-sixth of the world’s population. A newly published study, however, revealed that rising temperatures are posing an 27 threat to the last tropical glaciers in Indonesia’s Papua region. The ice sheets, which once spanned 20 square kilometers, are thinning over five times as quickly compared to a few years ago. 28 already shrunk by 85% to a mere 0.5 square kilometers, Papua’s glaciers will completely disappear within a decade, researchers have predicted. The disappearance of the glaciers will also leave a significant 29 impact. For many indigenous Papuans, the ice sheets represent a sacred symbol. “The mountains and valleys are the arms and legs of their god and the glaciers are the head,” explained the head researcher. The study warned that Papua’s glaciers are only the “first to go” if greenhouse gases are 30 and temperatures continue rising. And this is certainly a serious warning about the depressing fate of other glaciers around the world."
學測英文,110,29,26,綜合測驗：cultural,A,K1,T6,E11,下文說冰河是神聖的象徵：文化上的影響,(A) cultural (B) moral (C) political (D) environmental,"第26 至30 題為題組 Glaciers are usually associated with colder climates. But some mountain ranges of South America, Africa, and Indonesia are also 26 glaciers and ice sheets. These tropical glaciers serve as a major source of water supply to one-sixth of the world’s population. A newly published study, however, revealed that rising temperatures are posing an 27 threat to the last tropical glaciers in Indonesia’s Papua region. The ice sheets, which once spanned 20 square kilometers, are thinning over five times as quickly compared to a few years ago. 28 already shrunk by 85% to a mere 0.5 square kilometers, Papua’s glaciers will completely disappear within a decade, researchers have predicted. The disappearance of the glaciers will also leave a significant 29 impact. For many indigenous Papuans, the ice sheets represent a sacred symbol. “The mountains and valleys are the arms and legs of their god and the glaciers are the head,” explained the head researcher. The study warned that Papua’s glaciers are only the “first to go” if greenhouse gases are 30 and temperatures continue rising. And this is certainly a serious warning about the depressing fate of other glaciers around the world."
學測英文,110,30,26,綜合測驗：left unchecked,D,K1,T7,E11,left unchecked：溫室氣體若不加以控制,(A) kept balanced (B) made released (C) seen dismissed (D) left unchecked,"第26 至30 題為題組 Glaciers are usually associated with colder climates. But some mountain ranges of South America, Africa, and Indonesia are also 26 glaciers and ice sheets. These tropical glaciers serve as a major source of water supply to one-sixth of the world’s population. A newly published study, however, revealed that rising temperatures are posing an 27 threat to the last tropical glaciers in Indonesia’s Papua region. The ice sheets, which once spanned 20 square kilometers, are thinning over five times as quickly compared to a few years ago. 28 already shrunk by 85% to a mere 0.5 square kilometers, Papua’s glaciers will completely disappear within a decade, researchers have predicted. The disappearance of the glaciers will also leave a significant 29 impact. For many indigenous Papuans, the ice sheets represent a sacred symbol. “The mountains and valleys are the arms and legs of their god and the glaciers are the head,” explained the head researcher. The study warned that Papua’s glaciers are only the “first to go” if greenhouse gases are 30 and temperatures continue rising. And this is certainly a serious warning about the depressing fate of other glaciers around the world."
學測英文,110,31,31,文意選填：modest,J,K1,T7,E9,modest amounts：少量運動，每天 15 分鐘,,"第31 至40 題為題組 If you cannot find ways to fit exercise into your busy daily schedule, don’t worry! Exercise doesn’t always have to be laborious. Research shows that 31 amounts of exercise—even just 15 minutes a day—helps ease depression, enhance self-image, relieve stress, and much more. That’s right. Doing exercise makes you happy, and you don’t have to be a fitness 32 to do it. What you need to do is to make “start slow and have fun” a motto to 33 . Then you’ll be well on your way to using physical activity as a tool to make you feel better every day. The “no pain, no gain” view of exercise is now considered old-fashioned. In fact, 34 health studies prove that exercise doesn’t have to hurt to be effective. You might 35 that if working out doesn’t give you pain, it isn’t working. According to fitness trainers, physically 36 exercises may make you breathe heavily and your muscles may ache temporarily, but exercise should not be painful. In fact, if it is, it may 37 an injury or muscle strain. Many great forms of exercise—like walking, swimming, or gentle stretching—get results without the 38 or discomfort some people associate with exercise. For the sake of your health, it is time to make regular exercise a part of your life. Keep in mind that even short periods of low-impact exercise serve as a powerful 39 to improve your health. So, no matter how busy you are, try to 40 for exercise every day, like a 15-minute walk with your dog. Your body will thank you in many ways. (A) means (B) soreness (C) point to (D) argue (E) demanding (F) abide by (G) fanatic (H) current (I) make time (J) modest"
學測英文,110,32,31,文意選填：fanatic,G,K1,T7,E9,a fitness fanatic：健身狂熱者,,"第31 至40 題為題組 If you cannot find ways to fit exercise into your busy daily schedule, don’t worry! Exercise doesn’t always have to be laborious. Research shows that 31 amounts of exercise—even just 15 minutes a day—helps ease depression, enhance self-image, relieve stress, and much more. That’s right. Doing exercise makes you happy, and you don’t have to be a fitness 32 to do it. What you need to do is to make “start slow and have fun” a motto to 33 . Then you’ll be well on your way to using physical activity as a tool to make you feel better every day. The “no pain, no gain” view of exercise is now considered old-fashioned. In fact, 34 health studies prove that exercise doesn’t have to hurt to be effective. You might 35 that if working out doesn’t give you pain, it isn’t working. According to fitness trainers, physically 36 exercises may make you breathe heavily and your muscles may ache temporarily, but exercise should not be painful. In fact, if it is, it may 37 an injury or muscle strain. Many great forms of exercise—like walking, swimming, or gentle stretching—get results without the 38 or discomfort some people associate with exercise. For the sake of your health, it is time to make regular exercise a part of your life. Keep in mind that even short periods of low-impact exercise serve as a powerful 39 to improve your health. So, no matter how busy you are, try to 40 for exercise every day, like a 15-minute walk with your dog. Your body will thank you in many ways. (A) means (B) soreness (C) point to (D) argue (E) demanding (F) abide by (G) fanatic (H) current (I) make time (J) modest"
學測英文,110,33,31,文意選填：abide by,F,K1,T7,E9,a motto to abide by：遵守的座右銘,,"第31 至40 題為題組 If you cannot find ways to fit exercise into your busy daily schedule, don’t worry! Exercise doesn’t always have to be laborious. Research shows that 31 amounts of exercise—even just 15 minutes a day—helps ease depression, enhance self-image, relieve stress, and much more. That’s right. Doing exercise makes you happy, and you don’t have to be a fitness 32 to do it. What you need to do is to make “start slow and have fun” a motto to 33 . Then you’ll be well on your way to using physical activity as a tool to make you feel better every day. The “no pain, no gain” view of exercise is now considered old-fashioned. In fact, 34 health studies prove that exercise doesn’t have to hurt to be effective. You might 35 that if working out doesn’t give you pain, it isn’t working. According to fitness trainers, physically 36 exercises may make you breathe heavily and your muscles may ache temporarily, but exercise should not be painful. In fact, if it is, it may 37 an injury or muscle strain. Many great forms of exercise—like walking, swimming, or gentle stretching—get results without the 38 or discomfort some people associate with exercise. For the sake of your health, it is time to make regular exercise a part of your life. Keep in mind that even short periods of low-impact exercise serve as a powerful 39 to improve your health. So, no matter how busy you are, try to 40 for exercise every day, like a 15-minute walk with your dog. Your body will thank you in many ways. (A) means (B) soreness (C) point to (D) argue (E) demanding (F) abide by (G) fanatic (H) current (I) make time (J) modest"
學測英文,110,34,31,文意選填：current,H,K1,T7,E9,current health studies：目前的健康研究,,"第31 至40 題為題組 If you cannot find ways to fit exercise into your busy daily schedule, don’t worry! Exercise doesn’t always have to be laborious. Research shows that 31 amounts of exercise—even just 15 minutes a day—helps ease depression, enhance self-image, relieve stress, and much more. That’s right. Doing exercise makes you happy, and you don’t have to be a fitness 32 to do it. What you need to do is to make “start slow and have fun” a motto to 33 . Then you’ll be well on your way to using physical activity as a tool to make you feel better every day. The “no pain, no gain” view of exercise is now considered old-fashioned. In fact, 34 health studies prove that exercise doesn’t have to hurt to be effective. You might 35 that if working out doesn’t give you pain, it isn’t working. According to fitness trainers, physically 36 exercises may make you breathe heavily and your muscles may ache temporarily, but exercise should not be painful. In fact, if it is, it may 37 an injury or muscle strain. Many great forms of exercise—like walking, swimming, or gentle stretching—get results without the 38 or discomfort some people associate with exercise. For the sake of your health, it is time to make regular exercise a part of your life. Keep in mind that even short periods of low-impact exercise serve as a powerful 39 to improve your health. So, no matter how busy you are, try to 40 for exercise every day, like a 15-minute walk with your dog. Your body will thank you in many ways. (A) means (B) soreness (C) point to (D) argue (E) demanding (F) abide by (G) fanatic (H) current (I) make time (J) modest"
學測英文,110,35,31,文意選填：argue,D,K2,T8,E12,might 後接原形動詞 argue（反駁）,,"第31 至40 題為題組 If you cannot find ways to fit exercise into your busy daily schedule, don’t worry! Exercise doesn’t always have to be laborious. Research shows that 31 amounts of exercise—even just 15 minutes a day—helps ease depression, enhance self-image, relieve stress, and much more. That’s right. Doing exercise makes you happy, and you don’t have to be a fitness 32 to do it. What you need to do is to make “start slow and have fun” a motto to 33 . Then you’ll be well on your way to using physical activity as a tool to make you feel better every day. The “no pain, no gain” view of exercise is now considered old-fashioned. In fact, 34 health studies prove that exercise doesn’t have to hurt to be effective. You might 35 that if working out doesn’t give you pain, it isn’t working. According to fitness trainers, physically 36 exercises may make you breathe heavily and your muscles may ache temporarily, but exercise should not be painful. In fact, if it is, it may 37 an injury or muscle strain. Many great forms of exercise—like walking, swimming, or gentle stretching—get results without the 38 or discomfort some people associate with exercise. For the sake of your health, it is time to make regular exercise a part of your life. Keep in mind that even short periods of low-impact exercise serve as a powerful 39 to improve your health. So, no matter how busy you are, try to 40 for exercise every day, like a 15-minute walk with your dog. Your body will thank you in many ways. (A) means (B) soreness (C) point to (D) argue (E) demanding (F) abide by (G) fanatic (H) current (I) make time (J) modest"
學測英文,110,36,31,文意選填：demanding,E,K1,T7,E9,physically demanding exercises：體力負荷大的運動,,"第31 至40 題為題組 If you cannot find ways to fit exercise into your busy daily schedule, don’t worry! Exercise doesn’t always have to be laborious. Research shows that 31 amounts of exercise—even just 15 minutes a day—helps ease depression, enhance self-image, relieve stress, and much more. That’s right. Doing exercise makes you happy, and you don’t have to be a fitness 32 to do it. What you need to do is to make “start slow and have fun” a motto to 33 . Then you’ll be well on your way to using physical activity as a tool to make you feel better every day. The “no pain, no gain” view of exercise is now considered old-fashioned. In fact, 34 health studies prove that exercise doesn’t have to hurt to be effective. You might 35 that if working out doesn’t give you pain, it isn’t working. According to fitness trainers, physically 36 exercises may make you breathe heavily and your muscles may ache temporarily, but exercise should not be painful. In fact, if it is, it may 37 an injury or muscle strain. Many great forms of exercise—like walking, swimming, or gentle stretching—get results without the 38 or discomfort some people associate with exercise. For the sake of your health, it is time to make regular exercise a part of your life. Keep in mind that even short periods of low-impact exercise serve as a powerful 39 to improve your health. So, no matter how busy you are, try to 40 for exercise every day, like a 15-minute walk with your dog. Your body will thank you in many ways. (A) means (B) soreness (C) point to (D) argue (E) demanding (F) abide by (G) fanatic (H) current (I) make time (J) modest"
學測英文,110,37,31,文意選填：point to,C,K1,T7,E9,point to an injury：顯示可能受傷,,"第31 至40 題為題組 If you cannot find ways to fit exercise into your busy daily schedule, don’t worry! Exercise doesn’t always have to be laborious. Research shows that 31 amounts of exercise—even just 15 minutes a day—helps ease depression, enhance self-image, relieve stress, and much more. That’s right. Doing exercise makes you happy, and you don’t have to be a fitness 32 to do it. What you need to do is to make “start slow and have fun” a motto to 33 . Then you’ll be well on your way to using physical activity as a tool to make you feel better every day. The “no pain, no gain” view of exercise is now considered old-fashioned. In fact, 34 health studies prove that exercise doesn’t have to hurt to be effective. You might 35 that if working out doesn’t give you pain, it isn’t working. According to fitness trainers, physically 36 exercises may make you breathe heavily and your muscles may ache temporarily, but exercise should not be painful. In fact, if it is, it may 37 an injury or muscle strain. Many great forms of exercise—like walking, swimming, or gentle stretching—get results without the 38 or discomfort some people associate with exercise. For the sake of your health, it is time to make regular exercise a part of your life. Keep in mind that even short periods of low-impact exercise serve as a powerful 39 to improve your health. So, no matter how busy you are, try to 40 for exercise every day, like a 15-minute walk with your dog. Your body will thank you in many ways. (A) means (B) soreness (C) point to (D) argue (E) demanding (F) abide by (G) fanatic (H) current (I) make time (J) modest"
學測英文,110,38,31,文意選填：soreness,B,K1,T7,E9,soreness：痠痛與不適,,"第31 至40 題為題組 If you cannot find ways to fit exercise into your busy daily schedule, don’t worry! Exercise doesn’t always have to be laborious. Research shows that 31 amounts of exercise—even just 15 minutes a day—helps ease depression, enhance self-image, relieve stress, and much more. That’s right. Doing exercise makes you happy, and you don’t have to be a fitness 32 to do it. What you need to do is to make “start slow and have fun” a motto to 33 . Then you’ll be well on your way to using physical activity as a tool to make you feel better every day. The “no pain, no gain” view of exercise is now considered old-fashioned. In fact, 34 health studies prove that exercise doesn’t have to hurt to be effective. You might 35 that if working out doesn’t give you pain, it isn’t working. According to fitness trainers, physically 36 exercises may make you breathe heavily and your muscles may ache temporarily, but exercise should not be painful. In fact, if it is, it may 37 an injury or muscle strain. Many great forms of exercise—like walking, swimming, or gentle stretching—get results without the 38 or discomfort some people associate with exercise. For the sake of your health, it is time to make regular exercise a part of your life. Keep in mind that even short periods of low-impact exercise serve as a powerful 39 to improve your health. So, no matter how busy you are, try to 40 for exercise every day, like a 15-minute walk with your dog. Your body will thank you in many ways. (A) means (B) soreness (C) point to (D) argue (E) demanding (F) abide by (G) fanatic (H) current (I) make time (J) modest"
學測英文,110,39,31,文意選填：means,A,K1,T7,E9,a powerful means：有效的方法,,"第31 至40 題為題組 If you cannot find ways to fit exercise into your busy daily schedule, don’t worry! Exercise doesn’t always have to be laborious. Research shows that 31 amounts of exercise—even just 15 minutes a day—helps ease depression, enhance self-image, relieve stress, and much more. That’s right. Doing exercise makes you happy, and you don’t have to be a fitness 32 to do it. What you need to do is to make “start slow and have fun” a motto to 33 . Then you’ll be well on your way to using physical activity as a tool to make you feel better every day. The “no pain, no gain” view of exercise is now considered old-fashioned. In fact, 34 health studies prove that exercise doesn’t have to hurt to be effective. You might 35 that if working out doesn’t give you pain, it isn’t working. According to fitness trainers, physically 36 exercises may make you breathe heavily and your muscles may ache temporarily, but exercise should not be painful. In fact, if it is, it may 37 an injury or muscle strain. Many great forms of exercise—like walking, swimming, or gentle stretching—get results without the 38 or discomfort some people associate with exercise. For the sake of your health, it is time to make regular exercise a part of your life. Keep in mind that even short periods of low-impact exercise serve as a powerful 39 to improve your health. So, no matter how busy you are, try to 40 for exercise every day, like a 15-minute walk with your dog. Your body will thank you in many ways. (A) means (B) soreness (C) point to (D) argue (E) demanding (F) abide by (G) fanatic (H) current (I) make time (J) modest"
學測英文,110,40,31,文意選填：make time,I,K1,T7,E9,make time for exercise：挪出時間運動,,"第31 至40 題為題組 If you cannot find ways to fit exercise into your busy daily schedule, don’t worry! Exercise doesn’t always have to be laborious. Research shows that 31 amounts of exercise—even just 15 minutes a day—helps ease depression, enhance self-image, relieve stress, and much more. That’s right. Doing exercise makes you happy, and you don’t have to be a fitness 32 to do it. What you need to do is to make “start slow and have fun” a motto to 33 . Then you’ll be well on your way to using physical activity as a tool to make you feel better every day. The “no pain, no gain” view of exercise is now considered old-fashioned. In fact, 34 health studies prove that exercise doesn’t have to hurt to be effective. You might 35 that if working out doesn’t give you pain, it isn’t working. According to fitness trainers, physically 36 exercises may make you breathe heavily and your muscles may ache temporarily, but exercise should not be painful. In fact, if it is, it may 37 an injury or muscle strain. Many great forms of exercise—like walking, swimming, or gentle stretching—get results without the 38 or discomfort some people associate with exercise. For the sake of your health, it is time to make regular exercise a part of your life. Keep in mind that even short periods of low-impact exercise serve as a powerful 39 to improve your health. So, no matter how busy you are, try to 40 for exercise every day, like a 15-minute walk with your dog. Your body will thank you in many ways. (A) means (B) soreness (C) point to (D) argue (E) demanding (F) abide by (G) fanatic (H) current (I) make time (J) modest"
學測英文,110,41,41,閱讀測驗：主旨,B,C1,T4,E6,目的：介紹一種新的能源來源,What is the purpose of this passage? (A) To argue for the benefits of nopales. (B) To introduce a new source of energy. (C) To predict the future agriculture policy of Mexico. (D) To change people’s ideas about energy consumption.,"第41 至44 題為題組 The prickly pear cactus is such a powerful symbol in Mexico that it occupies a prime spot on Mexico’s national flag. The plant was considered sacred by the ancient Aztecs, and modern-day Mexicans eat it, drink it, and even use it in medicines and shampoos. Now scientists have come up with a new use for the bright green plant: producing renewable energy. Known locally as nopal, the prickly pear is farmed on a massive scale in Mexico. Over the years, only the edible soft inner flesh has been used. The cactus’s thick outer layer (i.e., husk), with all those spines, had always been viewed as a waste product until researchers developed a biogas generator to turn the husks into electricity. The pilot project dedicated to developing the cactus biogas generator began in the south of Mexico City. The area produces 200,000 tons a year of prickly pear cactus—up to 10 tons of which ends up as waste on the floor of the cactus market each day. Then, a local green energy startup company got the idea to turn that waste into energy. The generator is now in place at the cactus market, where the vendors are enthusiastic about this new way to utilize the tons of cactus husks that once went directly into the trash. The prickly pear has a number of advantages over other biofuel crops, such as wheat, sugarcane, and soybeans. For one thing, only the husk of the cactus is used for generating biofuel, while its inner flesh is still preserved for food. Therefore, using the plant as a fuel source will not put pressure on food prices. Moreover, the cactus requires minimum water, and thus is not grown on traditional agricultural pasture. This means that no increased competition arises for the water or land presently used for food production. The project in Mexico City has brought new hope to reducing the use of fossil fuels. If it can be expanded, the prickly pear could be the key to Mexico’s energy future."
學測英文,110,42,41,閱讀測驗：細節,D,A1,T1,E1,「NOT mentioned」：文中說吃、喝、藥、洗髮，沒說園藝,Which of the following is NOT mentioned as a function of the prickly pear? (A) For treating illnesses. (B) For personal hygiene. (C) For food and beverage. (D) For gardening and landscaping.,"第41 至44 題為題組 The prickly pear cactus is such a powerful symbol in Mexico that it occupies a prime spot on Mexico’s national flag. The plant was considered sacred by the ancient Aztecs, and modern-day Mexicans eat it, drink it, and even use it in medicines and shampoos. Now scientists have come up with a new use for the bright green plant: producing renewable energy. Known locally as nopal, the prickly pear is farmed on a massive scale in Mexico. Over the years, only the edible soft inner flesh has been used. The cactus’s thick outer layer (i.e., husk), with all those spines, had always been viewed as a waste product until researchers developed a biogas generator to turn the husks into electricity. The pilot project dedicated to developing the cactus biogas generator began in the south of Mexico City. The area produces 200,000 tons a year of prickly pear cactus—up to 10 tons of which ends up as waste on the floor of the cactus market each day. Then, a local green energy startup company got the idea to turn that waste into energy. The generator is now in place at the cactus market, where the vendors are enthusiastic about this new way to utilize the tons of cactus husks that once went directly into the trash. The prickly pear has a number of advantages over other biofuel crops, such as wheat, sugarcane, and soybeans. For one thing, only the husk of the cactus is used for generating biofuel, while its inner flesh is still preserved for food. Therefore, using the plant as a fuel source will not put pressure on food prices. Moreover, the cactus requires minimum water, and thus is not grown on traditional agricultural pasture. This means that no increased competition arises for the water or land presently used for food production. The project in Mexico City has brought new hope to reducing the use of fossil fuels. If it can be expanded, the prickly pear could be the key to Mexico’s energy future."
學測英文,110,43,41,閱讀測驗：細節,D,A1,T3,E1,仙人掌出現在國旗上的重要位置,"Which of the following statements about the prickly pear cactus is true? (A) Its soft inner part is often discarded. (B) It was not discovered until the modern era. (C) It turns into 200,000 tons of waste in Mexico each year. (D) It appears in a prominent place on Mexico’s national flag.","第41 至44 題為題組 The prickly pear cactus is such a powerful symbol in Mexico that it occupies a prime spot on Mexico’s national flag. The plant was considered sacred by the ancient Aztecs, and modern-day Mexicans eat it, drink it, and even use it in medicines and shampoos. Now scientists have come up with a new use for the bright green plant: producing renewable energy. Known locally as nopal, the prickly pear is farmed on a massive scale in Mexico. Over the years, only the edible soft inner flesh has been used. The cactus’s thick outer layer (i.e., husk), with all those spines, had always been viewed as a waste product until researchers developed a biogas generator to turn the husks into electricity. The pilot project dedicated to developing the cactus biogas generator began in the south of Mexico City. The area produces 200,000 tons a year of prickly pear cactus—up to 10 tons of which ends up as waste on the floor of the cactus market each day. Then, a local green energy startup company got the idea to turn that waste into energy. The generator is now in place at the cactus market, where the vendors are enthusiastic about this new way to utilize the tons of cactus husks that once went directly into the trash. The prickly pear has a number of advantages over other biofuel crops, such as wheat, sugarcane, and soybeans. For one thing, only the husk of the cactus is used for generating biofuel, while its inner flesh is still preserved for food. Therefore, using the plant as a fuel source will not put pressure on food prices. Moreover, the cactus requires minimum water, and thus is not grown on traditional agricultural pasture. This means that no increased competition arises for the water or land presently used for food production. The project in Mexico City has brought new hope to reducing the use of fossil fuels. If it can be expanded, the prickly pear could be the key to Mexico’s energy future."
學測英文,110,44,41,閱讀測驗：細節,B,A1,T6,E1,優點：只用外皮，不影響糧食價格,What advantage does the prickly pear cactus have over other biofuel crops? (A) It generates more energy. (B) It will not influence food prices. (C) It may replace feed for livestock. (D) It can increase global food production.,"第41 至44 題為題組 The prickly pear cactus is such a powerful symbol in Mexico that it occupies a prime spot on Mexico’s national flag. The plant was considered sacred by the ancient Aztecs, and modern-day Mexicans eat it, drink it, and even use it in medicines and shampoos. Now scientists have come up with a new use for the bright green plant: producing renewable energy. Known locally as nopal, the prickly pear is farmed on a massive scale in Mexico. Over the years, only the edible soft inner flesh has been used. The cactus’s thick outer layer (i.e., husk), with all those spines, had always been viewed as a waste product until researchers developed a biogas generator to turn the husks into electricity. The pilot project dedicated to developing the cactus biogas generator began in the south of Mexico City. The area produces 200,000 tons a year of prickly pear cactus—up to 10 tons of which ends up as waste on the floor of the cactus market each day. Then, a local green energy startup company got the idea to turn that waste into energy. The generator is now in place at the cactus market, where the vendors are enthusiastic about this new way to utilize the tons of cactus husks that once went directly into the trash. The prickly pear has a number of advantages over other biofuel crops, such as wheat, sugarcane, and soybeans. For one thing, only the husk of the cactus is used for generating biofuel, while its inner flesh is still preserved for food. Therefore, using the plant as a fuel source will not put pressure on food prices. Moreover, the cactus requires minimum water, and thus is not grown on traditional agricultural pasture. This means that no increased competition arises for the water or land presently used for food production. The project in Mexico City has brought new hope to reducing the use of fossil fuels. If it can be expanded, the prickly pear could be the key to Mexico’s energy future."
學測英文,110,45,45,閱讀測驗：組織與手法,A,C1,T3,E7,全文依時間順序介紹護照的演變,How is the information in the passage organized? (A) In order of time. (B) By cause and effect. (C) In order of importance. (D) By definition and illustration.,"第45 至48 題為題組 The concept of a travel document, which shows a person is under a ruler’s protection while in a foreign land, has probably existed since rulers and states were first invented. But the earliest mention of an object which we might recognize as a passport appeared in about 450 B.C. The Hebrew Bible states that Nehemiah, an official serving King Artaxerxes of ancient Persia, asked permission to travel to Judah. The King agreed and gave Nehemiah a letter “to the governors of the province beyond the river,” requesting safe passage for him as he travelled through their lands. Later, in the medieval Islamic Caliphate, a form of passport was the bara’a, a receipt for taxes paid. Only people who paid their taxes were permitted to travel to different regions of the Caliphate. In medieval Europe, on the other hand, travel documents were issued by local authorities, and generally contained a list of towns and cities which the document holder was permitted to enter or pass through. On the whole, documents were not required for travel to seaports, which were considered open trading points, but documents were required to travel inland from seaports. King Henry V of England is credited with having invented the first true passport, as a way of helping his subjects prove who they were in foreign lands. The earliest reference to these documents is found in a 15th-century Act of Parliament, while the term “passport” came into use about a century later. Nevertheless, passports were not generally required for international travel until the First World War. It was at this time that passports as we would recognize them today began to be used."
學測英文,110,46,45,閱讀測驗：細節,B,A1,T3,E1,最早的文件是波斯國王給大臣的,Which of the following statements is true about the earliest travel document? (A) It was issued by the king of Judah. (B) It was given to an official of Persia. (C) It appeared more than three thousand years ago. (D) It served to invite people to travel beyond the river.,"第45 至48 題為題組 The concept of a travel document, which shows a person is under a ruler’s protection while in a foreign land, has probably existed since rulers and states were first invented. But the earliest mention of an object which we might recognize as a passport appeared in about 450 B.C. The Hebrew Bible states that Nehemiah, an official serving King Artaxerxes of ancient Persia, asked permission to travel to Judah. The King agreed and gave Nehemiah a letter “to the governors of the province beyond the river,” requesting safe passage for him as he travelled through their lands. Later, in the medieval Islamic Caliphate, a form of passport was the bara’a, a receipt for taxes paid. Only people who paid their taxes were permitted to travel to different regions of the Caliphate. In medieval Europe, on the other hand, travel documents were issued by local authorities, and generally contained a list of towns and cities which the document holder was permitted to enter or pass through. On the whole, documents were not required for travel to seaports, which were considered open trading points, but documents were required to travel inland from seaports. King Henry V of England is credited with having invented the first true passport, as a way of helping his subjects prove who they were in foreign lands. The earliest reference to these documents is found in a 15th-century Act of Parliament, while the term “passport” came into use about a century later. Nevertheless, passports were not generally required for international travel until the First World War. It was at this time that passports as we would recognize them today began to be used."
學測英文,110,47,45,閱讀測驗：細節,C,A1,T3,E1,passport 一詞在亨利五世之後約一個世紀，也就是 16 世紀才使用,When did the term “passport” start being used? (A) In about 450 B.C. (B) During World War I. (C) In the 16th century. (D) During King Henry V’s reign.,"第45 至48 題為題組 The concept of a travel document, which shows a person is under a ruler’s protection while in a foreign land, has probably existed since rulers and states were first invented. But the earliest mention of an object which we might recognize as a passport appeared in about 450 B.C. The Hebrew Bible states that Nehemiah, an official serving King Artaxerxes of ancient Persia, asked permission to travel to Judah. The King agreed and gave Nehemiah a letter “to the governors of the province beyond the river,” requesting safe passage for him as he travelled through their lands. Later, in the medieval Islamic Caliphate, a form of passport was the bara’a, a receipt for taxes paid. Only people who paid their taxes were permitted to travel to different regions of the Caliphate. In medieval Europe, on the other hand, travel documents were issued by local authorities, and generally contained a list of towns and cities which the document holder was permitted to enter or pass through. On the whole, documents were not required for travel to seaports, which were considered open trading points, but documents were required to travel inland from seaports. King Henry V of England is credited with having invented the first true passport, as a way of helping his subjects prove who they were in foreign lands. The earliest reference to these documents is found in a 15th-century Act of Parliament, while the term “passport” came into use about a century later. Nevertheless, passports were not generally required for international travel until the First World War. It was at this time that passports as we would recognize them today began to be used."
學測英文,110,48,45,閱讀測驗：細節,D,A1,T1,E1,「NOT mentioned」：文件列的是可進入的城鎮，不是港口,Which of the following is NOT mentioned in the passage as a form of passport? (A) A letter. (B) A receipt. (C) A proof of identity. (D) A list of seaports.,"第45 至48 題為題組 The concept of a travel document, which shows a person is under a ruler’s protection while in a foreign land, has probably existed since rulers and states were first invented. But the earliest mention of an object which we might recognize as a passport appeared in about 450 B.C. The Hebrew Bible states that Nehemiah, an official serving King Artaxerxes of ancient Persia, asked permission to travel to Judah. The King agreed and gave Nehemiah a letter “to the governors of the province beyond the river,” requesting safe passage for him as he travelled through their lands. Later, in the medieval Islamic Caliphate, a form of passport was the bara’a, a receipt for taxes paid. Only people who paid their taxes were permitted to travel to different regions of the Caliphate. In medieval Europe, on the other hand, travel documents were issued by local authorities, and generally contained a list of towns and cities which the document holder was permitted to enter or pass through. On the whole, documents were not required for travel to seaports, which were considered open trading points, but documents were required to travel inland from seaports. King Henry V of England is credited with having invented the first true passport, as a way of helping his subjects prove who they were in foreign lands. The earliest reference to these documents is found in a 15th-century Act of Parliament, while the term “passport” came into use about a century later. Nevertheless, passports were not generally required for international travel until the First World War. It was at this time that passports as we would recognize them today began to be used."
學測英文,110,49,49,閱讀測驗：圖表判讀,D,B4,T3,E8,圖文對照：依鐵棒、大小排列、踏板逐項比對,Which of the following is the closest illustration of Benjamin Franklin’s invention? (A) (B) (C) (D),"第49 至52 題為題組 Benjamin Franklin, one of the Founding Fathers of the United States, was not only a great politician but also a highly accomplished scientist and inventor. Of his many achievements, probably the least well- known are his accomplishments in music. He invented an instrument for which both Mozart and Beethoven composed music—the glass armonica. In 1761, while living in England, Franklin heard a performer playing musical glasses. Franklin was charmed by the music, but felt that there was a better way to create the same sound. He had a glassmaker create thirty-seven hemispheres made of glass, with each being a different size and thickness to produce different pitches. The glass hemispheres were color coded with paint to identify the notes. Franklin ran an iron rod through a hole in the top of each hemisphere so that they could nest together from largest to smallest. He linked all of this to a device shaped like a spinning wheel, with a foot control that turned the rod, making the glass hemispheres rotate. Franklin moistened his fingers and held them against the rims of the glass hemispheres as they turned, producing a unique sound. He mastered the instrument and took it to parties and gatherings to play for his friends and acquaintances. The instrument became so popular that thousands were built and sold. But musical fashions changed. Music was moving out of the relatively small halls of Mozart’s day into the large concert halls of the 19th century, and without amplification, the glass armonica simply couldn’t be heard. Concert reviews from the period mourned the fact that the armonica sounded wonderful—only when it could be heard. So, alas, Franklin’s marvelous invention was ultimately abandoned. The popularity of the instrument faded early in the 19th century, but it is still played occasionally today."
學測英文,110,50,49,閱讀測驗：細節,D,A1,T5,E1,演奏時手指要沾濕,Which of the following statements is true about how the glass armonica works? (A) Water has to be poured into the glass hemispheres. (B) Colored paint makes it sound better and last longer. (C) An iron rod is used to strike the thicker glass hemispheres. (D) The performer’s fingers have to be slightly wet when playing it.,"第49 至52 題為題組 Benjamin Franklin, one of the Founding Fathers of the United States, was not only a great politician but also a highly accomplished scientist and inventor. Of his many achievements, probably the least well- known are his accomplishments in music. He invented an instrument for which both Mozart and Beethoven composed music—the glass armonica. In 1761, while living in England, Franklin heard a performer playing musical glasses. Franklin was charmed by the music, but felt that there was a better way to create the same sound. He had a glassmaker create thirty-seven hemispheres made of glass, with each being a different size and thickness to produce different pitches. The glass hemispheres were color coded with paint to identify the notes. Franklin ran an iron rod through a hole in the top of each hemisphere so that they could nest together from largest to smallest. He linked all of this to a device shaped like a spinning wheel, with a foot control that turned the rod, making the glass hemispheres rotate. Franklin moistened his fingers and held them against the rims of the glass hemispheres as they turned, producing a unique sound. He mastered the instrument and took it to parties and gatherings to play for his friends and acquaintances. The instrument became so popular that thousands were built and sold. But musical fashions changed. Music was moving out of the relatively small halls of Mozart’s day into the large concert halls of the 19th century, and without amplification, the glass armonica simply couldn’t be heard. Concert reviews from the period mourned the fact that the armonica sounded wonderful—only when it could be heard. So, alas, Franklin’s marvelous invention was ultimately abandoned. The popularity of the instrument faded early in the 19th century, but it is still played occasionally today."
學測英文,110,51,49,閱讀測驗：細節,C,A1,T6,E1,失寵原因：音樂廳變大，聽不到聲音,"According to the passage, why did the glass armonica lose its popularity? (A) The skill of playing the glass armonica was very hard to master. (B) Famous musicians like Beethoven had problems composing for it. (C) Concert halls became too big for its music to be heard by the audience. (D) Reviewers in that time indicated that it was clumsy and not fashionable.","第49 至52 題為題組 Benjamin Franklin, one of the Founding Fathers of the United States, was not only a great politician but also a highly accomplished scientist and inventor. Of his many achievements, probably the least well- known are his accomplishments in music. He invented an instrument for which both Mozart and Beethoven composed music—the glass armonica. In 1761, while living in England, Franklin heard a performer playing musical glasses. Franklin was charmed by the music, but felt that there was a better way to create the same sound. He had a glassmaker create thirty-seven hemispheres made of glass, with each being a different size and thickness to produce different pitches. The glass hemispheres were color coded with paint to identify the notes. Franklin ran an iron rod through a hole in the top of each hemisphere so that they could nest together from largest to smallest. He linked all of this to a device shaped like a spinning wheel, with a foot control that turned the rod, making the glass hemispheres rotate. Franklin moistened his fingers and held them against the rims of the glass hemispheres as they turned, producing a unique sound. He mastered the instrument and took it to parties and gatherings to play for his friends and acquaintances. The instrument became so popular that thousands were built and sold. But musical fashions changed. Music was moving out of the relatively small halls of Mozart’s day into the large concert halls of the 19th century, and without amplification, the glass armonica simply couldn’t be heard. Concert reviews from the period mourned the fact that the armonica sounded wonderful—only when it could be heard. So, alas, Franklin’s marvelous invention was ultimately abandoned. The popularity of the instrument faded early in the 19th century, but it is still played occasionally today."
學測英文,110,52,49,閱讀測驗：指涉,B,B1,T3,E4,指涉：they 指玻璃半球,What does the highlighted “they” in the second paragraph refer to? (A) Iron rods. (B) Hemispheres. (C) Colored notes. (D) Musical pitches.,"第49 至52 題為題組 Benjamin Franklin, one of the Founding Fathers of the United States, was not only a great politician but also a highly accomplished scientist and inventor. Of his many achievements, probably the least well- known are his accomplishments in music. He invented an instrument for which both Mozart and Beethoven composed music—the glass armonica. In 1761, while living in England, Franklin heard a performer playing musical glasses. Franklin was charmed by the music, but felt that there was a better way to create the same sound. He had a glassmaker create thirty-seven hemispheres made of glass, with each being a different size and thickness to produce different pitches. The glass hemispheres were color coded with paint to identify the notes. Franklin ran an iron rod through a hole in the top of each hemisphere so that they could nest together from largest to smallest. He linked all of this to a device shaped like a spinning wheel, with a foot control that turned the rod, making the glass hemispheres rotate. Franklin moistened his fingers and held them against the rims of the glass hemispheres as they turned, producing a unique sound. He mastered the instrument and took it to parties and gatherings to play for his friends and acquaintances. The instrument became so popular that thousands were built and sold. But musical fashions changed. Music was moving out of the relatively small halls of Mozart’s day into the large concert halls of the 19th century, and without amplification, the glass armonica simply couldn’t be heard. Concert reviews from the period mourned the fact that the armonica sounded wonderful—only when it could be heard. So, alas, Franklin’s marvelous invention was ultimately abandoned. The popularity of the instrument faded early in the 19th century, but it is still played occasionally today."
學測英文,110,53,53,閱讀測驗：主旨,B,B3,T4,E2,主旨：一座特殊樂園的建立與特色,What is the passage mainly about? (A) The new addition to Morgan’s Wonderland. (B) The establishment and features of a special theme park. (C) The advanced technological devices in Morgan’s Wonderland. (D) The needs of people who suffer from physical and mental disabilities.,"第53 至56 題為題組 Morgan’s Wonderland, located in San Antonio, Texas, is a theme park geared mainly toward mentally or physically disabled children. The park was built by Gordon Hartman, a former real estate developer. The creation of the park was inspired by his daughter, Morgan, who suffers from severe cognitive delay and physical challenges. The world’s first ultra-accessible family fun park, Morgan’s Wonderland opened in the spring of 2010. Admission for guests with special needs is free, and fees for the general public are set at a much discounted price so that people of all ages and abilities can come together and play in a fun and safe environment. Completely wheelchair-accessible, the park features 25 acres of attractions including rides, playgrounds, a catch-and-release fishing lake, and picnic areas throughout the park. The rides are custom- designed to accommodate wheelchair riders so that every family member can enjoy the fun. The adapted rides include the Off-Road Adventure, where guests can test their driving skills in sporty vehicles. Moreover, each visitor is offered the option to wear a GPS Adventure Band, which allows them to keep track of each other while in the park. The band also enables them to take part in electronic activities. For example, when the riders scan the band at the Off-Road Adventure, a photo will be taken and sent to their email. In June 2017, Morgan’s Wonderland celebrated the opening of Morgan’s Inspiration Island. The new expansion is composed of five themed splash pads and a River Boat Adventure Ride. The wheelchair guests can transfer out of their chairs into unique, waterproof chairs and enjoy the splash park without risking damage to their personal wheelchairs. “Morgan taught me that there’s more to life in many ways than what I saw before,” said Hartman. “The blessing that Morgan has brought is beyond anything that I ever could have imagined and could explain.”"
學測英文,110,54,53,閱讀測驗：字義,A,A2,T1,E3,ultra-accessible 指所有人都能方便使用,What does “ultra-accessible” in the second paragraph imply? (A) It’s easy for all visitors to use the facilities. (B) Admission is free for people young and old. (C) Wheelchairs are provided for every featured attraction. (D) Morgan’s Wonderland is situated in a convenient location.,"第53 至56 題為題組 Morgan’s Wonderland, located in San Antonio, Texas, is a theme park geared mainly toward mentally or physically disabled children. The park was built by Gordon Hartman, a former real estate developer. The creation of the park was inspired by his daughter, Morgan, who suffers from severe cognitive delay and physical challenges. The world’s first ultra-accessible family fun park, Morgan’s Wonderland opened in the spring of 2010. Admission for guests with special needs is free, and fees for the general public are set at a much discounted price so that people of all ages and abilities can come together and play in a fun and safe environment. Completely wheelchair-accessible, the park features 25 acres of attractions including rides, playgrounds, a catch-and-release fishing lake, and picnic areas throughout the park. The rides are custom- designed to accommodate wheelchair riders so that every family member can enjoy the fun. The adapted rides include the Off-Road Adventure, where guests can test their driving skills in sporty vehicles. Moreover, each visitor is offered the option to wear a GPS Adventure Band, which allows them to keep track of each other while in the park. The band also enables them to take part in electronic activities. For example, when the riders scan the band at the Off-Road Adventure, a photo will be taken and sent to their email. In June 2017, Morgan’s Wonderland celebrated the opening of Morgan’s Inspiration Island. The new expansion is composed of five themed splash pads and a River Boat Adventure Ride. The wheelchair guests can transfer out of their chairs into unique, waterproof chairs and enjoy the splash park without risking damage to their personal wheelchairs. “Morgan taught me that there’s more to life in many ways than what I saw before,” said Hartman. “The blessing that Morgan has brought is beyond anything that I ever could have imagined and could explain.”"
學測英文,110,55,53,閱讀測驗：細節,C,A1,T1,E1,「NOT mentioned」：有釣魚、開車、野餐，沒有健行,Which of the following is NOT mentioned as a fun activity in the park? (A) Fishing. (B) Driving. (C) Hiking. (D) Picnicking.,"第53 至56 題為題組 Morgan’s Wonderland, located in San Antonio, Texas, is a theme park geared mainly toward mentally or physically disabled children. The park was built by Gordon Hartman, a former real estate developer. The creation of the park was inspired by his daughter, Morgan, who suffers from severe cognitive delay and physical challenges. The world’s first ultra-accessible family fun park, Morgan’s Wonderland opened in the spring of 2010. Admission for guests with special needs is free, and fees for the general public are set at a much discounted price so that people of all ages and abilities can come together and play in a fun and safe environment. Completely wheelchair-accessible, the park features 25 acres of attractions including rides, playgrounds, a catch-and-release fishing lake, and picnic areas throughout the park. The rides are custom- designed to accommodate wheelchair riders so that every family member can enjoy the fun. The adapted rides include the Off-Road Adventure, where guests can test their driving skills in sporty vehicles. Moreover, each visitor is offered the option to wear a GPS Adventure Band, which allows them to keep track of each other while in the park. The band also enables them to take part in electronic activities. For example, when the riders scan the band at the Off-Road Adventure, a photo will be taken and sent to their email. In June 2017, Morgan’s Wonderland celebrated the opening of Morgan’s Inspiration Island. The new expansion is composed of five themed splash pads and a River Boat Adventure Ride. The wheelchair guests can transfer out of their chairs into unique, waterproof chairs and enjoy the splash park without risking damage to their personal wheelchairs. “Morgan taught me that there’s more to life in many ways than what I saw before,” said Hartman. “The blessing that Morgan has brought is beyond anything that I ever could have imagined and could explain.”"
學測英文,110,56,53,閱讀測驗：細節,D,A1,T3,E1,GPS 手環能讓遊客使用電子功能,Which of the following statements is true about Morgan’s Wonderland? (A) Waterproof chairs enable visitors to roam all over the park. (B) Morgan’s Inspiration Island includes 25 acres of attractions. (C) The success of the park is exactly what Morgan intended to achieve. (D) GPS bands allow visitors to enjoy the convenience of the electronic devices.,"第53 至56 題為題組 Morgan’s Wonderland, located in San Antonio, Texas, is a theme park geared mainly toward mentally or physically disabled children. The park was built by Gordon Hartman, a former real estate developer. The creation of the park was inspired by his daughter, Morgan, who suffers from severe cognitive delay and physical challenges. The world’s first ultra-accessible family fun park, Morgan’s Wonderland opened in the spring of 2010. Admission for guests with special needs is free, and fees for the general public are set at a much discounted price so that people of all ages and abilities can come together and play in a fun and safe environment. Completely wheelchair-accessible, the park features 25 acres of attractions including rides, playgrounds, a catch-and-release fishing lake, and picnic areas throughout the park. The rides are custom- designed to accommodate wheelchair riders so that every family member can enjoy the fun. The adapted rides include the Off-Road Adventure, where guests can test their driving skills in sporty vehicles. Moreover, each visitor is offered the option to wear a GPS Adventure Band, which allows them to keep track of each other while in the park. The band also enables them to take part in electronic activities. For example, when the riders scan the band at the Off-Road Adventure, a photo will be taken and sent to their email. In June 2017, Morgan’s Wonderland celebrated the opening of Morgan’s Inspiration Island. The new expansion is composed of five themed splash pads and a River Boat Adventure Ride. The wheelchair guests can transfer out of their chairs into unique, waterproof chairs and enjoy the splash park without risking damage to their personal wheelchairs. “Morgan taught me that there’s more to life in many ways than what I saw before,” said Hartman. “The blessing that Morgan has brought is beyond anything that I ever could have imagined and could explain.”"
學測英文,111,1,,詞彙：delivered,B,K1,T7,E10,have it delivered：請店家「送」到家,"When Jeffery doesn’t feel like cooking, he often orders pizza online and has it ______ to his house. (A) advanced (B) delivered (C) offered (D) stretched",
學測英文,111,2,,詞彙：assistant,A,K1,T7,E10,assistant：沒有她的幫忙，辦公室運作不下去,Jane is the best ______ I have ever had. I cannot imagine running my office without her help. (A) assistant (B) influence (C) contribution (D) politician,
學測英文,111,3,,詞彙：puppet,C,K1,T5,E10,hand puppet shows：布袋戲,"The temple celebrated Mazu Festival by hosting ten days of lion dances, Taiwanese operas, and traditional hand ______ shows. (A) chat (B) quiz (C) puppet (D) variety",
學測英文,111,4,,詞彙：potentially,A,K1,T7,E10,potentially fatal：可能致命的副作用,The new vaccine was banned by the Food and Drug Administration due to its fatal side effects. (A) potentially (B) delicately (C) ambiguously (D) optionally,
學測英文,111,5,,詞彙：Tagging,A,K1,T7,E10,Tagging photos：替照片加上標籤,______ the photos with dates and keywords help you sort them easily in your file. (A) Tagging (B) Flocking (C) Rolling (D) Snapping,
學測英文,111,6,,詞彙：agreeable,C,K1,T7,E10,agreeable：好相處的人,"An ______ person is usually pleasant and easy to get along with, but don’t expect that he or she will always say “yes” to everything. (A) enormous (B) intimate (C) agreeable (D) ultimate",
學測英文,111,7,,詞彙：visible,B,K1,T7,E10,barely visible：幾乎看不到入口,"Hidden deep in a small alley among various tiny shops, the entrance of the Michelin star restaurant is barely ______ to passersby. (A) identical (B) visible (C) available (D) remarkable",
學測英文,111,8,,詞彙：eventual,D,K1,T7,E10,eventual cost：最後實際的花費,"The original budget for my round-island trip was NT$5,000, but the ______ cost is likely to be 50 percent higher. (A) moderate (B) absolute (C) promising (D) eventual",
學測英文,111,9,,詞彙：quest,D,K1,T7,E10,go on a quest for：去尋找恐龍化石,"After watching a TV program on natural history, Adam decided to go on a ______ for dinosaur fossils in South Dakota. (A) trial (B) route (C) strike (D) quest",
學測英文,111,10,,詞彙：blushes,B,K1,T1,E10,the valley blushes：山谷像新娘般泛紅（擬人）,"With pink cherry blossoms blooming everywhere, the valley ______ like a young bride under the bright spring sunshine. (D) transfers (A) bounces (B) blushes (C) polishes",
學測英文,111,11,11,綜合測驗：initiated,A,K1,T7,E11,The concept was initiated by…：這個概念由他首創,(A) initiated (B) represented (C) acknowledged (D) manipulated,"第11 至15 題為題組 A book town is a rural town in which second-hand and antiquarian bookshops are concentrated. The concept was 11 by Richard Booth, who opened the first second-hand bookshop in Hay-on-Wye, UK in 1961. Following him, many local people opened their own bookshops, and the small town soon became a model of sustainable rural development and tourism. Since the 1970s, book towns like Hay- on-Wye 12 up all over the world. Although all book towns have a great number of bookshops, that’s where the similarities 13 . Each of these towns shows unique features of its own. Some have many small private shops, while others have organizations steered by volunteers. Some even run regular activities to attract visitors. For example, an annual book festival is held in Hay-on-Wye. Clunes, in Australia, holds a monthly book talk that hosts authors to discuss their latest 14 . As digital reading is changing our traditional way of reading, book towns like Hay-on-Wye are particularly important to 15 . The feel of a book, the smell, the weight, and the knowledge that a particular book might be more than a hundred years old—all these highlight the importance of preserving the physical book as a complement to technology."
學測英文,111,12,11,綜合測驗：have been springing,D,K2,T8,E12,Since the 1970s 持續至今：現在完成進行式,(A) spring (B) sprang (C) had sprung (D) have been springing,"第11 至15 題為題組 A book town is a rural town in which second-hand and antiquarian bookshops are concentrated. The concept was 11 by Richard Booth, who opened the first second-hand bookshop in Hay-on-Wye, UK in 1961. Following him, many local people opened their own bookshops, and the small town soon became a model of sustainable rural development and tourism. Since the 1970s, book towns like Hay- on-Wye 12 up all over the world. Although all book towns have a great number of bookshops, that’s where the similarities 13 . Each of these towns shows unique features of its own. Some have many small private shops, while others have organizations steered by volunteers. Some even run regular activities to attract visitors. For example, an annual book festival is held in Hay-on-Wye. Clunes, in Australia, holds a monthly book talk that hosts authors to discuss their latest 14 . As digital reading is changing our traditional way of reading, book towns like Hay-on-Wye are particularly important to 15 . The feel of a book, the smell, the weight, and the knowledge that a particular book might be more than a hundred years old—all these highlight the importance of preserving the physical book as a complement to technology."
學測英文,111,13,11,綜合測驗：end,C,K1,T7,E11,that's where the similarities end：相似之處僅止於此,(A) form (B) count (C) end (D) matter,"第11 至15 題為題組 A book town is a rural town in which second-hand and antiquarian bookshops are concentrated. The concept was 11 by Richard Booth, who opened the first second-hand bookshop in Hay-on-Wye, UK in 1961. Following him, many local people opened their own bookshops, and the small town soon became a model of sustainable rural development and tourism. Since the 1970s, book towns like Hay- on-Wye 12 up all over the world. Although all book towns have a great number of bookshops, that’s where the similarities 13 . Each of these towns shows unique features of its own. Some have many small private shops, while others have organizations steered by volunteers. Some even run regular activities to attract visitors. For example, an annual book festival is held in Hay-on-Wye. Clunes, in Australia, holds a monthly book talk that hosts authors to discuss their latest 14 . As digital reading is changing our traditional way of reading, book towns like Hay-on-Wye are particularly important to 15 . The feel of a book, the smell, the weight, and the knowledge that a particular book might be more than a hundred years old—all these highlight the importance of preserving the physical book as a complement to technology."
學測英文,111,14,11,綜合測驗：releases,B,K1,T7,E11,discuss their latest releases：新出版的書,(A) trends (B) releases (C) agendas (D) announcements,"第11 至15 題為題組 A book town is a rural town in which second-hand and antiquarian bookshops are concentrated. The concept was 11 by Richard Booth, who opened the first second-hand bookshop in Hay-on-Wye, UK in 1961. Following him, many local people opened their own bookshops, and the small town soon became a model of sustainable rural development and tourism. Since the 1970s, book towns like Hay- on-Wye 12 up all over the world. Although all book towns have a great number of bookshops, that’s where the similarities 13 . Each of these towns shows unique features of its own. Some have many small private shops, while others have organizations steered by volunteers. Some even run regular activities to attract visitors. For example, an annual book festival is held in Hay-on-Wye. Clunes, in Australia, holds a monthly book talk that hosts authors to discuss their latest 14 . As digital reading is changing our traditional way of reading, book towns like Hay-on-Wye are particularly important to 15 . The feel of a book, the smell, the weight, and the knowledge that a particular book might be more than a hundred years old—all these highlight the importance of preserving the physical book as a complement to technology."
學測英文,111,15,11,綜合測驗：keep the printed word alive,D,B5,T5,E7,前文談紙本書的觸感與歷史，要「讓紙本文字延續」,(A) get their worldwide fame (B) conform to the new mode (C) make their visitors satisfied (D) keep the printed word alive,"第11 至15 題為題組 A book town is a rural town in which second-hand and antiquarian bookshops are concentrated. The concept was 11 by Richard Booth, who opened the first second-hand bookshop in Hay-on-Wye, UK in 1961. Following him, many local people opened their own bookshops, and the small town soon became a model of sustainable rural development and tourism. Since the 1970s, book towns like Hay- on-Wye 12 up all over the world. Although all book towns have a great number of bookshops, that’s where the similarities 13 . Each of these towns shows unique features of its own. Some have many small private shops, while others have organizations steered by volunteers. Some even run regular activities to attract visitors. For example, an annual book festival is held in Hay-on-Wye. Clunes, in Australia, holds a monthly book talk that hosts authors to discuss their latest 14 . As digital reading is changing our traditional way of reading, book towns like Hay-on-Wye are particularly important to 15 . The feel of a book, the smell, the weight, and the knowledge that a particular book might be more than a hundred years old—all these highlight the importance of preserving the physical book as a complement to technology."
學測英文,111,16,16,綜合測驗：other than,D,K1,T6,E11,原因「不只是」美觀：other than aesthetics,(A) contrary to (B) except for (C) more of (D) other than,"第16 至20 題為題組 Airline passengers may have noticed that all plane windows have rounded edges, instead of the hard corners commonly found in our house. The round windows are indeed pleasant to the eye, but they actually were designed for reasons 16 aesthetics. In the early days of aviation, plane windows 17 square in shape. Then as commercial air travel became popular in the 1950s and airplanes began flying higher and faster, three planes mysteriously broke apart in midair. The cause? Square windows. Scientists found that sharp corners are natural weak spots where stress concentrates. The problem is 18 when airplanes fly at higher altitudes, where the difference between the inside and outside pressure increases, causing added stress. When subjected to repeated pressurization high in the sky, the four corners on a square window may 19 . Curved windows, on the other hand, distribute stress around more evenly, reducing the likelihood of cracks or breaks. Circular shapes are also stronger and resist deformation, and therefore can 20 extreme differences in pressure inside and outside of an aircraft. Thus, round windows are a major safety innovation that keeps planes from disintegrating mid-flight. They are also used on ships and spacecraft for their greater structural integrity."
學測英文,111,17,16,綜合測驗：used to be,A,K2,T8,E12,早期「曾經是」方形：used to be,(A) used to be (B) were to be (C) would have been (D) must have been,"第16 至20 題為題組 Airline passengers may have noticed that all plane windows have rounded edges, instead of the hard corners commonly found in our house. The round windows are indeed pleasant to the eye, but they actually were designed for reasons 16 aesthetics. In the early days of aviation, plane windows 17 square in shape. Then as commercial air travel became popular in the 1950s and airplanes began flying higher and faster, three planes mysteriously broke apart in midair. The cause? Square windows. Scientists found that sharp corners are natural weak spots where stress concentrates. The problem is 18 when airplanes fly at higher altitudes, where the difference between the inside and outside pressure increases, causing added stress. When subjected to repeated pressurization high in the sky, the four corners on a square window may 19 . Curved windows, on the other hand, distribute stress around more evenly, reducing the likelihood of cracks or breaks. Circular shapes are also stronger and resist deformation, and therefore can 20 extreme differences in pressure inside and outside of an aircraft. Thus, round windows are a major safety innovation that keeps planes from disintegrating mid-flight. They are also used on ships and spacecraft for their greater structural integrity."
學測英文,111,18,16,綜合測驗：intensified,D,K1,T6,E11,高空氣壓差更大，問題「加劇」intensified,(A) disguised (B) understood (C) confronted (D) intensified,"第16 至20 題為題組 Airline passengers may have noticed that all plane windows have rounded edges, instead of the hard corners commonly found in our house. The round windows are indeed pleasant to the eye, but they actually were designed for reasons 16 aesthetics. In the early days of aviation, plane windows 17 square in shape. Then as commercial air travel became popular in the 1950s and airplanes began flying higher and faster, three planes mysteriously broke apart in midair. The cause? Square windows. Scientists found that sharp corners are natural weak spots where stress concentrates. The problem is 18 when airplanes fly at higher altitudes, where the difference between the inside and outside pressure increases, causing added stress. When subjected to repeated pressurization high in the sky, the four corners on a square window may 19 . Curved windows, on the other hand, distribute stress around more evenly, reducing the likelihood of cracks or breaks. Circular shapes are also stronger and resist deformation, and therefore can 20 extreme differences in pressure inside and outside of an aircraft. Thus, round windows are a major safety innovation that keeps planes from disintegrating mid-flight. They are also used on ships and spacecraft for their greater structural integrity."
學測英文,111,19,16,綜合測驗：spell disaster,C,K1,T7,E11,spell disaster：招致災難,(A) cause conflict (B) rebuild strength (C) spell disaster (D) endure shock,"第16 至20 題為題組 Airline passengers may have noticed that all plane windows have rounded edges, instead of the hard corners commonly found in our house. The round windows are indeed pleasant to the eye, but they actually were designed for reasons 16 aesthetics. In the early days of aviation, plane windows 17 square in shape. Then as commercial air travel became popular in the 1950s and airplanes began flying higher and faster, three planes mysteriously broke apart in midair. The cause? Square windows. Scientists found that sharp corners are natural weak spots where stress concentrates. The problem is 18 when airplanes fly at higher altitudes, where the difference between the inside and outside pressure increases, causing added stress. When subjected to repeated pressurization high in the sky, the four corners on a square window may 19 . Curved windows, on the other hand, distribute stress around more evenly, reducing the likelihood of cracks or breaks. Circular shapes are also stronger and resist deformation, and therefore can 20 extreme differences in pressure inside and outside of an aircraft. Thus, round windows are a major safety innovation that keeps planes from disintegrating mid-flight. They are also used on ships and spacecraft for their greater structural integrity."
學測英文,111,20,16,綜合測驗：tolerate,A,K1,T7,E11,tolerate extreme differences in pressure：承受氣壓差,(A) tolerate (B) improve (C) justify (D) obtain,"第16 至20 題為題組 Airline passengers may have noticed that all plane windows have rounded edges, instead of the hard corners commonly found in our house. The round windows are indeed pleasant to the eye, but they actually were designed for reasons 16 aesthetics. In the early days of aviation, plane windows 17 square in shape. Then as commercial air travel became popular in the 1950s and airplanes began flying higher and faster, three planes mysteriously broke apart in midair. The cause? Square windows. Scientists found that sharp corners are natural weak spots where stress concentrates. The problem is 18 when airplanes fly at higher altitudes, where the difference between the inside and outside pressure increases, causing added stress. When subjected to repeated pressurization high in the sky, the four corners on a square window may 19 . Curved windows, on the other hand, distribute stress around more evenly, reducing the likelihood of cracks or breaks. Circular shapes are also stronger and resist deformation, and therefore can 20 extreme differences in pressure inside and outside of an aircraft. Thus, round windows are a major safety innovation that keeps planes from disintegrating mid-flight. They are also used on ships and spacecraft for their greater structural integrity."
學測英文,111,21,21,文意選填：risky,C,K1,T7,E9,too risky：太危險，一般演員不能做,,"第21 至30 題為題組 A stunt person is a man or a woman who performs dangerous acts, usually in the television or movie industry. In this line of work, the person is paid to do daring actions that are deemed too 21 for the regular actor to perform, including jumping from heights, crashing cars, or fighting with weapons. Stunt work emerged out of 22 over time. In the early days of the film industry, actors themselves shot acrobatic acts and dangerous scenes, until they began to get injured. There were, however, no 23 crew members to perform impressive stunts at that time. If something dangerous needed to be done for a scene, the producers would hire anyone crazy or desperate enough to do it. These people were not trained to perform stunts, so they often 24 things for the first time during the actual shooting. They had to learn from their own mistakes, which 25 some their lives, and almost all suffered light or severe injuries. Beginning around 1910, audiences developed a taste for serial action movies, which 26 the use of dedicated stunt people to perform in dangerous scenes. Such demand increased with the rise of western movies, and many cowboys with masterful skills on horseback found a new 27 as a stunt person. Tom Mix and Yakima Canutt were among the most famous. The 1960s and ’70s 28 the development of most modern stunt technology, like air rams and bullet squibs. That technology has continued to evolve into the present. Today, CGI (computer generated imagery) is widely used in filmmaking, and it is now 29 to create very lifelike scenes without using real stunt people. However, CGI has difficulties of its own, and there will always be a demand for the realism and thrilling 30 of an actual stunt. So the stunt industry is probably in no immediate danger of dying off. (A) possible (B) sensation (C) risky (D) cost (E) witnessed (F) professional (G) called for (H) tried out (I) necessity (J) career"
學測英文,111,22,21,文意選填：necessity,I,K1,T7,E9,out of necessity：出於需要,,"第21 至30 題為題組 A stunt person is a man or a woman who performs dangerous acts, usually in the television or movie industry. In this line of work, the person is paid to do daring actions that are deemed too 21 for the regular actor to perform, including jumping from heights, crashing cars, or fighting with weapons. Stunt work emerged out of 22 over time. In the early days of the film industry, actors themselves shot acrobatic acts and dangerous scenes, until they began to get injured. There were, however, no 23 crew members to perform impressive stunts at that time. If something dangerous needed to be done for a scene, the producers would hire anyone crazy or desperate enough to do it. These people were not trained to perform stunts, so they often 24 things for the first time during the actual shooting. They had to learn from their own mistakes, which 25 some their lives, and almost all suffered light or severe injuries. Beginning around 1910, audiences developed a taste for serial action movies, which 26 the use of dedicated stunt people to perform in dangerous scenes. Such demand increased with the rise of western movies, and many cowboys with masterful skills on horseback found a new 27 as a stunt person. Tom Mix and Yakima Canutt were among the most famous. The 1960s and ’70s 28 the development of most modern stunt technology, like air rams and bullet squibs. That technology has continued to evolve into the present. Today, CGI (computer generated imagery) is widely used in filmmaking, and it is now 29 to create very lifelike scenes without using real stunt people. However, CGI has difficulties of its own, and there will always be a demand for the realism and thrilling 30 of an actual stunt. So the stunt industry is probably in no immediate danger of dying off. (A) possible (B) sensation (C) risky (D) cost (E) witnessed (F) professional (G) called for (H) tried out (I) necessity (J) career"
學測英文,111,23,21,文意選填：professional,F,K2,T8,E12,修飾 crew members 用形容詞 professional,,"第21 至30 題為題組 A stunt person is a man or a woman who performs dangerous acts, usually in the television or movie industry. In this line of work, the person is paid to do daring actions that are deemed too 21 for the regular actor to perform, including jumping from heights, crashing cars, or fighting with weapons. Stunt work emerged out of 22 over time. In the early days of the film industry, actors themselves shot acrobatic acts and dangerous scenes, until they began to get injured. There were, however, no 23 crew members to perform impressive stunts at that time. If something dangerous needed to be done for a scene, the producers would hire anyone crazy or desperate enough to do it. These people were not trained to perform stunts, so they often 24 things for the first time during the actual shooting. They had to learn from their own mistakes, which 25 some their lives, and almost all suffered light or severe injuries. Beginning around 1910, audiences developed a taste for serial action movies, which 26 the use of dedicated stunt people to perform in dangerous scenes. Such demand increased with the rise of western movies, and many cowboys with masterful skills on horseback found a new 27 as a stunt person. Tom Mix and Yakima Canutt were among the most famous. The 1960s and ’70s 28 the development of most modern stunt technology, like air rams and bullet squibs. That technology has continued to evolve into the present. Today, CGI (computer generated imagery) is widely used in filmmaking, and it is now 29 to create very lifelike scenes without using real stunt people. However, CGI has difficulties of its own, and there will always be a demand for the realism and thrilling 30 of an actual stunt. So the stunt industry is probably in no immediate danger of dying off. (A) possible (B) sensation (C) risky (D) cost (E) witnessed (F) professional (G) called for (H) tried out (I) necessity (J) career"
學測英文,111,24,21,文意選填：tried out,H,K1,T7,E9,tried out things：第一次嘗試,,"第21 至30 題為題組 A stunt person is a man or a woman who performs dangerous acts, usually in the television or movie industry. In this line of work, the person is paid to do daring actions that are deemed too 21 for the regular actor to perform, including jumping from heights, crashing cars, or fighting with weapons. Stunt work emerged out of 22 over time. In the early days of the film industry, actors themselves shot acrobatic acts and dangerous scenes, until they began to get injured. There were, however, no 23 crew members to perform impressive stunts at that time. If something dangerous needed to be done for a scene, the producers would hire anyone crazy or desperate enough to do it. These people were not trained to perform stunts, so they often 24 things for the first time during the actual shooting. They had to learn from their own mistakes, which 25 some their lives, and almost all suffered light or severe injuries. Beginning around 1910, audiences developed a taste for serial action movies, which 26 the use of dedicated stunt people to perform in dangerous scenes. Such demand increased with the rise of western movies, and many cowboys with masterful skills on horseback found a new 27 as a stunt person. Tom Mix and Yakima Canutt were among the most famous. The 1960s and ’70s 28 the development of most modern stunt technology, like air rams and bullet squibs. That technology has continued to evolve into the present. Today, CGI (computer generated imagery) is widely used in filmmaking, and it is now 29 to create very lifelike scenes without using real stunt people. However, CGI has difficulties of its own, and there will always be a demand for the realism and thrilling 30 of an actual stunt. So the stunt industry is probably in no immediate danger of dying off. (A) possible (B) sensation (C) risky (D) cost (E) witnessed (F) professional (G) called for (H) tried out (I) necessity (J) career"
學測英文,111,25,21,文意選填：cost,D,K1,T7,E9,cost some their lives：讓一些人喪命,,"第21 至30 題為題組 A stunt person is a man or a woman who performs dangerous acts, usually in the television or movie industry. In this line of work, the person is paid to do daring actions that are deemed too 21 for the regular actor to perform, including jumping from heights, crashing cars, or fighting with weapons. Stunt work emerged out of 22 over time. In the early days of the film industry, actors themselves shot acrobatic acts and dangerous scenes, until they began to get injured. There were, however, no 23 crew members to perform impressive stunts at that time. If something dangerous needed to be done for a scene, the producers would hire anyone crazy or desperate enough to do it. These people were not trained to perform stunts, so they often 24 things for the first time during the actual shooting. They had to learn from their own mistakes, which 25 some their lives, and almost all suffered light or severe injuries. Beginning around 1910, audiences developed a taste for serial action movies, which 26 the use of dedicated stunt people to perform in dangerous scenes. Such demand increased with the rise of western movies, and many cowboys with masterful skills on horseback found a new 27 as a stunt person. Tom Mix and Yakima Canutt were among the most famous. The 1960s and ’70s 28 the development of most modern stunt technology, like air rams and bullet squibs. That technology has continued to evolve into the present. Today, CGI (computer generated imagery) is widely used in filmmaking, and it is now 29 to create very lifelike scenes without using real stunt people. However, CGI has difficulties of its own, and there will always be a demand for the realism and thrilling 30 of an actual stunt. So the stunt industry is probably in no immediate danger of dying off. (A) possible (B) sensation (C) risky (D) cost (E) witnessed (F) professional (G) called for (H) tried out (I) necessity (J) career"
學測英文,111,26,21,文意選填：called for,G,K1,T7,E9,called for：需要特技人員,,"第21 至30 題為題組 A stunt person is a man or a woman who performs dangerous acts, usually in the television or movie industry. In this line of work, the person is paid to do daring actions that are deemed too 21 for the regular actor to perform, including jumping from heights, crashing cars, or fighting with weapons. Stunt work emerged out of 22 over time. In the early days of the film industry, actors themselves shot acrobatic acts and dangerous scenes, until they began to get injured. There were, however, no 23 crew members to perform impressive stunts at that time. If something dangerous needed to be done for a scene, the producers would hire anyone crazy or desperate enough to do it. These people were not trained to perform stunts, so they often 24 things for the first time during the actual shooting. They had to learn from their own mistakes, which 25 some their lives, and almost all suffered light or severe injuries. Beginning around 1910, audiences developed a taste for serial action movies, which 26 the use of dedicated stunt people to perform in dangerous scenes. Such demand increased with the rise of western movies, and many cowboys with masterful skills on horseback found a new 27 as a stunt person. Tom Mix and Yakima Canutt were among the most famous. The 1960s and ’70s 28 the development of most modern stunt technology, like air rams and bullet squibs. That technology has continued to evolve into the present. Today, CGI (computer generated imagery) is widely used in filmmaking, and it is now 29 to create very lifelike scenes without using real stunt people. However, CGI has difficulties of its own, and there will always be a demand for the realism and thrilling 30 of an actual stunt. So the stunt industry is probably in no immediate danger of dying off. (A) possible (B) sensation (C) risky (D) cost (E) witnessed (F) professional (G) called for (H) tried out (I) necessity (J) career"
學測英文,111,27,21,文意選填：career,J,K1,T7,E9,found a new career：找到新的職業,,"第21 至30 題為題組 A stunt person is a man or a woman who performs dangerous acts, usually in the television or movie industry. In this line of work, the person is paid to do daring actions that are deemed too 21 for the regular actor to perform, including jumping from heights, crashing cars, or fighting with weapons. Stunt work emerged out of 22 over time. In the early days of the film industry, actors themselves shot acrobatic acts and dangerous scenes, until they began to get injured. There were, however, no 23 crew members to perform impressive stunts at that time. If something dangerous needed to be done for a scene, the producers would hire anyone crazy or desperate enough to do it. These people were not trained to perform stunts, so they often 24 things for the first time during the actual shooting. They had to learn from their own mistakes, which 25 some their lives, and almost all suffered light or severe injuries. Beginning around 1910, audiences developed a taste for serial action movies, which 26 the use of dedicated stunt people to perform in dangerous scenes. Such demand increased with the rise of western movies, and many cowboys with masterful skills on horseback found a new 27 as a stunt person. Tom Mix and Yakima Canutt were among the most famous. The 1960s and ’70s 28 the development of most modern stunt technology, like air rams and bullet squibs. That technology has continued to evolve into the present. Today, CGI (computer generated imagery) is widely used in filmmaking, and it is now 29 to create very lifelike scenes without using real stunt people. However, CGI has difficulties of its own, and there will always be a demand for the realism and thrilling 30 of an actual stunt. So the stunt industry is probably in no immediate danger of dying off. (A) possible (B) sensation (C) risky (D) cost (E) witnessed (F) professional (G) called for (H) tried out (I) necessity (J) career"
學測英文,111,28,21,文意選填：witnessed,E,K1,T7,E9,The 1960s witnessed：六〇年代見證了,,"第21 至30 題為題組 A stunt person is a man or a woman who performs dangerous acts, usually in the television or movie industry. In this line of work, the person is paid to do daring actions that are deemed too 21 for the regular actor to perform, including jumping from heights, crashing cars, or fighting with weapons. Stunt work emerged out of 22 over time. In the early days of the film industry, actors themselves shot acrobatic acts and dangerous scenes, until they began to get injured. There were, however, no 23 crew members to perform impressive stunts at that time. If something dangerous needed to be done for a scene, the producers would hire anyone crazy or desperate enough to do it. These people were not trained to perform stunts, so they often 24 things for the first time during the actual shooting. They had to learn from their own mistakes, which 25 some their lives, and almost all suffered light or severe injuries. Beginning around 1910, audiences developed a taste for serial action movies, which 26 the use of dedicated stunt people to perform in dangerous scenes. Such demand increased with the rise of western movies, and many cowboys with masterful skills on horseback found a new 27 as a stunt person. Tom Mix and Yakima Canutt were among the most famous. The 1960s and ’70s 28 the development of most modern stunt technology, like air rams and bullet squibs. That technology has continued to evolve into the present. Today, CGI (computer generated imagery) is widely used in filmmaking, and it is now 29 to create very lifelike scenes without using real stunt people. However, CGI has difficulties of its own, and there will always be a demand for the realism and thrilling 30 of an actual stunt. So the stunt industry is probably in no immediate danger of dying off. (A) possible (B) sensation (C) risky (D) cost (E) witnessed (F) professional (G) called for (H) tried out (I) necessity (J) career"
學測英文,111,29,21,文意選填：possible,A,K2,T8,E12,it is possible to V：形式主詞句型,,"第21 至30 題為題組 A stunt person is a man or a woman who performs dangerous acts, usually in the television or movie industry. In this line of work, the person is paid to do daring actions that are deemed too 21 for the regular actor to perform, including jumping from heights, crashing cars, or fighting with weapons. Stunt work emerged out of 22 over time. In the early days of the film industry, actors themselves shot acrobatic acts and dangerous scenes, until they began to get injured. There were, however, no 23 crew members to perform impressive stunts at that time. If something dangerous needed to be done for a scene, the producers would hire anyone crazy or desperate enough to do it. These people were not trained to perform stunts, so they often 24 things for the first time during the actual shooting. They had to learn from their own mistakes, which 25 some their lives, and almost all suffered light or severe injuries. Beginning around 1910, audiences developed a taste for serial action movies, which 26 the use of dedicated stunt people to perform in dangerous scenes. Such demand increased with the rise of western movies, and many cowboys with masterful skills on horseback found a new 27 as a stunt person. Tom Mix and Yakima Canutt were among the most famous. The 1960s and ’70s 28 the development of most modern stunt technology, like air rams and bullet squibs. That technology has continued to evolve into the present. Today, CGI (computer generated imagery) is widely used in filmmaking, and it is now 29 to create very lifelike scenes without using real stunt people. However, CGI has difficulties of its own, and there will always be a demand for the realism and thrilling 30 of an actual stunt. So the stunt industry is probably in no immediate danger of dying off. (A) possible (B) sensation (C) risky (D) cost (E) witnessed (F) professional (G) called for (H) tried out (I) necessity (J) career"
學測英文,111,30,21,文意選填：sensation,B,K1,T7,E9,thrilling sensation：刺激的感受,,"第21 至30 題為題組 A stunt person is a man or a woman who performs dangerous acts, usually in the television or movie industry. In this line of work, the person is paid to do daring actions that are deemed too 21 for the regular actor to perform, including jumping from heights, crashing cars, or fighting with weapons. Stunt work emerged out of 22 over time. In the early days of the film industry, actors themselves shot acrobatic acts and dangerous scenes, until they began to get injured. There were, however, no 23 crew members to perform impressive stunts at that time. If something dangerous needed to be done for a scene, the producers would hire anyone crazy or desperate enough to do it. These people were not trained to perform stunts, so they often 24 things for the first time during the actual shooting. They had to learn from their own mistakes, which 25 some their lives, and almost all suffered light or severe injuries. Beginning around 1910, audiences developed a taste for serial action movies, which 26 the use of dedicated stunt people to perform in dangerous scenes. Such demand increased with the rise of western movies, and many cowboys with masterful skills on horseback found a new 27 as a stunt person. Tom Mix and Yakima Canutt were among the most famous. The 1960s and ’70s 28 the development of most modern stunt technology, like air rams and bullet squibs. That technology has continued to evolve into the present. Today, CGI (computer generated imagery) is widely used in filmmaking, and it is now 29 to create very lifelike scenes without using real stunt people. However, CGI has difficulties of its own, and there will always be a demand for the realism and thrilling 30 of an actual stunt. So the stunt industry is probably in no immediate danger of dying off. (A) possible (B) sensation (C) risky (D) cost (E) witnessed (F) professional (G) called for (H) tried out (I) necessity (J) career"
學測英文,111,31,31,篇章結構：句子插入,D,B5,T6,E7,空格在介紹節日之後：說明起源，並接到家人團聚,,"第31 至34 題為題組 Obon, or the Bon Festival, is a Japanese holiday that honors the spirits of the dead. 31 The festival usually lasts for four to five days in August. During this period, many people travel back to their hometowns and spend time with loved ones, both past and present. Though not a national holiday, Obon is surely one of the most traditional events of the year. Celebration often begins with mukaebi (welcoming fire), during which people make a small bonfire in front of their house to guide spirits upon their return back home. 32 Food offerings are presented at house altars and temples. Some regions prepare horses made of cucumbers and cows made of eggplants, hoping that the spirits will come back to Earth quickly, on a horse, and leave slowly, riding the cow. 33 Paper lanterns and offerings are sent floating down rivers to accompany the ancestors back to their resting place. Many areas will also organize bon-odori dances. The style of the dances varies from region to region but is normally based on the rhythms of taiko drums. Performers usually play on a tall stage with lanterns and banners strung all around. Participants, often dressed in light cotton kimonos, are encouraged to dance to the music around the stage. 34 Originally dedicated to the deceased, the dances have now become a symbol of the summer festival themselves. (A) Some people also visit the cemetery to clean up the family graves and pray for their ancestors. (B) Such festive activities are usually held in parks, temples, and other public places around Japan. (C) Obon concludes with another bonfire, okuribi, lighting up the sky to see the ancestors’ spirits off. (D) Originating from the Chinese Ghost Festival, this annual event has evolved into a time of family reunion. 背面尚有試題"
學測英文,111,32,31,篇章結構：句子插入,A,B5,T6,E7,迎火之後、供品之前：去掃墓祭祖,,"第31 至34 題為題組 Obon, or the Bon Festival, is a Japanese holiday that honors the spirits of the dead. 31 The festival usually lasts for four to five days in August. During this period, many people travel back to their hometowns and spend time with loved ones, both past and present. Though not a national holiday, Obon is surely one of the most traditional events of the year. Celebration often begins with mukaebi (welcoming fire), during which people make a small bonfire in front of their house to guide spirits upon their return back home. 32 Food offerings are presented at house altars and temples. Some regions prepare horses made of cucumbers and cows made of eggplants, hoping that the spirits will come back to Earth quickly, on a horse, and leave slowly, riding the cow. 33 Paper lanterns and offerings are sent floating down rivers to accompany the ancestors back to their resting place. Many areas will also organize bon-odori dances. The style of the dances varies from region to region but is normally based on the rhythms of taiko drums. Performers usually play on a tall stage with lanterns and banners strung all around. Participants, often dressed in light cotton kimonos, are encouraged to dance to the music around the stage. 34 Originally dedicated to the deceased, the dances have now become a symbol of the summer festival themselves. (A) Some people also visit the cemetery to clean up the family graves and pray for their ancestors. (B) Such festive activities are usually held in parks, temples, and other public places around Japan. (C) Obon concludes with another bonfire, okuribi, lighting up the sky to see the ancestors’ spirits off. (D) Originating from the Chinese Ghost Festival, this annual event has evolved into a time of family reunion. 背面尚有試題"
學測英文,111,33,31,篇章結構：句子插入,C,B5,T6,E7,接在「送祖先回去」之前：以送火結束,,"第31 至34 題為題組 Obon, or the Bon Festival, is a Japanese holiday that honors the spirits of the dead. 31 The festival usually lasts for four to five days in August. During this period, many people travel back to their hometowns and spend time with loved ones, both past and present. Though not a national holiday, Obon is surely one of the most traditional events of the year. Celebration often begins with mukaebi (welcoming fire), during which people make a small bonfire in front of their house to guide spirits upon their return back home. 32 Food offerings are presented at house altars and temples. Some regions prepare horses made of cucumbers and cows made of eggplants, hoping that the spirits will come back to Earth quickly, on a horse, and leave slowly, riding the cow. 33 Paper lanterns and offerings are sent floating down rivers to accompany the ancestors back to their resting place. Many areas will also organize bon-odori dances. The style of the dances varies from region to region but is normally based on the rhythms of taiko drums. Performers usually play on a tall stage with lanterns and banners strung all around. Participants, often dressed in light cotton kimonos, are encouraged to dance to the music around the stage. 34 Originally dedicated to the deceased, the dances have now become a symbol of the summer festival themselves. (A) Some people also visit the cemetery to clean up the family graves and pray for their ancestors. (B) Such festive activities are usually held in parks, temples, and other public places around Japan. (C) Obon concludes with another bonfire, okuribi, lighting up the sky to see the ancestors’ spirits off. (D) Originating from the Chinese Ghost Festival, this annual event has evolved into a time of family reunion. 背面尚有試題"
學測英文,111,34,31,篇章結構：句子插入,B,B5,T3,E7,空格後說舞蹈的意義：這類活動在公園、寺廟等地舉行,,"第31 至34 題為題組 Obon, or the Bon Festival, is a Japanese holiday that honors the spirits of the dead. 31 The festival usually lasts for four to five days in August. During this period, many people travel back to their hometowns and spend time with loved ones, both past and present. Though not a national holiday, Obon is surely one of the most traditional events of the year. Celebration often begins with mukaebi (welcoming fire), during which people make a small bonfire in front of their house to guide spirits upon their return back home. 32 Food offerings are presented at house altars and temples. Some regions prepare horses made of cucumbers and cows made of eggplants, hoping that the spirits will come back to Earth quickly, on a horse, and leave slowly, riding the cow. 33 Paper lanterns and offerings are sent floating down rivers to accompany the ancestors back to their resting place. Many areas will also organize bon-odori dances. The style of the dances varies from region to region but is normally based on the rhythms of taiko drums. Performers usually play on a tall stage with lanterns and banners strung all around. Participants, often dressed in light cotton kimonos, are encouraged to dance to the music around the stage. 34 Originally dedicated to the deceased, the dances have now become a symbol of the summer festival themselves. (A) Some people also visit the cemetery to clean up the family graves and pray for their ancestors. (B) Such festive activities are usually held in parks, temples, and other public places around Japan. (C) Obon concludes with another bonfire, okuribi, lighting up the sky to see the ancestors’ spirits off. (D) Originating from the Chinese Ghost Festival, this annual event has evolved into a time of family reunion. 背面尚有試題"
學測英文,111,35,35,閱讀測驗：圖表判讀,B,B4,T3,E8,圖文對照：紅布、盾牌、長矛逐項比對,Which of the following pictures best represents the image of a typical Maasai warrior? (A) (B) (C) (D),"第35 至38 題為題組 Standing proud in the savannah with their red blankets and painted shields, the Maasai people are one of the widely known symbols of East Africa. Their unique style, as remarked by Karen Blixen, author of Out of Africa, “has grown from the inside, and is an expression of the race and its history.” The Maasai are a semi-nomadic group in Kenya and northern Tanzania, wandering in bands and living almost entirely on the meat, blood, and milk of their herds. Over the years, the fearless tribesmen have stood strong against slavery, and resisted the urging of the Kenyan and Tanzanian governments to adopt a more modern lifestyle. In fact, they are one of the few tribes that have retained most of their traditions. Up until recently, the only way for a Maasai boy to achieve warrior status was to single-handedly kill a lion with his spear. Maasai clothing varies with age, gender, and place. The most recognizable piece of clothing is the shúkà, a sheet of fabric worn wrapped around the body. Red is a popular color, and women generally opt for checked, striped, or patterned pieces of cloth. Young men wear black for several months after their circumcision, a ritual signifying their coming of age. A Maasai warrior is rarely seen without his spear and shield. In Blixen’s words, “their weapons and finery are as much a part of their being as are a stag’s antlers” (a male deer’s horns). Beadwork is an important part of Maasai culture. Beaded jewelry is made by women, and is famous for its complexity. Natural materials such as clay, shells, and ivory were used before trading with the Europeans in the 19th century. They were then replaced by colorful glass beads, allowing for more detailed beadwork and color patterns. Multicolored beadwork is popular among both men and women. Each color holds a special meaning: White stands for peace, green for land and production, while red—the most favored color among the Maasai—is the symbol of unity and bravery."
學測英文,111,36,35,閱讀測驗：細節,A,A1,T3,E1,政府敦促他們改變生活方式，不是因為曾被奴役,What can we learn from the passage about the Maasai people? (A) They have been urged by governments to leave behind their traditions. (B) They resist foreign influence because they were enslaved in the past. (C) A boy has to kill a lion by himself before becoming an adult. (D) A Maasai woman is usually good at beadwork and farming.,"第35 至38 題為題組 Standing proud in the savannah with their red blankets and painted shields, the Maasai people are one of the widely known symbols of East Africa. Their unique style, as remarked by Karen Blixen, author of Out of Africa, “has grown from the inside, and is an expression of the race and its history.” The Maasai are a semi-nomadic group in Kenya and northern Tanzania, wandering in bands and living almost entirely on the meat, blood, and milk of their herds. Over the years, the fearless tribesmen have stood strong against slavery, and resisted the urging of the Kenyan and Tanzanian governments to adopt a more modern lifestyle. In fact, they are one of the few tribes that have retained most of their traditions. Up until recently, the only way for a Maasai boy to achieve warrior status was to single-handedly kill a lion with his spear. Maasai clothing varies with age, gender, and place. The most recognizable piece of clothing is the shúkà, a sheet of fabric worn wrapped around the body. Red is a popular color, and women generally opt for checked, striped, or patterned pieces of cloth. Young men wear black for several months after their circumcision, a ritual signifying their coming of age. A Maasai warrior is rarely seen without his spear and shield. In Blixen’s words, “their weapons and finery are as much a part of their being as are a stag’s antlers” (a male deer’s horns). Beadwork is an important part of Maasai culture. Beaded jewelry is made by women, and is famous for its complexity. Natural materials such as clay, shells, and ivory were used before trading with the Europeans in the 19th century. They were then replaced by colorful glass beads, allowing for more detailed beadwork and color patterns. Multicolored beadwork is popular among both men and women. Each color holds a special meaning: White stands for peace, green for land and production, while red—the most favored color among the Maasai—is the symbol of unity and bravery."
學測英文,111,37,35,閱讀測驗：細節,C,A1,T6,E1,十九世紀與歐洲人貿易後，才流行彩色玻璃珠,Which of the following is true about Maasai clothing and beadwork? (A) Striped and patterned cloth is preferred by young adults. (B) Young men cannot wear black until they become warriors. (C) Colorful glass jewelry became popular after the 19th century. (D) The color of the shúkà represented one’s importance in the tribe.,"第35 至38 題為題組 Standing proud in the savannah with their red blankets and painted shields, the Maasai people are one of the widely known symbols of East Africa. Their unique style, as remarked by Karen Blixen, author of Out of Africa, “has grown from the inside, and is an expression of the race and its history.” The Maasai are a semi-nomadic group in Kenya and northern Tanzania, wandering in bands and living almost entirely on the meat, blood, and milk of their herds. Over the years, the fearless tribesmen have stood strong against slavery, and resisted the urging of the Kenyan and Tanzanian governments to adopt a more modern lifestyle. In fact, they are one of the few tribes that have retained most of their traditions. Up until recently, the only way for a Maasai boy to achieve warrior status was to single-handedly kill a lion with his spear. Maasai clothing varies with age, gender, and place. The most recognizable piece of clothing is the shúkà, a sheet of fabric worn wrapped around the body. Red is a popular color, and women generally opt for checked, striped, or patterned pieces of cloth. Young men wear black for several months after their circumcision, a ritual signifying their coming of age. A Maasai warrior is rarely seen without his spear and shield. In Blixen’s words, “their weapons and finery are as much a part of their being as are a stag’s antlers” (a male deer’s horns). Beadwork is an important part of Maasai culture. Beaded jewelry is made by women, and is famous for its complexity. Natural materials such as clay, shells, and ivory were used before trading with the Europeans in the 19th century. They were then replaced by colorful glass beads, allowing for more detailed beadwork and color patterns. Multicolored beadwork is popular among both men and women. Each color holds a special meaning: White stands for peace, green for land and production, while red—the most favored color among the Maasai—is the symbol of unity and bravery."
學測英文,111,38,35,閱讀測驗：組織與手法,C,C1,T1,E6,引用 Blixen 的話：強調武器是戰士不可分割的一部分,Why does the author quote Blixen’s comment at the end of the third paragraph? (A) To explain how Maasai warriors hunt for deer in the wild. (B) To exemplify the types of weapons used by Maasai warriors. (C) To emphasize that weapons are an inseparable part of a Maasai warrior’s outfit. (D) To show the similarities between the behavior of a Maasai warrior and that of a male deer.,"第35 至38 題為題組 Standing proud in the savannah with their red blankets and painted shields, the Maasai people are one of the widely known symbols of East Africa. Their unique style, as remarked by Karen Blixen, author of Out of Africa, “has grown from the inside, and is an expression of the race and its history.” The Maasai are a semi-nomadic group in Kenya and northern Tanzania, wandering in bands and living almost entirely on the meat, blood, and milk of their herds. Over the years, the fearless tribesmen have stood strong against slavery, and resisted the urging of the Kenyan and Tanzanian governments to adopt a more modern lifestyle. In fact, they are one of the few tribes that have retained most of their traditions. Up until recently, the only way for a Maasai boy to achieve warrior status was to single-handedly kill a lion with his spear. Maasai clothing varies with age, gender, and place. The most recognizable piece of clothing is the shúkà, a sheet of fabric worn wrapped around the body. Red is a popular color, and women generally opt for checked, striped, or patterned pieces of cloth. Young men wear black for several months after their circumcision, a ritual signifying their coming of age. A Maasai warrior is rarely seen without his spear and shield. In Blixen’s words, “their weapons and finery are as much a part of their being as are a stag’s antlers” (a male deer’s horns). Beadwork is an important part of Maasai culture. Beaded jewelry is made by women, and is famous for its complexity. Natural materials such as clay, shells, and ivory were used before trading with the Europeans in the 19th century. They were then replaced by colorful glass beads, allowing for more detailed beadwork and color patterns. Multicolored beadwork is popular among both men and women. Each color holds a special meaning: White stands for peace, green for land and production, while red—the most favored color among the Maasai—is the symbol of unity and bravery."
學測英文,111,39,39,閱讀測驗：細節,D,A1,T1,E1,「NOT discussed」：談了功能、外觀、材料，沒談限制,Which of the following aspects about hard hats is NOT discussed in the passage? (A) Their functions. (B) Their appearances. (C) Their materials. (D) Their limitations.,"第39 至42 題為題組 A hard hat is a helmet used mostly at worksites to protect the head from injuries due to falling objects. Since its introduction in the early 20th century, the headgear has saved countless lives and is considered the number one safety tool for construction workers. The hard hat was invented in 1919 by Edward W. Bullard, who had just returned from World War I. Before the war, workers used to smear their hats with coal tar for protection of their head. Bullard, having witnessed the life-saving power of the metal helmet in the War, decided to produce a head protection device that was affordable for every worker and lightweight enough to be worn all day long. The Hard Boiled Hat was thus born, using steamed canvas and leather, covered with black paint, and featuring a suspension system to reduce impact. Soon, hard hats became widely used. The headgear was later made mandatory at construction sites in major construction projects, such as the Hoover Dam in 1931 and the Golden Gate Bridge in 1933. Over the past century, hard hats have advanced considerably, evolving from canvas and leather to aluminum, fiberglass, and, eventually, to thermoplastic. Recently, new models have been introduced and accessories added to meet the needs of laborers working on various job sites. For instance, a ventilated hard hat was developed to keep wearers cooler, and see-through face shields were attached to better see the hazards lurking above. Today, attachments include radios, sensors, cameras, and a lot more. A common color code has also been developed for recognizing people and their roles on site. Yellow is used for general laborers and contractors, white (or sometimes black) for supervisors and managers, and green for inspectors and new workers. New products continue to expand the market. Global sales of hard hats totaled USD 2.1 billion in 2016, and are expected to reach USD 3.19 billion in 2025."
學測英文,111,40,39,閱讀測驗：組織與手法,A,C1,T6,E7,依時間排序：塗焦油、帆布皮革、玻璃纖維、加面罩,In what order did the following protective hats appear? a. fiberglass hats b. hats with see-through shields c. hats with canvas and leather d. hats with tar over them (A) dcab (B) cdba (C) cbad (D) dcba,"第39 至42 題為題組 A hard hat is a helmet used mostly at worksites to protect the head from injuries due to falling objects. Since its introduction in the early 20th century, the headgear has saved countless lives and is considered the number one safety tool for construction workers. The hard hat was invented in 1919 by Edward W. Bullard, who had just returned from World War I. Before the war, workers used to smear their hats with coal tar for protection of their head. Bullard, having witnessed the life-saving power of the metal helmet in the War, decided to produce a head protection device that was affordable for every worker and lightweight enough to be worn all day long. The Hard Boiled Hat was thus born, using steamed canvas and leather, covered with black paint, and featuring a suspension system to reduce impact. Soon, hard hats became widely used. The headgear was later made mandatory at construction sites in major construction projects, such as the Hoover Dam in 1931 and the Golden Gate Bridge in 1933. Over the past century, hard hats have advanced considerably, evolving from canvas and leather to aluminum, fiberglass, and, eventually, to thermoplastic. Recently, new models have been introduced and accessories added to meet the needs of laborers working on various job sites. For instance, a ventilated hard hat was developed to keep wearers cooler, and see-through face shields were attached to better see the hazards lurking above. Today, attachments include radios, sensors, cameras, and a lot more. A common color code has also been developed for recognizing people and their roles on site. Yellow is used for general laborers and contractors, white (or sometimes black) for supervisors and managers, and green for inspectors and new workers. New products continue to expand the market. Global sales of hard hats totaled USD 2.1 billion in 2016, and are expected to reach USD 3.19 billion in 2025."
學測英文,111,41,39,閱讀測驗：細節,B,A1,T3,E1,發明靈感來自戰時看到鋼盔救命,"According to the passage, which of the following statements is true about the hard hat? (A) Global sales have doubled every ten years. (B) The inspiration came from the inventor’s wartime experience. (C) It was standard equipment for construction workers in the 1920s. (D) Different colors are used in different industries to signal the roles of people on site.","第39 至42 題為題組 A hard hat is a helmet used mostly at worksites to protect the head from injuries due to falling objects. Since its introduction in the early 20th century, the headgear has saved countless lives and is considered the number one safety tool for construction workers. The hard hat was invented in 1919 by Edward W. Bullard, who had just returned from World War I. Before the war, workers used to smear their hats with coal tar for protection of their head. Bullard, having witnessed the life-saving power of the metal helmet in the War, decided to produce a head protection device that was affordable for every worker and lightweight enough to be worn all day long. The Hard Boiled Hat was thus born, using steamed canvas and leather, covered with black paint, and featuring a suspension system to reduce impact. Soon, hard hats became widely used. The headgear was later made mandatory at construction sites in major construction projects, such as the Hoover Dam in 1931 and the Golden Gate Bridge in 1933. Over the past century, hard hats have advanced considerably, evolving from canvas and leather to aluminum, fiberglass, and, eventually, to thermoplastic. Recently, new models have been introduced and accessories added to meet the needs of laborers working on various job sites. For instance, a ventilated hard hat was developed to keep wearers cooler, and see-through face shields were attached to better see the hazards lurking above. Today, attachments include radios, sensors, cameras, and a lot more. A common color code has also been developed for recognizing people and their roles on site. Yellow is used for general laborers and contractors, white (or sometimes black) for supervisors and managers, and green for inspectors and new workers. New products continue to expand the market. Global sales of hard hats totaled USD 2.1 billion in 2016, and are expected to reach USD 3.19 billion in 2025."
學測英文,111,42,39,閱讀測驗：指涉,B,B1,T3,E4,指涉：tool、device、helmet、headgear 都指安全帽,"Which of the following words are used in the passage to refer to the hard hat? a. tool b. code c. device d. helmet e. accessory f. headgear (A) a, b, d, e (B) a, c, d, f (C) c, d, e, f (D) a, d, e, f","第39 至42 題為題組 A hard hat is a helmet used mostly at worksites to protect the head from injuries due to falling objects. Since its introduction in the early 20th century, the headgear has saved countless lives and is considered the number one safety tool for construction workers. The hard hat was invented in 1919 by Edward W. Bullard, who had just returned from World War I. Before the war, workers used to smear their hats with coal tar for protection of their head. Bullard, having witnessed the life-saving power of the metal helmet in the War, decided to produce a head protection device that was affordable for every worker and lightweight enough to be worn all day long. The Hard Boiled Hat was thus born, using steamed canvas and leather, covered with black paint, and featuring a suspension system to reduce impact. Soon, hard hats became widely used. The headgear was later made mandatory at construction sites in major construction projects, such as the Hoover Dam in 1931 and the Golden Gate Bridge in 1933. Over the past century, hard hats have advanced considerably, evolving from canvas and leather to aluminum, fiberglass, and, eventually, to thermoplastic. Recently, new models have been introduced and accessories added to meet the needs of laborers working on various job sites. For instance, a ventilated hard hat was developed to keep wearers cooler, and see-through face shields were attached to better see the hazards lurking above. Today, attachments include radios, sensors, cameras, and a lot more. A common color code has also been developed for recognizing people and their roles on site. Yellow is used for general laborers and contractors, white (or sometimes black) for supervisors and managers, and green for inspectors and new workers. New products continue to expand the market. Global sales of hard hats totaled USD 2.1 billion in 2016, and are expected to reach USD 3.19 billion in 2025."
學測英文,111,43,43,閱讀測驗：細節,D,A1,T2,E1,文章談斑馬魚在醫學上可能的貢獻,What can we learn about zebrafish from the passage? (A) How they should be studied in labs. (B) Where they derive their regenerative ability. (C) Why they share humans’ genetic code. (D) What they may offer in medical advancements.,"第43 至46 題為題組 Zebrafish, named for their characteristic stripes, have been a popular test subject for researchers. Only a few centimeters in length, the fish breed easily in captivity, grow quickly, and their transparent body makes it easy to study their organs. Above all, they possess some amazing “self-healing” power. When part of their heart is removed, they can grow it back in a matter of weeks. When blinded, they can quickly regain the ability to see. Recent studies show that humans and zebrafish have the same major organs and share 70 percent of the genes. Moreover, 84 percent of human genes associated with disease find a counterpart in zebrafish. Scientists thus hope that understanding the self-healing mystery of the fish may one day allow humans to regenerate such organs as eyes, hearts, and spines. Researchers at Vanderbilt University are particularly interested in zebrafish retina regeneration. They have learned that damage of retina can cause blindness in zebrafish, yet it only takes about three to four weeks before vision is restored. The structure and cell types of zebrafish retinas are almost identical to those of humans. If the process can be replicated in humans, it may give rise to new treatments for blindness caused by retinal damage. In order to know exactly how zebrafish retina is regenerated, the team looked at the neurotransmitter gamma-aminobutyric acid (GABA), a chemical messenger in the brain that reduces the activity of neurons. They found that lowering GABA levels in zebrafish can trigger retina regeneration, while a high level of GABA concentration will suppress the regeneration process. This suggested that GABA plays an important role in the fish’s ability to regain their sight. The team is beginning to test the GABA theory on mice. If that works, human trials will be next on the agenda. If the research proves successful in humans, some of the nearly 40 million blind people worldwide may one day have a tiny, striped fish to thank."
學測英文,111,44,43,閱讀測驗：細節,C,A1,T6,E1,降低 GABA 會刺激視網膜再生，方向勿弄反,Which of the following statements is true regarding GABA in zebrafish? (A) Increasing GABA level facilitates neuron activities. (B) There is a high level of GABA in the brain of zebrafish. (C) Lowering GABA levels in the brain can stimulate retina regrowth. (D) GABA contains chemical elements that trigger the growth of neurons.,"第43 至46 題為題組 Zebrafish, named for their characteristic stripes, have been a popular test subject for researchers. Only a few centimeters in length, the fish breed easily in captivity, grow quickly, and their transparent body makes it easy to study their organs. Above all, they possess some amazing “self-healing” power. When part of their heart is removed, they can grow it back in a matter of weeks. When blinded, they can quickly regain the ability to see. Recent studies show that humans and zebrafish have the same major organs and share 70 percent of the genes. Moreover, 84 percent of human genes associated with disease find a counterpart in zebrafish. Scientists thus hope that understanding the self-healing mystery of the fish may one day allow humans to regenerate such organs as eyes, hearts, and spines. Researchers at Vanderbilt University are particularly interested in zebrafish retina regeneration. They have learned that damage of retina can cause blindness in zebrafish, yet it only takes about three to four weeks before vision is restored. The structure and cell types of zebrafish retinas are almost identical to those of humans. If the process can be replicated in humans, it may give rise to new treatments for blindness caused by retinal damage. In order to know exactly how zebrafish retina is regenerated, the team looked at the neurotransmitter gamma-aminobutyric acid (GABA), a chemical messenger in the brain that reduces the activity of neurons. They found that lowering GABA levels in zebrafish can trigger retina regeneration, while a high level of GABA concentration will suppress the regeneration process. This suggested that GABA plays an important role in the fish’s ability to regain their sight. The team is beginning to test the GABA theory on mice. If that works, human trials will be next on the agenda. If the research proves successful in humans, some of the nearly 40 million blind people worldwide may one day have a tiny, striped fish to thank."
學測英文,111,45,43,閱讀測驗：字義,A,A2,T7,E3,replicated：複製、重現,Which of the following is closest in meaning to “replicated” in the third paragraph? (A) Reproduced. (B) Reassembled. (C) Recycled. (D) Restored.,"第43 至46 題為題組 Zebrafish, named for their characteristic stripes, have been a popular test subject for researchers. Only a few centimeters in length, the fish breed easily in captivity, grow quickly, and their transparent body makes it easy to study their organs. Above all, they possess some amazing “self-healing” power. When part of their heart is removed, they can grow it back in a matter of weeks. When blinded, they can quickly regain the ability to see. Recent studies show that humans and zebrafish have the same major organs and share 70 percent of the genes. Moreover, 84 percent of human genes associated with disease find a counterpart in zebrafish. Scientists thus hope that understanding the self-healing mystery of the fish may one day allow humans to regenerate such organs as eyes, hearts, and spines. Researchers at Vanderbilt University are particularly interested in zebrafish retina regeneration. They have learned that damage of retina can cause blindness in zebrafish, yet it only takes about three to four weeks before vision is restored. The structure and cell types of zebrafish retinas are almost identical to those of humans. If the process can be replicated in humans, it may give rise to new treatments for blindness caused by retinal damage. In order to know exactly how zebrafish retina is regenerated, the team looked at the neurotransmitter gamma-aminobutyric acid (GABA), a chemical messenger in the brain that reduces the activity of neurons. They found that lowering GABA levels in zebrafish can trigger retina regeneration, while a high level of GABA concentration will suppress the regeneration process. This suggested that GABA plays an important role in the fish’s ability to regain their sight. The team is beginning to test the GABA theory on mice. If that works, human trials will be next on the agenda. If the research proves successful in humans, some of the nearly 40 million blind people worldwide may one day have a tiny, striped fish to thank."
學測英文,111,46,43,閱讀測驗：推論,D,C2,T2,E6,分辨事實與意見：「可能讓人類再生器官」是推測,"According to the passage, which of the following is an opinion, but NOT a fact? (A) Humans and zebrafish have 70 percent of genes in common. (B) Zebrafish can quickly recover vision after damage to the retina. (C) Scientists are testing if the GABA theory works on mice as it does on zebrafish. (D) Understanding regeneration in zebrafish may allow humans to regrow their organs.","第43 至46 題為題組 Zebrafish, named for their characteristic stripes, have been a popular test subject for researchers. Only a few centimeters in length, the fish breed easily in captivity, grow quickly, and their transparent body makes it easy to study their organs. Above all, they possess some amazing “self-healing” power. When part of their heart is removed, they can grow it back in a matter of weeks. When blinded, they can quickly regain the ability to see. Recent studies show that humans and zebrafish have the same major organs and share 70 percent of the genes. Moreover, 84 percent of human genes associated with disease find a counterpart in zebrafish. Scientists thus hope that understanding the self-healing mystery of the fish may one day allow humans to regenerate such organs as eyes, hearts, and spines. Researchers at Vanderbilt University are particularly interested in zebrafish retina regeneration. They have learned that damage of retina can cause blindness in zebrafish, yet it only takes about three to four weeks before vision is restored. The structure and cell types of zebrafish retinas are almost identical to those of humans. If the process can be replicated in humans, it may give rise to new treatments for blindness caused by retinal damage. In order to know exactly how zebrafish retina is regenerated, the team looked at the neurotransmitter gamma-aminobutyric acid (GABA), a chemical messenger in the brain that reduces the activity of neurons. They found that lowering GABA levels in zebrafish can trigger retina regeneration, while a high level of GABA concentration will suppress the regeneration process. This suggested that GABA plays an important role in the fish’s ability to regain their sight. The team is beginning to test the GABA theory on mice. If that works, human trials will be next on the agenda. If the research proves successful in humans, some of the nearly 40 million blind people worldwide may one day have a tiny, striped fish to thank."
學測英文,111,47,47,混合題：填充,非選,B4,T0,E8,混合題填充：兩則故事各取一詞，並依語法變化字形,"請根據選文內容，從兩則故事中各選出一個單詞（word），分別填入下列兩句的空格，並視語 法需要作適當的字形變化，使句子語意完整、語法正確，且符合全文文意。（填空，4分） With her amazing courage and swimming skills, Yusra Mardini was not only able to save lives but also fulfill her dream of (A) in the Olympic Games. Judo helped Popole Misenga to be strong both physically and mentally, and gave him the courage to escape from the (B) of his coaches.","第47 至49 題為題組 To support refugees and people facing crises around the world, the International Olympic Committee created the Refugee Olympic Team. Refugee athletes have been invited to compete in the Olympic Games since 2016. Here are two refugee athletes and their stories. Yusra Mardini is a swimmer who grew up in Popole Misenga was born in the Democratic the war-torn country of Syria. Due to the unstable Republic of the Congo. When he was nine, the political situation there, Yusra sometimes had to country’s civil war claimed the life of his mother train in pools under roofs that had been blown open and left him homeless. Escaping from the war zone, by bombings. he wandered alone for a week in a rainforest before being rescued and taken to a center for displaced In 2015 when she was just a 17-year-old, her children in the capital, Kinshasa. house was destroyed in the civil war, so she decided to flee her home country. She managed to reach There, Popole discovered judo, from which he Turkey through Lebanon. From Turkey, she boarded gained strength in body and mind. “Judo helped me a small boat that held 20 people and set sail into the by giving me serenity, discipline, commitment— deep waters of the Aegean Sea. But 30 minutes later, everything,” he said. He trained hard and became a the engine stopped and the boat began to sink. Yusra professional judoka. However, each time he lost a dove into the cold water, and—with the help of her competition, his coaches would lock him in a cage sister and two men—swam and pushed the boat for for days, feeding him only coffee and bread. over three hours to reach the Greek island of Lesbos. Finally, when he was cruelly abused for not They saved everyone aboard. winning medals at the 2013 World Championships in Brazil, he decided to seek protection. Yusra eventually settled in Germany and has since worked to inspire others to pursue their Popole was granted asylum in 2014 by dreams. Her incredible story and superior swimming Brazilian government and later continued judo skills won her the opportunity to participate in the training at a youth facility. He made his Olympic Olympic Games. She was a member of the Refugee debut at Rio 2016. He also represented the Refugee Olympic Team for both the 2016 Rio Games and Olympic Team in 2021 Tokyo Games. 2021 Tokyo Games."
學測英文,111,48,47,混合題：簡答,非選,A2,T0,E3,混合題簡答：找出意思是「政治庇護」的單字,Which word in Popole Misenga’s story means “protection given by a country or embassy to refugees from another country”?（簡答，2分）,"第47 至49 題為題組 To support refugees and people facing crises around the world, the International Olympic Committee created the Refugee Olympic Team. Refugee athletes have been invited to compete in the Olympic Games since 2016. Here are two refugee athletes and their stories. Yusra Mardini is a swimmer who grew up in Popole Misenga was born in the Democratic the war-torn country of Syria. Due to the unstable Republic of the Congo. When he was nine, the political situation there, Yusra sometimes had to country’s civil war claimed the life of his mother train in pools under roofs that had been blown open and left him homeless. Escaping from the war zone, by bombings. he wandered alone for a week in a rainforest before being rescued and taken to a center for displaced In 2015 when she was just a 17-year-old, her children in the capital, Kinshasa. house was destroyed in the civil war, so she decided to flee her home country. She managed to reach There, Popole discovered judo, from which he Turkey through Lebanon. From Turkey, she boarded gained strength in body and mind. “Judo helped me a small boat that held 20 people and set sail into the by giving me serenity, discipline, commitment— deep waters of the Aegean Sea. But 30 minutes later, everything,” he said. He trained hard and became a the engine stopped and the boat began to sink. Yusra professional judoka. However, each time he lost a dove into the cold water, and—with the help of her competition, his coaches would lock him in a cage sister and two men—swam and pushed the boat for for days, feeding him only coffee and bread. over three hours to reach the Greek island of Lesbos. Finally, when he was cruelly abused for not They saved everyone aboard. winning medals at the 2013 World Championships in Brazil, he decided to seek protection. Yusra eventually settled in Germany and has since worked to inspire others to pursue their Popole was granted asylum in 2014 by dreams. Her incredible story and superior swimming Brazilian government and later continued judo skills won her the opportunity to participate in the training at a youth facility. He made his Olympic Olympic Games. She was a member of the Refugee debut at Rio 2016. He also represented the Refugee Olympic Team for both the 2016 Rio Games and Olympic Team in 2021 Tokyo Games. 2021 Tokyo Games."
學測英文,111,49,47,混合題：多選,CD,B4,T3,E8,多選：只選兩人都符合的敘述，逐項核對兩篇,請從下列(A)到(F)中，選出對Yusra Mardini 和 Popole Misenga都正確的選項。（多選題，4分） (A) Being an Olympic medalist. (B) Growing up in an orphanage. (C) Joining the Olympic Games more than once. (D) Leaving his/her hometown because of war. (E) Showing talent in sports after going to a foreign country. (F) Traveling through several countries before securing protection. 背面尚有試題,"第47 至49 題為題組 To support refugees and people facing crises around the world, the International Olympic Committee created the Refugee Olympic Team. Refugee athletes have been invited to compete in the Olympic Games since 2016. Here are two refugee athletes and their stories. Yusra Mardini is a swimmer who grew up in Popole Misenga was born in the Democratic the war-torn country of Syria. Due to the unstable Republic of the Congo. When he was nine, the political situation there, Yusra sometimes had to country’s civil war claimed the life of his mother train in pools under roofs that had been blown open and left him homeless. Escaping from the war zone, by bombings. he wandered alone for a week in a rainforest before being rescued and taken to a center for displaced In 2015 when she was just a 17-year-old, her children in the capital, Kinshasa. house was destroyed in the civil war, so she decided to flee her home country. She managed to reach There, Popole discovered judo, from which he Turkey through Lebanon. From Turkey, she boarded gained strength in body and mind. “Judo helped me a small boat that held 20 people and set sail into the by giving me serenity, discipline, commitment— deep waters of the Aegean Sea. But 30 minutes later, everything,” he said. He trained hard and became a the engine stopped and the boat began to sink. Yusra professional judoka. However, each time he lost a dove into the cold water, and—with the help of her competition, his coaches would lock him in a cage sister and two men—swam and pushed the boat for for days, feeding him only coffee and bread. over three hours to reach the Greek island of Lesbos. Finally, when he was cruelly abused for not They saved everyone aboard. winning medals at the 2013 World Championships in Brazil, he decided to seek protection. Yusra eventually settled in Germany and has since worked to inspire others to pursue their Popole was granted asylum in 2014 by dreams. Her incredible story and superior swimming Brazilian government and later continued judo skills won her the opportunity to participate in the training at a youth facility. He made his Olympic Olympic Games. She was a member of the Refugee debut at Rio 2016. He also represented the Refugee Olympic Team for both the 2016 Rio Games and Olympic Team in 2021 Tokyo Games. 2021 Tokyo Games."
學測英文,112,1,,詞彙：sticky,A,K1,T7,E10,口香糖「黏黏的」很難清掉 sticky,The bus driver often complains about chewing gum found under passenger seats because it is and very hard to remove. (A) sticky (B) greasy (C) clumsy (D) mighty,
學測英文,112,2,,詞彙：pose,C,K1,T7,E10,adopt an elegant pose：擺出優雅的姿勢,Jesse is a talented model. He can easily adopt an elegant for a camera shoot. (A) clap (B) toss (C) pose (D) snap,
學測英文,112,3,,詞彙：ancestors,C,K1,T7,E10,trace her ancestors：追溯祖先來畫家譜,"In order to draw her family tree, Mary tried to trace her back to their arrival in North America. (A) siblings (B) commuters (C) ancestors (D) instructors",
學測英文,112,4,,詞彙：bare,B,K1,T7,E10,shelves almost bare：貨架幾乎空了,"Upon the super typhoon warning, Nancy rushed to the supermarket—only to find the shelves almost ______ and the stock nearly gone. (A) blank (B) bare (C) hollow (D) queer",
學測英文,112,5,,詞彙：sincerity,D,K1,T7,E10,sincerity：道歉缺乏誠意,"Even though Jack said “Sorry!” to me in person, I did not feel any in his apology. (A) liability (B) generosity (C) integrity (D) sincerity",
學測英文,112,6,,詞彙：recall,D,K1,T7,E10,powers of recall：記憶力,My grandfather has astonishing powers of . He can still vividly describe his first day at school as a child. (A) resolve (B) fraction (C) privilege (D) recall,
學測英文,112,7,,詞彙：counter,B,K1,T6,E10,counter the claims：反駁藥廠的說法,Recent research has found lots of evidence to the drug company’s claims about its “miracle” tablets for curing cancer. (A) provoke (B) counter (C) expose (D) convert,
學測英文,112,8,,詞彙：crippled,A,K1,T7,E10,crippled the economy：重創經濟,Corrupt officials and misguided policies have the country’s economy and burdened its people with enormous foreign debts. (A) crippled (B) accelerated (C) rendered (D) ventured,
學測英文,112,9,,詞彙：choked,A,K1,T7,E10,choked with traffic：塞滿車潮,"As a record number of fans showed up for the baseball final, the highways around the stadium were with traffic all day. (A) choked (B) disturbed (C) enclosed (D) injected",
學測英文,112,10,,詞彙：supposedly,D,K1,T6,E10,supposedly unbiased：號稱公正，其實受影響,Studies show that the unbiased media are in fact often deeply influenced by political ideology. (A) undoubtedly (B) roughly (C) understandably (D) supposedly,
學測英文,112,11,11,綜合測驗：but not quite,C,B5,T6,E7,almost 之後補充「但還沒真的碰到」：but not quite,(A) in no time (B) by all means (C) but not quite (D) and pretty much,"第11 至15 題為題組 In certain forests, when you look up you will see a network of cracks formed by gaps between the outermost edges of tree branches. It looks like a precisely engineered jigsaw puzzle, each branch growing just perfectly so it almost, 11 , touches the neighboring tree. This beautiful phenomenon is called crown shyness. Scientists have been discussing crown shyness since the 1920s, proposing 12 explanations for the phenomenon. Some researchers point out that as trees often grow close together, treetops can easily collide and break when swayed by the wind. In order to protect their branches from breakage, trees maintain “shyness gaps”—spaces large enough to prevent them from touching their neighbors. Other scientists suggest that plants, like animals, 13 resources—nutrients, water, space, and light. In forested areas with thick tree crowns, there is intense struggle for these resources. Gaps in the treetops resulting from crown shyness may allow trees to increase their 14 light and enhance photosynthesis. Additionally, by having branches that do not touch those of their neighbors, trees may be able to limit the spread of leaf-eating insects, and potentially also the transmission of diseases from tree to tree. 15 decades of investigation, there is no consensus on exactly what causes the beautiful and mysterious phenomenon of crown shyness."
學測英文,112,12,11,綜合測驗：multiple,D,K1,T7,E11,multiple explanations：多種解釋,(A) universal (B) productive (C) conventional (D) multiple,"第11 至15 題為題組 In certain forests, when you look up you will see a network of cracks formed by gaps between the outermost edges of tree branches. It looks like a precisely engineered jigsaw puzzle, each branch growing just perfectly so it almost, 11 , touches the neighboring tree. This beautiful phenomenon is called crown shyness. Scientists have been discussing crown shyness since the 1920s, proposing 12 explanations for the phenomenon. Some researchers point out that as trees often grow close together, treetops can easily collide and break when swayed by the wind. In order to protect their branches from breakage, trees maintain “shyness gaps”—spaces large enough to prevent them from touching their neighbors. Other scientists suggest that plants, like animals, 13 resources—nutrients, water, space, and light. In forested areas with thick tree crowns, there is intense struggle for these resources. Gaps in the treetops resulting from crown shyness may allow trees to increase their 14 light and enhance photosynthesis. Additionally, by having branches that do not touch those of their neighbors, trees may be able to limit the spread of leaf-eating insects, and potentially also the transmission of diseases from tree to tree. 15 decades of investigation, there is no consensus on exactly what causes the beautiful and mysterious phenomenon of crown shyness."
學測英文,112,13,11,綜合測驗：compete for,B,K1,T7,E11,compete for resources：爭奪資源,(A) get over (B) compete for (C) give way to (D) make up for,"第11 至15 題為題組 In certain forests, when you look up you will see a network of cracks formed by gaps between the outermost edges of tree branches. It looks like a precisely engineered jigsaw puzzle, each branch growing just perfectly so it almost, 11 , touches the neighboring tree. This beautiful phenomenon is called crown shyness. Scientists have been discussing crown shyness since the 1920s, proposing 12 explanations for the phenomenon. Some researchers point out that as trees often grow close together, treetops can easily collide and break when swayed by the wind. In order to protect their branches from breakage, trees maintain “shyness gaps”—spaces large enough to prevent them from touching their neighbors. Other scientists suggest that plants, like animals, 13 resources—nutrients, water, space, and light. In forested areas with thick tree crowns, there is intense struggle for these resources. Gaps in the treetops resulting from crown shyness may allow trees to increase their 14 light and enhance photosynthesis. Additionally, by having branches that do not touch those of their neighbors, trees may be able to limit the spread of leaf-eating insects, and potentially also the transmission of diseases from tree to tree. 15 decades of investigation, there is no consensus on exactly what causes the beautiful and mysterious phenomenon of crown shyness."
學測英文,112,14,11,綜合測驗：exposure to,B,K1,T7,E11,increase their exposure to light：增加照光,(A) reliance on (B) exposure to (C) sensitivity to (D) reflection on,"第11 至15 題為題組 In certain forests, when you look up you will see a network of cracks formed by gaps between the outermost edges of tree branches. It looks like a precisely engineered jigsaw puzzle, each branch growing just perfectly so it almost, 11 , touches the neighboring tree. This beautiful phenomenon is called crown shyness. Scientists have been discussing crown shyness since the 1920s, proposing 12 explanations for the phenomenon. Some researchers point out that as trees often grow close together, treetops can easily collide and break when swayed by the wind. In order to protect their branches from breakage, trees maintain “shyness gaps”—spaces large enough to prevent them from touching their neighbors. Other scientists suggest that plants, like animals, 13 resources—nutrients, water, space, and light. In forested areas with thick tree crowns, there is intense struggle for these resources. Gaps in the treetops resulting from crown shyness may allow trees to increase their 14 light and enhance photosynthesis. Additionally, by having branches that do not touch those of their neighbors, trees may be able to limit the spread of leaf-eating insects, and potentially also the transmission of diseases from tree to tree. 15 decades of investigation, there is no consensus on exactly what causes the beautiful and mysterious phenomenon of crown shyness."
學測英文,112,15,11,綜合測驗：Despite,C,B5,T6,E7,雖然研究了數十年，仍沒有共識：Despite,(A) For (B) Besides (C) Despite (D) Concerning,"第11 至15 題為題組 In certain forests, when you look up you will see a network of cracks formed by gaps between the outermost edges of tree branches. It looks like a precisely engineered jigsaw puzzle, each branch growing just perfectly so it almost, 11 , touches the neighboring tree. This beautiful phenomenon is called crown shyness. Scientists have been discussing crown shyness since the 1920s, proposing 12 explanations for the phenomenon. Some researchers point out that as trees often grow close together, treetops can easily collide and break when swayed by the wind. In order to protect their branches from breakage, trees maintain “shyness gaps”—spaces large enough to prevent them from touching their neighbors. Other scientists suggest that plants, like animals, 13 resources—nutrients, water, space, and light. In forested areas with thick tree crowns, there is intense struggle for these resources. Gaps in the treetops resulting from crown shyness may allow trees to increase their 14 light and enhance photosynthesis. Additionally, by having branches that do not touch those of their neighbors, trees may be able to limit the spread of leaf-eating insects, and potentially also the transmission of diseases from tree to tree. 15 decades of investigation, there is no consensus on exactly what causes the beautiful and mysterious phenomenon of crown shyness."
學測英文,112,16,16,綜合測驗：free of,B,K1,T7,E11,shoot free of Earth's pull：擺脫地球引力,(A) back to (B) free of (C) long before (D) straight on,"第16 至20 題為題組 Gravity has been at the top of the science agenda since the start of Mars missions. In the earlier days of space travel, scientists tried to overcome the force of gravity so that a rocket could shoot 16 Earth’s pull in order to land humans on the moon. Today, they are more interested in how reduced gravity affects the astronauts’ 17 condition. Our bodies have evolved to exist within Earth’s gravity (1 g), not in the weightlessness of space (0 g) or the microgravity of Mars (0.3 g). When on Earth, we have more fluids in our lower body because they are pulled down by Earth’s gravity. However, with the absence of gravity in the outer space, our body fluids 18 , shifting toward the upper body and the head. As a result, the astronauts have swollen, puffy faces, very much resembling that of the round-headed Charlie Brown in the famous comic strip. This “Charlie Brown effect” will be more 19 when the astronauts go on their Mars missions, which will take about three years to complete, much longer than missions to the moon. Moreover, the effect is often 20 space motion sickness, headaches, and nausea. Such a syndrome is considered the top health risk for the astronauts, and scientists are still trying to figure out how it may be prevented."
學測英文,112,17,16,綜合測驗：physical,A,K1,T5,E11,下文談臉部水腫、噁心：身體狀況 physical,(A) physical (B) perceptual (C) mental (D) external,"第16 至20 題為題組 Gravity has been at the top of the science agenda since the start of Mars missions. In the earlier days of space travel, scientists tried to overcome the force of gravity so that a rocket could shoot 16 Earth’s pull in order to land humans on the moon. Today, they are more interested in how reduced gravity affects the astronauts’ 17 condition. Our bodies have evolved to exist within Earth’s gravity (1 g), not in the weightlessness of space (0 g) or the microgravity of Mars (0.3 g). When on Earth, we have more fluids in our lower body because they are pulled down by Earth’s gravity. However, with the absence of gravity in the outer space, our body fluids 18 , shifting toward the upper body and the head. As a result, the astronauts have swollen, puffy faces, very much resembling that of the round-headed Charlie Brown in the famous comic strip. This “Charlie Brown effect” will be more 19 when the astronauts go on their Mars missions, which will take about three years to complete, much longer than missions to the moon. Moreover, the effect is often 20 space motion sickness, headaches, and nausea. Such a syndrome is considered the top health risk for the astronauts, and scientists are still trying to figure out how it may be prevented."
學測英文,112,18,16,綜合測驗：redistribute,A,K2,T8,E12,主語 our body fluids 的主要動詞：redistribute（現在式）,(A) redistribute (B) redistributed (C) redistributing (D) being redistributed,"第16 至20 題為題組 Gravity has been at the top of the science agenda since the start of Mars missions. In the earlier days of space travel, scientists tried to overcome the force of gravity so that a rocket could shoot 16 Earth’s pull in order to land humans on the moon. Today, they are more interested in how reduced gravity affects the astronauts’ 17 condition. Our bodies have evolved to exist within Earth’s gravity (1 g), not in the weightlessness of space (0 g) or the microgravity of Mars (0.3 g). When on Earth, we have more fluids in our lower body because they are pulled down by Earth’s gravity. However, with the absence of gravity in the outer space, our body fluids 18 , shifting toward the upper body and the head. As a result, the astronauts have swollen, puffy faces, very much resembling that of the round-headed Charlie Brown in the famous comic strip. This “Charlie Brown effect” will be more 19 when the astronauts go on their Mars missions, which will take about three years to complete, much longer than missions to the moon. Moreover, the effect is often 20 space motion sickness, headaches, and nausea. Such a syndrome is considered the top health risk for the astronauts, and scientists are still trying to figure out how it may be prevented."
學測英文,112,19,16,綜合測驗：severe,C,K1,T6,E11,任務時間更長，效應會更「嚴重」severe,(A) contagious (B) unusual (C) severe (D) aggressive,"第16 至20 題為題組 Gravity has been at the top of the science agenda since the start of Mars missions. In the earlier days of space travel, scientists tried to overcome the force of gravity so that a rocket could shoot 16 Earth’s pull in order to land humans on the moon. Today, they are more interested in how reduced gravity affects the astronauts’ 17 condition. Our bodies have evolved to exist within Earth’s gravity (1 g), not in the weightlessness of space (0 g) or the microgravity of Mars (0.3 g). When on Earth, we have more fluids in our lower body because they are pulled down by Earth’s gravity. However, with the absence of gravity in the outer space, our body fluids 18 , shifting toward the upper body and the head. As a result, the astronauts have swollen, puffy faces, very much resembling that of the round-headed Charlie Brown in the famous comic strip. This “Charlie Brown effect” will be more 19 when the astronauts go on their Mars missions, which will take about three years to complete, much longer than missions to the moon. Moreover, the effect is often 20 space motion sickness, headaches, and nausea. Such a syndrome is considered the top health risk for the astronauts, and scientists are still trying to figure out how it may be prevented."
學測英文,112,20,16,綜合測驗：accompanied by,D,K1,T7,E11,be accompanied by：伴隨暈眩、頭痛,(A) varied with (B) brought about (C) transferred from (D) accompanied by,"第16 至20 題為題組 Gravity has been at the top of the science agenda since the start of Mars missions. In the earlier days of space travel, scientists tried to overcome the force of gravity so that a rocket could shoot 16 Earth’s pull in order to land humans on the moon. Today, they are more interested in how reduced gravity affects the astronauts’ 17 condition. Our bodies have evolved to exist within Earth’s gravity (1 g), not in the weightlessness of space (0 g) or the microgravity of Mars (0.3 g). When on Earth, we have more fluids in our lower body because they are pulled down by Earth’s gravity. However, with the absence of gravity in the outer space, our body fluids 18 , shifting toward the upper body and the head. As a result, the astronauts have swollen, puffy faces, very much resembling that of the round-headed Charlie Brown in the famous comic strip. This “Charlie Brown effect” will be more 19 when the astronauts go on their Mars missions, which will take about three years to complete, much longer than missions to the moon. Moreover, the effect is often 20 space motion sickness, headaches, and nausea. Such a syndrome is considered the top health risk for the astronauts, and scientists are still trying to figure out how it may be prevented."
學測英文,112,21,21,文意選填：reach for,J,K1,T7,E9,reach for a drink：伸手去拿的飲料,,"第21 至30 題為題組 Water makes up more than half of our body weight. To sustain this amount of fluid in our bodies, plain water is considered our best choice, for it contains no sugar and no calories. Yet, is water always the healthiest drink we can 21 ? Well, it depends on who and where we are, and what we’re doing. Obviously, a physically 22 person with an outdoor job under the sun will need to drink more fluid than a desk-bound person who lives and works in an air-conditioned place. But there’s more to it than that. When a person sweats, he loses water and salt, so he needs to replace both. Replacing lost fluid with just plain water means the body has too much water and not enough salt. To 23 things out, the body will get rid of water by producing urine. For this reason, milk can actually be more 24 than drinking water. Milk naturally contains salt and lactose, a sugar which the human body needs in small amounts to help stimulate water 25 . Coconut water, which contains salt and carbohydrates, is also more functional than water at restoring and maintaining a normal fluid 26 after exercise. For the average person, however, water remains a very good 27 for keeping hydrated—if you know how to drink it. The secret is: Never wait until the body is telling you you’re thirsty, since there must already have been significant changes in your body for it to eventually 28 your consciousness. At that point, it might be well past the best moment to take in fluid. Also, drinking a lot of liquid in one go can cause more water to 29 the body quickly and come out as urine. To 30 this, you need to drink water throughout the day to maintain your hydration levels. (A) absorption (B) active (C) alert (D) combat (E) option (F) effective (G) even (H) status (I) pass through (J) reach for"
學測英文,112,22,21,文意選填：active,B,K1,T6,E9,與坐辦公室的人對比：physically active,,"第21 至30 題為題組 Water makes up more than half of our body weight. To sustain this amount of fluid in our bodies, plain water is considered our best choice, for it contains no sugar and no calories. Yet, is water always the healthiest drink we can 21 ? Well, it depends on who and where we are, and what we’re doing. Obviously, a physically 22 person with an outdoor job under the sun will need to drink more fluid than a desk-bound person who lives and works in an air-conditioned place. But there’s more to it than that. When a person sweats, he loses water and salt, so he needs to replace both. Replacing lost fluid with just plain water means the body has too much water and not enough salt. To 23 things out, the body will get rid of water by producing urine. For this reason, milk can actually be more 24 than drinking water. Milk naturally contains salt and lactose, a sugar which the human body needs in small amounts to help stimulate water 25 . Coconut water, which contains salt and carbohydrates, is also more functional than water at restoring and maintaining a normal fluid 26 after exercise. For the average person, however, water remains a very good 27 for keeping hydrated—if you know how to drink it. The secret is: Never wait until the body is telling you you’re thirsty, since there must already have been significant changes in your body for it to eventually 28 your consciousness. At that point, it might be well past the best moment to take in fluid. Also, drinking a lot of liquid in one go can cause more water to 29 the body quickly and come out as urine. To 30 this, you need to drink water throughout the day to maintain your hydration levels. (A) absorption (B) active (C) alert (D) combat (E) option (F) effective (G) even (H) status (I) pass through (J) reach for"
學測英文,112,23,21,文意選填：even,G,K1,T7,E9,even things out：讓水與鹽恢復平衡,,"第21 至30 題為題組 Water makes up more than half of our body weight. To sustain this amount of fluid in our bodies, plain water is considered our best choice, for it contains no sugar and no calories. Yet, is water always the healthiest drink we can 21 ? Well, it depends on who and where we are, and what we’re doing. Obviously, a physically 22 person with an outdoor job under the sun will need to drink more fluid than a desk-bound person who lives and works in an air-conditioned place. But there’s more to it than that. When a person sweats, he loses water and salt, so he needs to replace both. Replacing lost fluid with just plain water means the body has too much water and not enough salt. To 23 things out, the body will get rid of water by producing urine. For this reason, milk can actually be more 24 than drinking water. Milk naturally contains salt and lactose, a sugar which the human body needs in small amounts to help stimulate water 25 . Coconut water, which contains salt and carbohydrates, is also more functional than water at restoring and maintaining a normal fluid 26 after exercise. For the average person, however, water remains a very good 27 for keeping hydrated—if you know how to drink it. The secret is: Never wait until the body is telling you you’re thirsty, since there must already have been significant changes in your body for it to eventually 28 your consciousness. At that point, it might be well past the best moment to take in fluid. Also, drinking a lot of liquid in one go can cause more water to 29 the body quickly and come out as urine. To 30 this, you need to drink water throughout the day to maintain your hydration levels. (A) absorption (B) active (C) alert (D) combat (E) option (F) effective (G) even (H) status (I) pass through (J) reach for"
學測英文,112,24,21,文意選填：effective,F,K1,T7,E9,more effective than water：比水更有效,,"第21 至30 題為題組 Water makes up more than half of our body weight. To sustain this amount of fluid in our bodies, plain water is considered our best choice, for it contains no sugar and no calories. Yet, is water always the healthiest drink we can 21 ? Well, it depends on who and where we are, and what we’re doing. Obviously, a physically 22 person with an outdoor job under the sun will need to drink more fluid than a desk-bound person who lives and works in an air-conditioned place. But there’s more to it than that. When a person sweats, he loses water and salt, so he needs to replace both. Replacing lost fluid with just plain water means the body has too much water and not enough salt. To 23 things out, the body will get rid of water by producing urine. For this reason, milk can actually be more 24 than drinking water. Milk naturally contains salt and lactose, a sugar which the human body needs in small amounts to help stimulate water 25 . Coconut water, which contains salt and carbohydrates, is also more functional than water at restoring and maintaining a normal fluid 26 after exercise. For the average person, however, water remains a very good 27 for keeping hydrated—if you know how to drink it. The secret is: Never wait until the body is telling you you’re thirsty, since there must already have been significant changes in your body for it to eventually 28 your consciousness. At that point, it might be well past the best moment to take in fluid. Also, drinking a lot of liquid in one go can cause more water to 29 the body quickly and come out as urine. To 30 this, you need to drink water throughout the day to maintain your hydration levels. (A) absorption (B) active (C) alert (D) combat (E) option (F) effective (G) even (H) status (I) pass through (J) reach for"
學測英文,112,25,21,文意選填：absorption,A,K1,T7,E9,water absorption：促進水分吸收,,"第21 至30 題為題組 Water makes up more than half of our body weight. To sustain this amount of fluid in our bodies, plain water is considered our best choice, for it contains no sugar and no calories. Yet, is water always the healthiest drink we can 21 ? Well, it depends on who and where we are, and what we’re doing. Obviously, a physically 22 person with an outdoor job under the sun will need to drink more fluid than a desk-bound person who lives and works in an air-conditioned place. But there’s more to it than that. When a person sweats, he loses water and salt, so he needs to replace both. Replacing lost fluid with just plain water means the body has too much water and not enough salt. To 23 things out, the body will get rid of water by producing urine. For this reason, milk can actually be more 24 than drinking water. Milk naturally contains salt and lactose, a sugar which the human body needs in small amounts to help stimulate water 25 . Coconut water, which contains salt and carbohydrates, is also more functional than water at restoring and maintaining a normal fluid 26 after exercise. For the average person, however, water remains a very good 27 for keeping hydrated—if you know how to drink it. The secret is: Never wait until the body is telling you you’re thirsty, since there must already have been significant changes in your body for it to eventually 28 your consciousness. At that point, it might be well past the best moment to take in fluid. Also, drinking a lot of liquid in one go can cause more water to 29 the body quickly and come out as urine. To 30 this, you need to drink water throughout the day to maintain your hydration levels. (A) absorption (B) active (C) alert (D) combat (E) option (F) effective (G) even (H) status (I) pass through (J) reach for"
學測英文,112,26,21,文意選填：status,H,K1,T7,E9,fluid status：體液狀態,,"第21 至30 題為題組 Water makes up more than half of our body weight. To sustain this amount of fluid in our bodies, plain water is considered our best choice, for it contains no sugar and no calories. Yet, is water always the healthiest drink we can 21 ? Well, it depends on who and where we are, and what we’re doing. Obviously, a physically 22 person with an outdoor job under the sun will need to drink more fluid than a desk-bound person who lives and works in an air-conditioned place. But there’s more to it than that. When a person sweats, he loses water and salt, so he needs to replace both. Replacing lost fluid with just plain water means the body has too much water and not enough salt. To 23 things out, the body will get rid of water by producing urine. For this reason, milk can actually be more 24 than drinking water. Milk naturally contains salt and lactose, a sugar which the human body needs in small amounts to help stimulate water 25 . Coconut water, which contains salt and carbohydrates, is also more functional than water at restoring and maintaining a normal fluid 26 after exercise. For the average person, however, water remains a very good 27 for keeping hydrated—if you know how to drink it. The secret is: Never wait until the body is telling you you’re thirsty, since there must already have been significant changes in your body for it to eventually 28 your consciousness. At that point, it might be well past the best moment to take in fluid. Also, drinking a lot of liquid in one go can cause more water to 29 the body quickly and come out as urine. To 30 this, you need to drink water throughout the day to maintain your hydration levels. (A) absorption (B) active (C) alert (D) combat (E) option (F) effective (G) even (H) status (I) pass through (J) reach for"
學測英文,112,27,21,文意選填：option,E,K1,T7,E9,a very good option：很好的選擇,,"第21 至30 題為題組 Water makes up more than half of our body weight. To sustain this amount of fluid in our bodies, plain water is considered our best choice, for it contains no sugar and no calories. Yet, is water always the healthiest drink we can 21 ? Well, it depends on who and where we are, and what we’re doing. Obviously, a physically 22 person with an outdoor job under the sun will need to drink more fluid than a desk-bound person who lives and works in an air-conditioned place. But there’s more to it than that. When a person sweats, he loses water and salt, so he needs to replace both. Replacing lost fluid with just plain water means the body has too much water and not enough salt. To 23 things out, the body will get rid of water by producing urine. For this reason, milk can actually be more 24 than drinking water. Milk naturally contains salt and lactose, a sugar which the human body needs in small amounts to help stimulate water 25 . Coconut water, which contains salt and carbohydrates, is also more functional than water at restoring and maintaining a normal fluid 26 after exercise. For the average person, however, water remains a very good 27 for keeping hydrated—if you know how to drink it. The secret is: Never wait until the body is telling you you’re thirsty, since there must already have been significant changes in your body for it to eventually 28 your consciousness. At that point, it might be well past the best moment to take in fluid. Also, drinking a lot of liquid in one go can cause more water to 29 the body quickly and come out as urine. To 30 this, you need to drink water throughout the day to maintain your hydration levels. (A) absorption (B) active (C) alert (D) combat (E) option (F) effective (G) even (H) status (I) pass through (J) reach for"
學測英文,112,28,21,文意選填：alert,C,K1,T7,E9,alert your consciousness：讓你意識到口渴,,"第21 至30 題為題組 Water makes up more than half of our body weight. To sustain this amount of fluid in our bodies, plain water is considered our best choice, for it contains no sugar and no calories. Yet, is water always the healthiest drink we can 21 ? Well, it depends on who and where we are, and what we’re doing. Obviously, a physically 22 person with an outdoor job under the sun will need to drink more fluid than a desk-bound person who lives and works in an air-conditioned place. But there’s more to it than that. When a person sweats, he loses water and salt, so he needs to replace both. Replacing lost fluid with just plain water means the body has too much water and not enough salt. To 23 things out, the body will get rid of water by producing urine. For this reason, milk can actually be more 24 than drinking water. Milk naturally contains salt and lactose, a sugar which the human body needs in small amounts to help stimulate water 25 . Coconut water, which contains salt and carbohydrates, is also more functional than water at restoring and maintaining a normal fluid 26 after exercise. For the average person, however, water remains a very good 27 for keeping hydrated—if you know how to drink it. The secret is: Never wait until the body is telling you you’re thirsty, since there must already have been significant changes in your body for it to eventually 28 your consciousness. At that point, it might be well past the best moment to take in fluid. Also, drinking a lot of liquid in one go can cause more water to 29 the body quickly and come out as urine. To 30 this, you need to drink water throughout the day to maintain your hydration levels. (A) absorption (B) active (C) alert (D) combat (E) option (F) effective (G) even (H) status (I) pass through (J) reach for"
學測英文,112,29,21,文意選填：pass through,I,K1,T7,E9,pass through the body：很快流過身體,,"第21 至30 題為題組 Water makes up more than half of our body weight. To sustain this amount of fluid in our bodies, plain water is considered our best choice, for it contains no sugar and no calories. Yet, is water always the healthiest drink we can 21 ? Well, it depends on who and where we are, and what we’re doing. Obviously, a physically 22 person with an outdoor job under the sun will need to drink more fluid than a desk-bound person who lives and works in an air-conditioned place. But there’s more to it than that. When a person sweats, he loses water and salt, so he needs to replace both. Replacing lost fluid with just plain water means the body has too much water and not enough salt. To 23 things out, the body will get rid of water by producing urine. For this reason, milk can actually be more 24 than drinking water. Milk naturally contains salt and lactose, a sugar which the human body needs in small amounts to help stimulate water 25 . Coconut water, which contains salt and carbohydrates, is also more functional than water at restoring and maintaining a normal fluid 26 after exercise. For the average person, however, water remains a very good 27 for keeping hydrated—if you know how to drink it. The secret is: Never wait until the body is telling you you’re thirsty, since there must already have been significant changes in your body for it to eventually 28 your consciousness. At that point, it might be well past the best moment to take in fluid. Also, drinking a lot of liquid in one go can cause more water to 29 the body quickly and come out as urine. To 30 this, you need to drink water throughout the day to maintain your hydration levels. (A) absorption (B) active (C) alert (D) combat (E) option (F) effective (G) even (H) status (I) pass through (J) reach for"
學測英文,112,30,21,文意選填：combat,D,K1,T7,E9,combat this：對抗這個問題,,"第21 至30 題為題組 Water makes up more than half of our body weight. To sustain this amount of fluid in our bodies, plain water is considered our best choice, for it contains no sugar and no calories. Yet, is water always the healthiest drink we can 21 ? Well, it depends on who and where we are, and what we’re doing. Obviously, a physically 22 person with an outdoor job under the sun will need to drink more fluid than a desk-bound person who lives and works in an air-conditioned place. But there’s more to it than that. When a person sweats, he loses water and salt, so he needs to replace both. Replacing lost fluid with just plain water means the body has too much water and not enough salt. To 23 things out, the body will get rid of water by producing urine. For this reason, milk can actually be more 24 than drinking water. Milk naturally contains salt and lactose, a sugar which the human body needs in small amounts to help stimulate water 25 . Coconut water, which contains salt and carbohydrates, is also more functional than water at restoring and maintaining a normal fluid 26 after exercise. For the average person, however, water remains a very good 27 for keeping hydrated—if you know how to drink it. The secret is: Never wait until the body is telling you you’re thirsty, since there must already have been significant changes in your body for it to eventually 28 your consciousness. At that point, it might be well past the best moment to take in fluid. Also, drinking a lot of liquid in one go can cause more water to 29 the body quickly and come out as urine. To 30 this, you need to drink water throughout the day to maintain your hydration levels. (A) absorption (B) active (C) alert (D) combat (E) option (F) effective (G) even (H) status (I) pass through (J) reach for"
學測英文,112,31,31,篇章結構：句子插入,C,B5,T6,E7,空格後以 however 翻轉：過去被指控捏造,,"第31 至34 題為題組 Have you ever thought of “coloring” the names of the days of the week? When you listen to someone speaking, do you see a rainbow of colors? Or perhaps Mozart’s music tastes like an apple pie to you? If so, it is very likely that you have synesthesia. Synesthesia is a condition in which people’s senses intermix. In some cases, people with synesthesia may experience colors when they hear, read, or even think of letters and numbers. In others, words can trigger a real sensation of taste on their tongue. 31 In the early 1990s, however, scientists noticed that synesthetic colors do not change over time. When asked what color is evoked by a letter or number, synesthetic people would persistently give the same answer even if tested months or years apart. 32 The most compelling support, however, comes from brain scans, which show that color processing areas in the brain light up when these people listen to certain words. Is synesthesia genetically inherited or acquired after birth? Scientists agree that synesthesia has a genetic basis, because it frequently runs in families. But an actual synesthesia gene (or genes) has not been identified yet. 33 For example, the flavors people with taste-word synesthesia experience are usually childhood flavors, such as chocolate or strawberries. Also, people with color-music synesthesia more often than not have had early musical training. Once thought to be extremely rare, synesthesia is now found to affect about one to four percent of the population. 34 As is often observed, most of us tend to associate lower notes with darker colors and higher notes with brighter colors. Researchers further point out that in most people synesthesia is active only during the first months of their infancy, while this ability remains forever in certain individuals. (A) This consistency serves as a proof that synesthesia is real. (B) Meanwhile, environmental influences seem to shape a person’s synesthesia. (C) People with synesthesia used to be accused of making their experiences up. (D) Some studies even show that people may all be synesthetic to some degree."
學測英文,112,32,31,篇章結構：句子插入,A,B5,T6,E7,接在「答案始終一致」之後：這種一致性證明聯覺是真的,,"第31 至34 題為題組 Have you ever thought of “coloring” the names of the days of the week? When you listen to someone speaking, do you see a rainbow of colors? Or perhaps Mozart’s music tastes like an apple pie to you? If so, it is very likely that you have synesthesia. Synesthesia is a condition in which people’s senses intermix. In some cases, people with synesthesia may experience colors when they hear, read, or even think of letters and numbers. In others, words can trigger a real sensation of taste on their tongue. 31 In the early 1990s, however, scientists noticed that synesthetic colors do not change over time. When asked what color is evoked by a letter or number, synesthetic people would persistently give the same answer even if tested months or years apart. 32 The most compelling support, however, comes from brain scans, which show that color processing areas in the brain light up when these people listen to certain words. Is synesthesia genetically inherited or acquired after birth? Scientists agree that synesthesia has a genetic basis, because it frequently runs in families. But an actual synesthesia gene (or genes) has not been identified yet. 33 For example, the flavors people with taste-word synesthesia experience are usually childhood flavors, such as chocolate or strawberries. Also, people with color-music synesthesia more often than not have had early musical training. Once thought to be extremely rare, synesthesia is now found to affect about one to four percent of the population. 34 As is often observed, most of us tend to associate lower notes with darker colors and higher notes with brighter colors. Researchers further point out that in most people synesthesia is active only during the first months of their infancy, while this ability remains forever in certain individuals. (A) This consistency serves as a proof that synesthesia is real. (B) Meanwhile, environmental influences seem to shape a person’s synesthesia. (C) People with synesthesia used to be accused of making their experiences up. (D) Some studies even show that people may all be synesthetic to some degree."
學測英文,112,33,31,篇章結構：句子插入,B,B5,T6,E7,基因之外，下文舉童年口味與音樂訓練：環境也有影響,,"第31 至34 題為題組 Have you ever thought of “coloring” the names of the days of the week? When you listen to someone speaking, do you see a rainbow of colors? Or perhaps Mozart’s music tastes like an apple pie to you? If so, it is very likely that you have synesthesia. Synesthesia is a condition in which people’s senses intermix. In some cases, people with synesthesia may experience colors when they hear, read, or even think of letters and numbers. In others, words can trigger a real sensation of taste on their tongue. 31 In the early 1990s, however, scientists noticed that synesthetic colors do not change over time. When asked what color is evoked by a letter or number, synesthetic people would persistently give the same answer even if tested months or years apart. 32 The most compelling support, however, comes from brain scans, which show that color processing areas in the brain light up when these people listen to certain words. Is synesthesia genetically inherited or acquired after birth? Scientists agree that synesthesia has a genetic basis, because it frequently runs in families. But an actual synesthesia gene (or genes) has not been identified yet. 33 For example, the flavors people with taste-word synesthesia experience are usually childhood flavors, such as chocolate or strawberries. Also, people with color-music synesthesia more often than not have had early musical training. Once thought to be extremely rare, synesthesia is now found to affect about one to four percent of the population. 34 As is often observed, most of us tend to associate lower notes with darker colors and higher notes with brighter colors. Researchers further point out that in most people synesthesia is active only during the first months of their infancy, while this ability remains forever in certain individuals. (A) This consistency serves as a proof that synesthesia is real. (B) Meanwhile, environmental influences seem to shape a person’s synesthesia. (C) People with synesthesia used to be accused of making their experiences up. (D) Some studies even show that people may all be synesthetic to some degree."
學測英文,112,34,31,篇章結構：句子插入,D,B5,T6,E7,下文說大多數人把低音連到深色：人人都有些聯覺,,"第31 至34 題為題組 Have you ever thought of “coloring” the names of the days of the week? When you listen to someone speaking, do you see a rainbow of colors? Or perhaps Mozart’s music tastes like an apple pie to you? If so, it is very likely that you have synesthesia. Synesthesia is a condition in which people’s senses intermix. In some cases, people with synesthesia may experience colors when they hear, read, or even think of letters and numbers. In others, words can trigger a real sensation of taste on their tongue. 31 In the early 1990s, however, scientists noticed that synesthetic colors do not change over time. When asked what color is evoked by a letter or number, synesthetic people would persistently give the same answer even if tested months or years apart. 32 The most compelling support, however, comes from brain scans, which show that color processing areas in the brain light up when these people listen to certain words. Is synesthesia genetically inherited or acquired after birth? Scientists agree that synesthesia has a genetic basis, because it frequently runs in families. But an actual synesthesia gene (or genes) has not been identified yet. 33 For example, the flavors people with taste-word synesthesia experience are usually childhood flavors, such as chocolate or strawberries. Also, people with color-music synesthesia more often than not have had early musical training. Once thought to be extremely rare, synesthesia is now found to affect about one to four percent of the population. 34 As is often observed, most of us tend to associate lower notes with darker colors and higher notes with brighter colors. Researchers further point out that in most people synesthesia is active only during the first months of their infancy, while this ability remains forever in certain individuals. (A) This consistency serves as a proof that synesthesia is real. (B) Meanwhile, environmental influences seem to shape a person’s synesthesia. (C) People with synesthesia used to be accused of making their experiences up. (D) Some studies even show that people may all be synesthetic to some degree."
學測英文,112,35,35,閱讀測驗：細節,A,A1,T3,E1,文章回答「呼拉圈」一詞的由來,What question does the passage answer? (A) How was the word “hula-hooping” derived? (B) Why did Wham-O start making hula hoops? (C) Where did Hawaiian hula dancing come from? (D) What was the favorite toy of ancient Egyptian kids?,"第35 至38 題為題組 When did people first experience the joy of the hula hoop? Although the term did not emerge until the 18th century, toy hoops twirled around the waist, limbs, or neck can be traced back to ancient times. As early as 1000 BC, Egyptian children played with hoop toys of dried grapevine. They threw, jumped, and slung them around their bodies as we do today. They also struck them with sticks to roll them down the road. Hoop rolling was also popular in ancient Greece. Their hoops, often made of metal, were not merely toys for Greek children but served as exercise devices as well. In the 14th century, hoops were popular as a form of recreation in Great Britain. The craze for hoops even resulted in dislocated backs and heart attacks, according to medical records. The term “hula,” however, did not enter the English language until the 1700s, when British sailors first witnessed hula dancing in the Hawaiian Islands. Though no hoops were used, the movements of the ritual dances looked very similar to those in hooping. Thus “hula” and “hoop” came together, resulting in the term “hula hooping.” Hoops spun their way through the cultures of pre-colonial America as well. Often considered as representing the circle of life, hoops featured prominently in the ritual dances of Native Americans. Dancers used small reed hoops as symbolic representations of animals such as eagles or snakes. With very rapid movements, they used the hoops to construct the symbolic forms around their bodies. The hula hoop gained international popularity in the late 1950s, when a plastic version was successfully marketed by California’s Wham-O toy company. Twenty-five million plastic hoops were sold in less than four months. The hula hoop “fad” is still going strong today."
學測英文,112,36,35,閱讀測驗：細節,C,A1,T3,E1,古希臘人把圈當運動器材，勿與其他文化混淆,Which of the following statements is true about use of the hoop in history? (A) The British used it for medical purposes. (B) Native Americans used it to train animals. (C) Ancient Greeks used it as a tool for workout. (D) Hawaiian dancers used it to represent the circle of life.,"第35 至38 題為題組 When did people first experience the joy of the hula hoop? Although the term did not emerge until the 18th century, toy hoops twirled around the waist, limbs, or neck can be traced back to ancient times. As early as 1000 BC, Egyptian children played with hoop toys of dried grapevine. They threw, jumped, and slung them around their bodies as we do today. They also struck them with sticks to roll them down the road. Hoop rolling was also popular in ancient Greece. Their hoops, often made of metal, were not merely toys for Greek children but served as exercise devices as well. In the 14th century, hoops were popular as a form of recreation in Great Britain. The craze for hoops even resulted in dislocated backs and heart attacks, according to medical records. The term “hula,” however, did not enter the English language until the 1700s, when British sailors first witnessed hula dancing in the Hawaiian Islands. Though no hoops were used, the movements of the ritual dances looked very similar to those in hooping. Thus “hula” and “hoop” came together, resulting in the term “hula hooping.” Hoops spun their way through the cultures of pre-colonial America as well. Often considered as representing the circle of life, hoops featured prominently in the ritual dances of Native Americans. Dancers used small reed hoops as symbolic representations of animals such as eagles or snakes. With very rapid movements, they used the hoops to construct the symbolic forms around their bodies. The hula hoop gained international popularity in the late 1950s, when a plastic version was successfully marketed by California’s Wham-O toy company. Twenty-five million plastic hoops were sold in less than four months. The hula hoop “fad” is still going strong today."
學測英文,112,37,35,閱讀測驗：細節,D,A1,T1,E1,「NOT mentioned」：有擊打、旋轉，沒有踢,Which of the following is NOT mentioned as a way of enjoying hula hoop fun? (A) Striking. (B) Twirling. (C) Spinning. (D) Kicking.,"第35 至38 題為題組 When did people first experience the joy of the hula hoop? Although the term did not emerge until the 18th century, toy hoops twirled around the waist, limbs, or neck can be traced back to ancient times. As early as 1000 BC, Egyptian children played with hoop toys of dried grapevine. They threw, jumped, and slung them around their bodies as we do today. They also struck them with sticks to roll them down the road. Hoop rolling was also popular in ancient Greece. Their hoops, often made of metal, were not merely toys for Greek children but served as exercise devices as well. In the 14th century, hoops were popular as a form of recreation in Great Britain. The craze for hoops even resulted in dislocated backs and heart attacks, according to medical records. The term “hula,” however, did not enter the English language until the 1700s, when British sailors first witnessed hula dancing in the Hawaiian Islands. Though no hoops were used, the movements of the ritual dances looked very similar to those in hooping. Thus “hula” and “hoop” came together, resulting in the term “hula hooping.” Hoops spun their way through the cultures of pre-colonial America as well. Often considered as representing the circle of life, hoops featured prominently in the ritual dances of Native Americans. Dancers used small reed hoops as symbolic representations of animals such as eagles or snakes. With very rapid movements, they used the hoops to construct the symbolic forms around their bodies. The hula hoop gained international popularity in the late 1950s, when a plastic version was successfully marketed by California’s Wham-O toy company. Twenty-five million plastic hoops were sold in less than four months. The hula hoop “fad” is still going strong today."
學測英文,112,38,35,閱讀測驗：細節,B,A1,T3,E1,材料逐項核對：蘆葦、葡萄藤、金屬、塑膠,"According to the passage, what materials have been used for making hoops? (A) reed, grapevine, bamboo, plastic (B) reed, grapevine, plastic, metal (C) reed, bamboo, plastic, animal skin (D) grapevine, plastic, metal, animal skin","第35 至38 題為題組 When did people first experience the joy of the hula hoop? Although the term did not emerge until the 18th century, toy hoops twirled around the waist, limbs, or neck can be traced back to ancient times. As early as 1000 BC, Egyptian children played with hoop toys of dried grapevine. They threw, jumped, and slung them around their bodies as we do today. They also struck them with sticks to roll them down the road. Hoop rolling was also popular in ancient Greece. Their hoops, often made of metal, were not merely toys for Greek children but served as exercise devices as well. In the 14th century, hoops were popular as a form of recreation in Great Britain. The craze for hoops even resulted in dislocated backs and heart attacks, according to medical records. The term “hula,” however, did not enter the English language until the 1700s, when British sailors first witnessed hula dancing in the Hawaiian Islands. Though no hoops were used, the movements of the ritual dances looked very similar to those in hooping. Thus “hula” and “hoop” came together, resulting in the term “hula hooping.” Hoops spun their way through the cultures of pre-colonial America as well. Often considered as representing the circle of life, hoops featured prominently in the ritual dances of Native Americans. Dancers used small reed hoops as symbolic representations of animals such as eagles or snakes. With very rapid movements, they used the hoops to construct the symbolic forms around their bodies. The hula hoop gained international popularity in the late 1950s, when a plastic version was successfully marketed by California’s Wham-O toy company. Twenty-five million plastic hoops were sold in less than four months. The hula hoop “fad” is still going strong today."
學測英文,112,39,39,閱讀測驗：細節,A,A1,T5,E1,挖溝是為了排水、保護茶樹,Why do farmers in Assam dig trenches in tea gardens? (A) To protect tea trees. (B) To trap elephants. (C) To expand tea farms. (D) To mark boundaries of tea gardens.,"第39 至42 題為題組 When you enjoy your morning cup of tea, you are probably not aware that those tea leaves can mean injury, or even death, for Asian elephants roaming Indian tea gardens. In the Indian state of Assam, growing numbers of tea farms are destroying the Asian elephant’s habitats and endangering their population. Much of the forest land where tea is grown in Assam is flat and thus farmers must dig drainage trenches to prevent water from accumulating and hurting the shrubs. The trenches, however, can be death traps for the elephants. Since the elephants need to use tea plantations as landmarks when navigating forests, they almost inevitably have to move through the farms. Moreover, because there are fewer humans around, pregnant females often use tea-growing areas as safe shelters to give birth. But baby elephants, not used to negotiating rough ground, may easily fall into the trenches and get hurt; and once injured, they might not be able to climb out. When mothers try to dig their babies out, both may be trapped and smothered by thick mud. Furthermore, elephants are known to resist leaving their sick or dying behind, and a herd may linger at a trench with a trapped baby for hours, reluctant to move on until all hope is lost. Is it possible for elephants to coexist with the prosperous tea business? Elephant Friendly Tea is an organization that takes the initiative to make it possible. The organization encourages consumers to choose brands that take precautions to protect elephants and has set up a certification program to reward tea growers who are doing it right. Until now, only smaller tea brands have been certified, but awareness is growing. The organization believes that people may be motivated to buy elephant-friendly brands when they know more about the risk tea can pose to these endangered animals."
學測英文,112,40,39,閱讀測驗：細節,D,A1,T3,E1,小象不習慣在崎嶇地面行走,Why are baby elephants easily injured in the Assam tea gardens according to the passage? (A) They cannot find a safe shelter when climbing out of the trenches. (B) They cannot locate the landmarks while trying to navigate forests. (C) They are trapped by the sharp branches of the tea trees. (D) They have difficulties moving around the uneven fields.,"第39 至42 題為題組 When you enjoy your morning cup of tea, you are probably not aware that those tea leaves can mean injury, or even death, for Asian elephants roaming Indian tea gardens. In the Indian state of Assam, growing numbers of tea farms are destroying the Asian elephant’s habitats and endangering their population. Much of the forest land where tea is grown in Assam is flat and thus farmers must dig drainage trenches to prevent water from accumulating and hurting the shrubs. The trenches, however, can be death traps for the elephants. Since the elephants need to use tea plantations as landmarks when navigating forests, they almost inevitably have to move through the farms. Moreover, because there are fewer humans around, pregnant females often use tea-growing areas as safe shelters to give birth. But baby elephants, not used to negotiating rough ground, may easily fall into the trenches and get hurt; and once injured, they might not be able to climb out. When mothers try to dig their babies out, both may be trapped and smothered by thick mud. Furthermore, elephants are known to resist leaving their sick or dying behind, and a herd may linger at a trench with a trapped baby for hours, reluctant to move on until all hope is lost. Is it possible for elephants to coexist with the prosperous tea business? Elephant Friendly Tea is an organization that takes the initiative to make it possible. The organization encourages consumers to choose brands that take precautions to protect elephants and has set up a certification program to reward tea growers who are doing it right. Until now, only smaller tea brands have been certified, but awareness is growing. The organization believes that people may be motivated to buy elephant-friendly brands when they know more about the risk tea can pose to these endangered animals."
學測英文,112,41,39,閱讀測驗：細節,C,A1,T6,E1,象群不願丟下受困的同伴,Which of the following statements about elephants and the tea gardens is true according to the passage? (A) The elephants use the trenches to roam around the tea gardens. (B) The fast growth of the tea gardens destroys the elephants’ food source. (C) Elephants are unwilling to leave their injured members behind in the tea gardens. (D) Pregnant elephants avoid delivering babies in the tea gardens for fear of being disturbed.,"第39 至42 題為題組 When you enjoy your morning cup of tea, you are probably not aware that those tea leaves can mean injury, or even death, for Asian elephants roaming Indian tea gardens. In the Indian state of Assam, growing numbers of tea farms are destroying the Asian elephant’s habitats and endangering their population. Much of the forest land where tea is grown in Assam is flat and thus farmers must dig drainage trenches to prevent water from accumulating and hurting the shrubs. The trenches, however, can be death traps for the elephants. Since the elephants need to use tea plantations as landmarks when navigating forests, they almost inevitably have to move through the farms. Moreover, because there are fewer humans around, pregnant females often use tea-growing areas as safe shelters to give birth. But baby elephants, not used to negotiating rough ground, may easily fall into the trenches and get hurt; and once injured, they might not be able to climb out. When mothers try to dig their babies out, both may be trapped and smothered by thick mud. Furthermore, elephants are known to resist leaving their sick or dying behind, and a herd may linger at a trench with a trapped baby for hours, reluctant to move on until all hope is lost. Is it possible for elephants to coexist with the prosperous tea business? Elephant Friendly Tea is an organization that takes the initiative to make it possible. The organization encourages consumers to choose brands that take precautions to protect elephants and has set up a certification program to reward tea growers who are doing it right. Until now, only smaller tea brands have been certified, but awareness is growing. The organization believes that people may be motivated to buy elephant-friendly brands when they know more about the risk tea can pose to these endangered animals."
學測英文,112,42,39,閱讀測驗：指涉,D,B1,T3,E4,指涉：it 指讓大象與茶業共存,What does “it” in the last paragraph refer to? (A) To certify elephant-friendly trenches and organizations. (B) To reward tea growers for protecting the environment. (C) To encourage consumers to choose high-quality brands.,"第39 至42 題為題組 When you enjoy your morning cup of tea, you are probably not aware that those tea leaves can mean injury, or even death, for Asian elephants roaming Indian tea gardens. In the Indian state of Assam, growing numbers of tea farms are destroying the Asian elephant’s habitats and endangering their population. Much of the forest land where tea is grown in Assam is flat and thus farmers must dig drainage trenches to prevent water from accumulating and hurting the shrubs. The trenches, however, can be death traps for the elephants. Since the elephants need to use tea plantations as landmarks when navigating forests, they almost inevitably have to move through the farms. Moreover, because there are fewer humans around, pregnant females often use tea-growing areas as safe shelters to give birth. But baby elephants, not used to negotiating rough ground, may easily fall into the trenches and get hurt; and once injured, they might not be able to climb out. When mothers try to dig their babies out, both may be trapped and smothered by thick mud. Furthermore, elephants are known to resist leaving their sick or dying behind, and a herd may linger at a trench with a trapped baby for hours, reluctant to move on until all hope is lost. Is it possible for elephants to coexist with the prosperous tea business? Elephant Friendly Tea is an organization that takes the initiative to make it possible. The organization encourages consumers to choose brands that take precautions to protect elephants and has set up a certification program to reward tea growers who are doing it right. Until now, only smaller tea brands have been certified, but awareness is growing. The organization believes that people may be motivated to buy elephant-friendly brands when they know more about the risk tea can pose to these endangered animals."
學測英文,112,43,43,閱讀測驗：細節,C,A1,T6,E1,年代對應：亞洲商人比非洲定居者早幾個世紀,Which of the following is true about the earliest traders in Zanzibar? (A) The earliest traders arrived around 900 AD. (B) Most of the earliest merchants came from Africa. (C) Asian merchants arrived centuries before the African settlers. (D) Traders from Persia settled down permanently around 1000 AD.,"第43 至46 題為題組 Situated off the coast of Tanzania and washed by the warm, clean waters of the Indian Ocean, Zanzibar is a tropical archipelago comprised of several scattered islands. This popular beach destination is now famous for its white sand beaches, slender palms, and turquoise seas. But few people know that in the past, control of Zanzibar meant access to unimaginable wealth. From ancient times, Zanzibar has been a trading hotspot, thanks to its location on the trade route between Arabia and Africa. Traders from Asia had already visited the islands 900 years before the arrival of its first permanent settlers from the African mainland (around 1000 AD). In the 8th century, Persian merchants built settlements here, which grew over the next four centuries into their trading posts. Between the 12th and 15th centuries, trade increased between Arabia, Persia, and Zanzibar, bringing the archipelago both wealth and power. During the Age of Exploration, commerce in Zanzibar quickly boomed, largely due to the rise of the spice trade. At the close of the 15th century, Europeans’ craze for spices gave rise to the Spice Route, a network of sea lanes joining Europe with the Far East, where most spices came from. In 1498, Portuguese explorer Vasco da Gama made the first sea voyage to India, via the southernmost tip of Africa. In 1499, he arrived at Zanzibar, an archipelago sitting at the crossroads of the Spice Route. The islands soon attracted traders from different lands. Hundreds of ships sailing the Spice Route docked here, bringing spices and goods for transaction, and Zanzibar became one of the biggest trading centers in the world. Since the 16th century, Zanzibar has come under the rule of the Portuguese, the Arabians, and then the British, each leaving a mark on the place. The paths of various religions also crossed here: Muslims have lived peacefully with Christians and Buddhists on the islands for centuries. The unique cultural intersections, scented with the aroma of cloves, vanilla, and cinnamon floating in the air, give these jewels on the Indian Ocean an amazing charm that goes far beyond tropical beach fun."
學測英文,112,44,43,閱讀測驗：圖表判讀,B,B4,T3,E8,地圖：依「非洲外海、印度洋」找位置,"According to the passage, where is Zanzibar most likely located on the following map? North America Europe Asia ○ A Atlantic Pacific Pacific Ocean ○ Ocean C Ocean Africa ○ Indian B South Ocean America ○ D (A) A (B) B (C) C (D) D","第43 至46 題為題組 Situated off the coast of Tanzania and washed by the warm, clean waters of the Indian Ocean, Zanzibar is a tropical archipelago comprised of several scattered islands. This popular beach destination is now famous for its white sand beaches, slender palms, and turquoise seas. But few people know that in the past, control of Zanzibar meant access to unimaginable wealth. From ancient times, Zanzibar has been a trading hotspot, thanks to its location on the trade route between Arabia and Africa. Traders from Asia had already visited the islands 900 years before the arrival of its first permanent settlers from the African mainland (around 1000 AD). In the 8th century, Persian merchants built settlements here, which grew over the next four centuries into their trading posts. Between the 12th and 15th centuries, trade increased between Arabia, Persia, and Zanzibar, bringing the archipelago both wealth and power. During the Age of Exploration, commerce in Zanzibar quickly boomed, largely due to the rise of the spice trade. At the close of the 15th century, Europeans’ craze for spices gave rise to the Spice Route, a network of sea lanes joining Europe with the Far East, where most spices came from. In 1498, Portuguese explorer Vasco da Gama made the first sea voyage to India, via the southernmost tip of Africa. In 1499, he arrived at Zanzibar, an archipelago sitting at the crossroads of the Spice Route. The islands soon attracted traders from different lands. Hundreds of ships sailing the Spice Route docked here, bringing spices and goods for transaction, and Zanzibar became one of the biggest trading centers in the world. Since the 16th century, Zanzibar has come under the rule of the Portuguese, the Arabians, and then the British, each leaving a mark on the place. The paths of various religions also crossed here: Muslims have lived peacefully with Christians and Buddhists on the islands for centuries. The unique cultural intersections, scented with the aroma of cloves, vanilla, and cinnamon floating in the air, give these jewels on the Indian Ocean an amazing charm that goes far beyond tropical beach fun."
學測英文,112,45,43,閱讀測驗：推論,B,B2,T2,E5,由空氣中飄著丁香、香草、肉桂推知是常見香料,"Which of the following can be inferred from the passage about Zanzibar? (A) For centuries, Zanzibar has been a heaven for beach lovers. (B) Cloves, vanilla, and cinnamon are common spices in Zanzibar. (C) Besides spices, Zanzibar is well known for a great variety of jewelry. (D) Vasco da Gama was Zanzibar’s first foreign ruler during the Age of Exploration.","第43 至46 題為題組 Situated off the coast of Tanzania and washed by the warm, clean waters of the Indian Ocean, Zanzibar is a tropical archipelago comprised of several scattered islands. This popular beach destination is now famous for its white sand beaches, slender palms, and turquoise seas. But few people know that in the past, control of Zanzibar meant access to unimaginable wealth. From ancient times, Zanzibar has been a trading hotspot, thanks to its location on the trade route between Arabia and Africa. Traders from Asia had already visited the islands 900 years before the arrival of its first permanent settlers from the African mainland (around 1000 AD). In the 8th century, Persian merchants built settlements here, which grew over the next four centuries into their trading posts. Between the 12th and 15th centuries, trade increased between Arabia, Persia, and Zanzibar, bringing the archipelago both wealth and power. During the Age of Exploration, commerce in Zanzibar quickly boomed, largely due to the rise of the spice trade. At the close of the 15th century, Europeans’ craze for spices gave rise to the Spice Route, a network of sea lanes joining Europe with the Far East, where most spices came from. In 1498, Portuguese explorer Vasco da Gama made the first sea voyage to India, via the southernmost tip of Africa. In 1499, he arrived at Zanzibar, an archipelago sitting at the crossroads of the Spice Route. The islands soon attracted traders from different lands. Hundreds of ships sailing the Spice Route docked here, bringing spices and goods for transaction, and Zanzibar became one of the biggest trading centers in the world. Since the 16th century, Zanzibar has come under the rule of the Portuguese, the Arabians, and then the British, each leaving a mark on the place. The paths of various religions also crossed here: Muslims have lived peacefully with Christians and Buddhists on the islands for centuries. The unique cultural intersections, scented with the aroma of cloves, vanilla, and cinnamon floating in the air, give these jewels on the Indian Ocean an amazing charm that goes far beyond tropical beach fun."
學測英文,112,46,43,閱讀測驗：指涉,C,B1,T3,E4,指涉：archipelago、islands、jewels、destination 都指桑吉巴,"Which set of words is used in the passage to refer to Zanzibar? (A) islands, settlements, posts, crossroads (B) islands, posts, jewels, destination (C) archipelago, islands, jewels, destination (D) archipelago, settlements, paths, islands","第43 至46 題為題組 Situated off the coast of Tanzania and washed by the warm, clean waters of the Indian Ocean, Zanzibar is a tropical archipelago comprised of several scattered islands. This popular beach destination is now famous for its white sand beaches, slender palms, and turquoise seas. But few people know that in the past, control of Zanzibar meant access to unimaginable wealth. From ancient times, Zanzibar has been a trading hotspot, thanks to its location on the trade route between Arabia and Africa. Traders from Asia had already visited the islands 900 years before the arrival of its first permanent settlers from the African mainland (around 1000 AD). In the 8th century, Persian merchants built settlements here, which grew over the next four centuries into their trading posts. Between the 12th and 15th centuries, trade increased between Arabia, Persia, and Zanzibar, bringing the archipelago both wealth and power. During the Age of Exploration, commerce in Zanzibar quickly boomed, largely due to the rise of the spice trade. At the close of the 15th century, Europeans’ craze for spices gave rise to the Spice Route, a network of sea lanes joining Europe with the Far East, where most spices came from. In 1498, Portuguese explorer Vasco da Gama made the first sea voyage to India, via the southernmost tip of Africa. In 1499, he arrived at Zanzibar, an archipelago sitting at the crossroads of the Spice Route. The islands soon attracted traders from different lands. Hundreds of ships sailing the Spice Route docked here, bringing spices and goods for transaction, and Zanzibar became one of the biggest trading centers in the world. Since the 16th century, Zanzibar has come under the rule of the Portuguese, the Arabians, and then the British, each leaving a mark on the place. The paths of various religions also crossed here: Muslims have lived peacefully with Christians and Buddhists on the islands for centuries. The unique cultural intersections, scented with the aroma of cloves, vanilla, and cinnamon floating in the air, give these jewels on the Indian Ocean an amazing charm that goes far beyond tropical beach fun."
學測英文,112,47,47,混合題：填充,非選,B3,T0,E2,混合題填充：歸納討論的面向——口味、價格、健康,"47-48 請從文章中找出最適當的單詞（word）填入下列句子空格中，並視語法需要做適當的字形變 化。每格限填一個單詞（word）。（填充，4分） On the whole, the chatroom discussions about GreenBurger mainly focus on the issues of 47 , price, and 48 concerns.","第貳部分、混合題（占1 0 分） 說明︰本部分共有1題組，每一子題配分標於題末。限在答題卷標示題號的作答區內作答， 並以規定用筆作答。 Even if you’re not a vegetarian, there’s a good chance you’ve heard of plant-based meat. These meat substitutes are often advertised as beneficial for the environment. But do the customers really like them? Read the following chatroom discussions about GreenBurger, a product using alternative-meat patties. (A) Olivia That’s a firm NO! I tried one when I was a prep cook for Next Level Burgers…tasted awful, just like mashed peas gone to rot. (B) Smith I haven’t tried them. I just don’t see the point. They are heavily processed with more calories and sodium than meat and are more expensive too! Unless you are a strict vegetarian and eschew meat for ethical reasons, meat is surely a better deal. (C) Mika Not really. It tastes too much like actual meat. If I wanted to eat a dead cow, I would go for real burgers. Being vegan means I try to stick to plant food. But this is just not something that will ever interest me. (D) Thomas GreenBurger just tastes “beany” to me, so I think that whatever form it comes in, it works better in recipes that would usually contain beans, such as in a rice bowl (as ground meat substitute). That being said, I’m definitely a carnivore and prefer meat, but I don’t see anything wrong with choosing one of the fakey- fakey meaty things once in a while—just for a change. (E) Rico I finally tried one last week. It didn’t taste that bad, but I was surprised to find it had 40 more calories than the meat version! Isn’t it supposed to be a healthy choice? (F) Linda I liked it fine. I did NOT like the price, though. Hopefully that will come down. I’m trying to eat less beef. (G) Ablo Yes! My whole family does. We’ve been mostly vegan 90% of the time for the last 6 years and we cannot thank GreenBurger enough! Especially when a burger craving hits…a GreenBurger does the trick. I’ve tried all kinds of vegan “burgers,” and GreenBurgers are closer to what I’m looking for. In fact, I can have them every day—vegan or not! (H) Alexander Well, they taste good if you add plenty of spices and sauces. Good for you? No, not at all. They’re highly processed and contain no vegetables. They also contain a very large amount of processed coconut oil, which is even worse than lard. It’s a killer for sure if eaten regularly. So why risk your life?"
學測英文,112,48,47,混合題：填充,非選,B3,T0,E2,混合題填充：同上，兩格要搭配成完整句子,"47-48 請從文章中找出最適當的單詞（word）填入下列句子空格中，並視語法需要做適當的字形變 化。每格限填一個單詞（word）。（填充，4分） On the whole, the chatroom discussions about GreenBurger mainly focus on the issues of 47 , price, and 48 concerns.","第貳部分、混合題（占1 0 分） 說明︰本部分共有1題組，每一子題配分標於題末。限在答題卷標示題號的作答區內作答， 並以規定用筆作答。 Even if you’re not a vegetarian, there’s a good chance you’ve heard of plant-based meat. These meat substitutes are often advertised as beneficial for the environment. But do the customers really like them? Read the following chatroom discussions about GreenBurger, a product using alternative-meat patties. (A) Olivia That’s a firm NO! I tried one when I was a prep cook for Next Level Burgers…tasted awful, just like mashed peas gone to rot. (B) Smith I haven’t tried them. I just don’t see the point. They are heavily processed with more calories and sodium than meat and are more expensive too! Unless you are a strict vegetarian and eschew meat for ethical reasons, meat is surely a better deal. (C) Mika Not really. It tastes too much like actual meat. If I wanted to eat a dead cow, I would go for real burgers. Being vegan means I try to stick to plant food. But this is just not something that will ever interest me. (D) Thomas GreenBurger just tastes “beany” to me, so I think that whatever form it comes in, it works better in recipes that would usually contain beans, such as in a rice bowl (as ground meat substitute). That being said, I’m definitely a carnivore and prefer meat, but I don’t see anything wrong with choosing one of the fakey- fakey meaty things once in a while—just for a change. (E) Rico I finally tried one last week. It didn’t taste that bad, but I was surprised to find it had 40 more calories than the meat version! Isn’t it supposed to be a healthy choice? (F) Linda I liked it fine. I did NOT like the price, though. Hopefully that will come down. I’m trying to eat less beef. (G) Ablo Yes! My whole family does. We’ve been mostly vegan 90% of the time for the last 6 years and we cannot thank GreenBurger enough! Especially when a burger craving hits…a GreenBurger does the trick. I’ve tried all kinds of vegan “burgers,” and GreenBurgers are closer to what I’m looking for. In fact, I can have them every day—vegan or not! (H) Alexander Well, they taste good if you add plenty of spices and sauces. Good for you? No, not at all. They’re highly processed and contain no vegetables. They also contain a very large amount of processed coconut oil, which is even worse than lard. It’s a killer for sure if eaten regularly. So why risk your life?"
學測英文,112,49,47,混合題：多選,DF,B4,T3,E8,多選：只選「在某些情況下才會吃」的留言，逐則核對,"From (A) to (H) in the above chatroom discussions, which ones show that GreenBurger can be a choice for the chatroom participants themselves only under certain circumstances? （多選題，4分）","第貳部分、混合題（占1 0 分） 說明︰本部分共有1題組，每一子題配分標於題末。限在答題卷標示題號的作答區內作答， 並以規定用筆作答。 Even if you’re not a vegetarian, there’s a good chance you’ve heard of plant-based meat. These meat substitutes are often advertised as beneficial for the environment. But do the customers really like them? Read the following chatroom discussions about GreenBurger, a product using alternative-meat patties. (A) Olivia That’s a firm NO! I tried one when I was a prep cook for Next Level Burgers…tasted awful, just like mashed peas gone to rot. (B) Smith I haven’t tried them. I just don’t see the point. They are heavily processed with more calories and sodium than meat and are more expensive too! Unless you are a strict vegetarian and eschew meat for ethical reasons, meat is surely a better deal. (C) Mika Not really. It tastes too much like actual meat. If I wanted to eat a dead cow, I would go for real burgers. Being vegan means I try to stick to plant food. But this is just not something that will ever interest me. (D) Thomas GreenBurger just tastes “beany” to me, so I think that whatever form it comes in, it works better in recipes that would usually contain beans, such as in a rice bowl (as ground meat substitute). That being said, I’m definitely a carnivore and prefer meat, but I don’t see anything wrong with choosing one of the fakey- fakey meaty things once in a while—just for a change. (E) Rico I finally tried one last week. It didn’t taste that bad, but I was surprised to find it had 40 more calories than the meat version! Isn’t it supposed to be a healthy choice? (F) Linda I liked it fine. I did NOT like the price, though. Hopefully that will come down. I’m trying to eat less beef. (G) Ablo Yes! My whole family does. We’ve been mostly vegan 90% of the time for the last 6 years and we cannot thank GreenBurger enough! Especially when a burger craving hits…a GreenBurger does the trick. I’ve tried all kinds of vegan “burgers,” and GreenBurgers are closer to what I’m looking for. In fact, I can have them every day—vegan or not! (H) Alexander Well, they taste good if you add plenty of spices and sauces. Good for you? No, not at all. They’re highly processed and contain no vegetables. They also contain a very large amount of processed coconut oil, which is even worse than lard. It’s a killer for sure if eaten regularly. So why risk your life?"
學測英文,112,50,47,混合題：簡答,非選,A2,T0,E3,混合題簡答：找出意思是「奏效」的片語,Which phrase in the chatroom discussions means “serves the purpose” or “works well” ?（簡答，2分） 背面尚有試題,"第貳部分、混合題（占1 0 分） 說明︰本部分共有1題組，每一子題配分標於題末。限在答題卷標示題號的作答區內作答， 並以規定用筆作答。 Even if you’re not a vegetarian, there’s a good chance you’ve heard of plant-based meat. These meat substitutes are often advertised as beneficial for the environment. But do the customers really like them? Read the following chatroom discussions about GreenBurger, a product using alternative-meat patties. (A) Olivia That’s a firm NO! I tried one when I was a prep cook for Next Level Burgers…tasted awful, just like mashed peas gone to rot. (B) Smith I haven’t tried them. I just don’t see the point. They are heavily processed with more calories and sodium than meat and are more expensive too! Unless you are a strict vegetarian and eschew meat for ethical reasons, meat is surely a better deal. (C) Mika Not really. It tastes too much like actual meat. If I wanted to eat a dead cow, I would go for real burgers. Being vegan means I try to stick to plant food. But this is just not something that will ever interest me. (D) Thomas GreenBurger just tastes “beany” to me, so I think that whatever form it comes in, it works better in recipes that would usually contain beans, such as in a rice bowl (as ground meat substitute). That being said, I’m definitely a carnivore and prefer meat, but I don’t see anything wrong with choosing one of the fakey- fakey meaty things once in a while—just for a change. (E) Rico I finally tried one last week. It didn’t taste that bad, but I was surprised to find it had 40 more calories than the meat version! Isn’t it supposed to be a healthy choice? (F) Linda I liked it fine. I did NOT like the price, though. Hopefully that will come down. I’m trying to eat less beef. (G) Ablo Yes! My whole family does. We’ve been mostly vegan 90% of the time for the last 6 years and we cannot thank GreenBurger enough! Especially when a burger craving hits…a GreenBurger does the trick. I’ve tried all kinds of vegan “burgers,” and GreenBurgers are closer to what I’m looking for. In fact, I can have them every day—vegan or not! (H) Alexander Well, they taste good if you add plenty of spices and sauces. Good for you? No, not at all. They’re highly processed and contain no vegetables. They also contain a very large amount of processed coconut oil, which is even worse than lard. It’s a killer for sure if eaten regularly. So why risk your life?"
學測英文,113,1,,詞彙：slender,B,K1,T7,E10,a slender figure：苗條的身材,People who desire a ______ figure should exercise regularly and maintain healthy eating habits. (A) spicy (B) slender (C) slight (D) slippery,
學測英文,113,2,,詞彙：emerging,A,K1,T7,E10,the sun emerging from a sea of clouds：日出雲海,Watching the sun ______ from a sea of clouds is a must-do activity for all visitors to Ali Mountain. (A) emerging (B) flashing (C) rushing (D) floating,
學測英文,113,3,,詞彙：due,B,K1,T7,E10,be due：公車「預定到達」的時間,Do you know what time the next bus is ______? I’ve been waiting here for more than 30 minutes. (A) apt (B) due (C) bound (D) docked,
學測英文,113,4,,詞彙：humidity,B,K1,T7,E10,high humidity：濕度高，所以黏膩,"The roasting heat and high ______ made me feel hot and sticky, no matter what I did to cool off. (A) density (B) humidity (C) circulation (D) atmosphere",
學測英文,113,5,,詞彙：stand,D,K1,T7,E10,stand the test of time：經得起時間考驗,Artwork created by truly great artists such as Picasso and Monet will no doubt ______ the test of time. (A) stay (B) take (C) serve (D) stand,
學測英文,113,6,,詞彙：compulsory,C,K1,T7,E10,compulsory：只有男性「必須」服兵役,"In some countries, military service is ______ for men only; women do not have to serve in the military. (A) forceful (B) realistic (C) compulsory (D) distinctive",
學測英文,113,7,,詞彙：credit,D,K1,T7,E10,take the credit：搶功勞,The team complained that its leader always took the ______ for all the hard work done by the team members. (A) advantage (B) revenge (C) remedy (D) credit,
學測英文,113,8,,詞彙：promises,C,K1,T7,E10,promise good service：保證有好的服務,"Located at the center of the city, the business hotel ______ not only good service but also convenient public transport. (A) proposes (B) contains (C) promises (D) confirms",
學測英文,113,9,,詞彙：appeal,A,K1,T7,E10,make an appeal for：呼籲捐血,"As blood supplies have fallen to a critically low level, many hospitals are making an ______ for the public to donate blood. (A) appeal (B) approach (C) operation (D) observation",
學測英文,113,10,,詞彙：randomly,B,K1,T6,E10,不能自己選組員，而是「隨機」分組,"David felt disappointed when he found out that he could not choose his study partners, but would be ______ placed in a study group. (D) consequently (A) eligibly (B) randomly (C) apparently",
學測英文,113,11,11,綜合測驗：pose as,B,K1,T7,E11,pose as regular customers：假扮一般顧客,(A) call for (B) pose as (C) attend to (D) engage in,"第11 至15 題為題組 Mystery shoppers are paid consumers who are hired to shop in stores and collect data. They are sent to a wide variety of service-based businesses, including stores, restaurants, and banks—potentially anywhere customers are served. Sometimes referred to as secret shoppers, mystery shoppers 11 regular customers to purchase items, eat in restaurants, make inquiries, or return items. They grade and report on the quality of products, customer service, and environment of the stores 12 they are assigned. When evaluating a business, mystery shoppers have to follow certain standard procedures to avoid 13 . They are often given a checklist that provides directions on what to observe or look out for to ensure consistency. Sometimes these shoppers collect data about their “normal” observations, such as cleanliness of the store or timeliness of the service. They may also pretend to be 14 customers, arguing with a salesperson without a good reason. With the data they collect, mystery shoppers can identify areas for 15 and thereby help enhance the quality of products and services. In this way, these secret shoppers may help a business gain a competitive edge."
學測英文,113,12,11,綜合測驗：to which,D,K2,T8,E12,be assigned to the stores：介系詞 to 移到關係代名詞前,(A) in that (B) with which (C) for that (D) to which,"第11 至15 題為題組 Mystery shoppers are paid consumers who are hired to shop in stores and collect data. They are sent to a wide variety of service-based businesses, including stores, restaurants, and banks—potentially anywhere customers are served. Sometimes referred to as secret shoppers, mystery shoppers 11 regular customers to purchase items, eat in restaurants, make inquiries, or return items. They grade and report on the quality of products, customer service, and environment of the stores 12 they are assigned. When evaluating a business, mystery shoppers have to follow certain standard procedures to avoid 13 . They are often given a checklist that provides directions on what to observe or look out for to ensure consistency. Sometimes these shoppers collect data about their “normal” observations, such as cleanliness of the store or timeliness of the service. They may also pretend to be 14 customers, arguing with a salesperson without a good reason. With the data they collect, mystery shoppers can identify areas for 15 and thereby help enhance the quality of products and services. In this way, these secret shoppers may help a business gain a competitive edge."
學測英文,113,13,11,綜合測驗：personal bias,D,K1,T6,E11,按標準程序，是為了避免「個人偏見」,(A) keen competitions (B) financial hardship (C) racial conflicts (D) personal bias,"第11 至15 題為題組 Mystery shoppers are paid consumers who are hired to shop in stores and collect data. They are sent to a wide variety of service-based businesses, including stores, restaurants, and banks—potentially anywhere customers are served. Sometimes referred to as secret shoppers, mystery shoppers 11 regular customers to purchase items, eat in restaurants, make inquiries, or return items. They grade and report on the quality of products, customer service, and environment of the stores 12 they are assigned. When evaluating a business, mystery shoppers have to follow certain standard procedures to avoid 13 . They are often given a checklist that provides directions on what to observe or look out for to ensure consistency. Sometimes these shoppers collect data about their “normal” observations, such as cleanliness of the store or timeliness of the service. They may also pretend to be 14 customers, arguing with a salesperson without a good reason. With the data they collect, mystery shoppers can identify areas for 15 and thereby help enhance the quality of products and services. In this way, these secret shoppers may help a business gain a competitive edge."
學測英文,113,14,11,綜合測驗：difficult,A,K1,T7,E11,difficult customers：難搞的顧客，無理取鬧,(A) difficult (B) potential (C) constant (D) anonymous,"第11 至15 題為題組 Mystery shoppers are paid consumers who are hired to shop in stores and collect data. They are sent to a wide variety of service-based businesses, including stores, restaurants, and banks—potentially anywhere customers are served. Sometimes referred to as secret shoppers, mystery shoppers 11 regular customers to purchase items, eat in restaurants, make inquiries, or return items. They grade and report on the quality of products, customer service, and environment of the stores 12 they are assigned. When evaluating a business, mystery shoppers have to follow certain standard procedures to avoid 13 . They are often given a checklist that provides directions on what to observe or look out for to ensure consistency. Sometimes these shoppers collect data about their “normal” observations, such as cleanliness of the store or timeliness of the service. They may also pretend to be 14 customers, arguing with a salesperson without a good reason. With the data they collect, mystery shoppers can identify areas for 15 and thereby help enhance the quality of products and services. In this way, these secret shoppers may help a business gain a competitive edge."
學測英文,113,15,11,綜合測驗：improvement,C,K1,T7,E11,areas for improvement：需要改進之處,(A) distribution (B) expectation (C) improvement (D) management,"第11 至15 題為題組 Mystery shoppers are paid consumers who are hired to shop in stores and collect data. They are sent to a wide variety of service-based businesses, including stores, restaurants, and banks—potentially anywhere customers are served. Sometimes referred to as secret shoppers, mystery shoppers 11 regular customers to purchase items, eat in restaurants, make inquiries, or return items. They grade and report on the quality of products, customer service, and environment of the stores 12 they are assigned. When evaluating a business, mystery shoppers have to follow certain standard procedures to avoid 13 . They are often given a checklist that provides directions on what to observe or look out for to ensure consistency. Sometimes these shoppers collect data about their “normal” observations, such as cleanliness of the store or timeliness of the service. They may also pretend to be 14 customers, arguing with a salesperson without a good reason. With the data they collect, mystery shoppers can identify areas for 15 and thereby help enhance the quality of products and services. In this way, these secret shoppers may help a business gain a competitive edge."
學測英文,113,16,16,綜合測驗：could have used,B,K2,T8,E12,過去可以做卻沒做：could have used,(A) must be using (B) could have used (C) had hardly used (D) were mostly using,"第16 至20 題為題組 The modern worker rolls out of bed, groans, and turns off an alarm clock before reluctantly getting up for the day’s work. But how did people get to work on time before alarm clocks were widely used? During the second Industrial Age, people toiled at unusual hours in mines or factories and often had to get up for work early in the morning. They 16 alarm clocks because adjustable alarms had been invented by the mid-19th century. But the new device was still relatively expensive and unreliable. British workers thus relied on a human alarm clock known as a “knocker-up.” 17 sticks or pea shooters, the human alarms would tour the streets, tap on windows, or blast them with dried peas, trying to wake paying customers in time for work. Whether they wielded rods or pea shooters, knockers-up became 18 throughout the United Kingdom. Every morning, these people, often older in age, were seen in big streets and small alleys, waking up their customers professionally. They usually would not leave people’s houses until they were sure their customers were awake. While the practice continued in some parts of the country until the 1970s, it 19 as alarm clocks became more widespread and affordable. Today, beeping alarm clocks and smartphones that play morning music are surely simpler and more convenient. However, they cannot 20 the personal attention coming from the distinctive tap of a pea shooter."
學測英文,113,17,16,綜合測驗：Equipped with,C,K1,T7,E11,Equipped with sticks：帶著棍子,(A) Aimed at (B) Trained for (C) Equipped with (D) Exhausted by,"第16 至20 題為題組 The modern worker rolls out of bed, groans, and turns off an alarm clock before reluctantly getting up for the day’s work. But how did people get to work on time before alarm clocks were widely used? During the second Industrial Age, people toiled at unusual hours in mines or factories and often had to get up for work early in the morning. They 16 alarm clocks because adjustable alarms had been invented by the mid-19th century. But the new device was still relatively expensive and unreliable. British workers thus relied on a human alarm clock known as a “knocker-up.” 17 sticks or pea shooters, the human alarms would tour the streets, tap on windows, or blast them with dried peas, trying to wake paying customers in time for work. Whether they wielded rods or pea shooters, knockers-up became 18 throughout the United Kingdom. Every morning, these people, often older in age, were seen in big streets and small alleys, waking up their customers professionally. They usually would not leave people’s houses until they were sure their customers were awake. While the practice continued in some parts of the country until the 1970s, it 19 as alarm clocks became more widespread and affordable. Today, beeping alarm clocks and smartphones that play morning music are surely simpler and more convenient. However, they cannot 20 the personal attention coming from the distinctive tap of a pea shooter."
學測英文,113,18,16,綜合測驗：familiar presences,A,K1,T6,E11,每天早上都看得到他們：familiar presences,(A) familiar presences (B) distant memories (C) vague images (D) public eyesores,"第16 至20 題為題組 The modern worker rolls out of bed, groans, and turns off an alarm clock before reluctantly getting up for the day’s work. But how did people get to work on time before alarm clocks were widely used? During the second Industrial Age, people toiled at unusual hours in mines or factories and often had to get up for work early in the morning. They 16 alarm clocks because adjustable alarms had been invented by the mid-19th century. But the new device was still relatively expensive and unreliable. British workers thus relied on a human alarm clock known as a “knocker-up.” 17 sticks or pea shooters, the human alarms would tour the streets, tap on windows, or blast them with dried peas, trying to wake paying customers in time for work. Whether they wielded rods or pea shooters, knockers-up became 18 throughout the United Kingdom. Every morning, these people, often older in age, were seen in big streets and small alleys, waking up their customers professionally. They usually would not leave people’s houses until they were sure their customers were awake. While the practice continued in some parts of the country until the 1970s, it 19 as alarm clocks became more widespread and affordable. Today, beeping alarm clocks and smartphones that play morning music are surely simpler and more convenient. However, they cannot 20 the personal attention coming from the distinctive tap of a pea shooter."
學測英文,113,19,16,綜合測驗：declined,D,K1,T6,E11,鬧鐘普及後，這個行業「衰退」declined,(A) remained (B) dismissed (C) revised (D) declined,"第16 至20 題為題組 The modern worker rolls out of bed, groans, and turns off an alarm clock before reluctantly getting up for the day’s work. But how did people get to work on time before alarm clocks were widely used? During the second Industrial Age, people toiled at unusual hours in mines or factories and often had to get up for work early in the morning. They 16 alarm clocks because adjustable alarms had been invented by the mid-19th century. But the new device was still relatively expensive and unreliable. British workers thus relied on a human alarm clock known as a “knocker-up.” 17 sticks or pea shooters, the human alarms would tour the streets, tap on windows, or blast them with dried peas, trying to wake paying customers in time for work. Whether they wielded rods or pea shooters, knockers-up became 18 throughout the United Kingdom. Every morning, these people, often older in age, were seen in big streets and small alleys, waking up their customers professionally. They usually would not leave people’s houses until they were sure their customers were awake. While the practice continued in some parts of the country until the 1970s, it 19 as alarm clocks became more widespread and affordable. Today, beeping alarm clocks and smartphones that play morning music are surely simpler and more convenient. However, they cannot 20 the personal attention coming from the distinctive tap of a pea shooter."
學測英文,113,20,16,綜合測驗：match,C,K1,T7,E11,cannot match the personal attention：比不上,(A) forget (B) change (C) match (D) regret,"第16 至20 題為題組 The modern worker rolls out of bed, groans, and turns off an alarm clock before reluctantly getting up for the day’s work. But how did people get to work on time before alarm clocks were widely used? During the second Industrial Age, people toiled at unusual hours in mines or factories and often had to get up for work early in the morning. They 16 alarm clocks because adjustable alarms had been invented by the mid-19th century. But the new device was still relatively expensive and unreliable. British workers thus relied on a human alarm clock known as a “knocker-up.” 17 sticks or pea shooters, the human alarms would tour the streets, tap on windows, or blast them with dried peas, trying to wake paying customers in time for work. Whether they wielded rods or pea shooters, knockers-up became 18 throughout the United Kingdom. Every morning, these people, often older in age, were seen in big streets and small alleys, waking up their customers professionally. They usually would not leave people’s houses until they were sure their customers were awake. While the practice continued in some parts of the country until the 1970s, it 19 as alarm clocks became more widespread and affordable. Today, beeping alarm clocks and smartphones that play morning music are surely simpler and more convenient. However, they cannot 20 the personal attention coming from the distinctive tap of a pea shooter."
學測英文,113,21,21,文意選填：departed,E,K1,T7,E9,departed loved ones：過世的親人,,"第21 至30 題為題組 On a hilltop overlooking the 2011-tsunami hit Otsuchi Town in northeastern Japan, there is a white phone booth standing all alone in the wind. The lonely “wind phone” serves to connect family members to their 21 loved ones who died in the tsunami that claimed 18,000 lives. People come to speak to those they have lost, to say the words they never got to say on that 22 day. The idea for the wind phone was first 23 by a Japanese garden designer named Itaru Sasaki, who was grieving over the death of his cousin in 2010, before the tsunami. Feeling that he needed a private space to help him navigate through the 24 , Sasaki positioned a booth where he could “speak” to the dead relative. The booth he built 25 only an old dial phone with a disconnected phone line. When he stepped into the booth, he could pick up the phone to call his cousin, telling him how he was, and how he missed him. Sasaki stated in an interview: “Because my thoughts couldn’t be 26 through a regular phone line, I wanted them to be carried on the wind.” Hence, the wind phone allows Sasaki to create a one- way conversation with deep, soulful personal meaning, and renders the grieving process more 27 for him. Sasaki opened his wind phone to the public in 2011, after the devastating tsunami. News about the phone gradually spread, and the booth has become a 28 between the living and the dead. Phones resembling the wind phone have since been built around the world. Some were even set up to allow people to call their loved ones lost in the COVID-19 pandemic. Grieving is a natural 29 for coping with loss of a loved one, and people grieve in various ways. For those who speak into the wind phone, 30 is always there: They believe that their messages will— through some unknown way—reach the deceased. (A) passed on (B) bridge (C) sorrow (D) hope (E) departed (F) mechanism (G) housed (H) manageable (I) fateful (J) brought forth"
學測英文,113,22,21,文意選填：fateful,I,K1,T7,E9,that fateful day：那個不幸的日子,,"第21 至30 題為題組 On a hilltop overlooking the 2011-tsunami hit Otsuchi Town in northeastern Japan, there is a white phone booth standing all alone in the wind. The lonely “wind phone” serves to connect family members to their 21 loved ones who died in the tsunami that claimed 18,000 lives. People come to speak to those they have lost, to say the words they never got to say on that 22 day. The idea for the wind phone was first 23 by a Japanese garden designer named Itaru Sasaki, who was grieving over the death of his cousin in 2010, before the tsunami. Feeling that he needed a private space to help him navigate through the 24 , Sasaki positioned a booth where he could “speak” to the dead relative. The booth he built 25 only an old dial phone with a disconnected phone line. When he stepped into the booth, he could pick up the phone to call his cousin, telling him how he was, and how he missed him. Sasaki stated in an interview: “Because my thoughts couldn’t be 26 through a regular phone line, I wanted them to be carried on the wind.” Hence, the wind phone allows Sasaki to create a one- way conversation with deep, soulful personal meaning, and renders the grieving process more 27 for him. Sasaki opened his wind phone to the public in 2011, after the devastating tsunami. News about the phone gradually spread, and the booth has become a 28 between the living and the dead. Phones resembling the wind phone have since been built around the world. Some were even set up to allow people to call their loved ones lost in the COVID-19 pandemic. Grieving is a natural 29 for coping with loss of a loved one, and people grieve in various ways. For those who speak into the wind phone, 30 is always there: They believe that their messages will— through some unknown way—reach the deceased. (A) passed on (B) bridge (C) sorrow (D) hope (E) departed (F) mechanism (G) housed (H) manageable (I) fateful (J) brought forth"
學測英文,113,23,21,文意選填：brought forth,J,K1,T7,E9,was first brought forth by：由某人最先提出,,"第21 至30 題為題組 On a hilltop overlooking the 2011-tsunami hit Otsuchi Town in northeastern Japan, there is a white phone booth standing all alone in the wind. The lonely “wind phone” serves to connect family members to their 21 loved ones who died in the tsunami that claimed 18,000 lives. People come to speak to those they have lost, to say the words they never got to say on that 22 day. The idea for the wind phone was first 23 by a Japanese garden designer named Itaru Sasaki, who was grieving over the death of his cousin in 2010, before the tsunami. Feeling that he needed a private space to help him navigate through the 24 , Sasaki positioned a booth where he could “speak” to the dead relative. The booth he built 25 only an old dial phone with a disconnected phone line. When he stepped into the booth, he could pick up the phone to call his cousin, telling him how he was, and how he missed him. Sasaki stated in an interview: “Because my thoughts couldn’t be 26 through a regular phone line, I wanted them to be carried on the wind.” Hence, the wind phone allows Sasaki to create a one- way conversation with deep, soulful personal meaning, and renders the grieving process more 27 for him. Sasaki opened his wind phone to the public in 2011, after the devastating tsunami. News about the phone gradually spread, and the booth has become a 28 between the living and the dead. Phones resembling the wind phone have since been built around the world. Some were even set up to allow people to call their loved ones lost in the COVID-19 pandemic. Grieving is a natural 29 for coping with loss of a loved one, and people grieve in various ways. For those who speak into the wind phone, 30 is always there: They believe that their messages will— through some unknown way—reach the deceased. (A) passed on (B) bridge (C) sorrow (D) hope (E) departed (F) mechanism (G) housed (H) manageable (I) fateful (J) brought forth"
學測英文,113,24,21,文意選填：sorrow,C,K1,T7,E9,navigate through the sorrow：度過悲傷,,"第21 至30 題為題組 On a hilltop overlooking the 2011-tsunami hit Otsuchi Town in northeastern Japan, there is a white phone booth standing all alone in the wind. The lonely “wind phone” serves to connect family members to their 21 loved ones who died in the tsunami that claimed 18,000 lives. People come to speak to those they have lost, to say the words they never got to say on that 22 day. The idea for the wind phone was first 23 by a Japanese garden designer named Itaru Sasaki, who was grieving over the death of his cousin in 2010, before the tsunami. Feeling that he needed a private space to help him navigate through the 24 , Sasaki positioned a booth where he could “speak” to the dead relative. The booth he built 25 only an old dial phone with a disconnected phone line. When he stepped into the booth, he could pick up the phone to call his cousin, telling him how he was, and how he missed him. Sasaki stated in an interview: “Because my thoughts couldn’t be 26 through a regular phone line, I wanted them to be carried on the wind.” Hence, the wind phone allows Sasaki to create a one- way conversation with deep, soulful personal meaning, and renders the grieving process more 27 for him. Sasaki opened his wind phone to the public in 2011, after the devastating tsunami. News about the phone gradually spread, and the booth has become a 28 between the living and the dead. Phones resembling the wind phone have since been built around the world. Some were even set up to allow people to call their loved ones lost in the COVID-19 pandemic. Grieving is a natural 29 for coping with loss of a loved one, and people grieve in various ways. For those who speak into the wind phone, 30 is always there: They believe that their messages will— through some unknown way—reach the deceased. (A) passed on (B) bridge (C) sorrow (D) hope (E) departed (F) mechanism (G) housed (H) manageable (I) fateful (J) brought forth"
學測英文,113,25,21,文意選填：housed,G,K1,T7,E9,housed only an old phone：亭子裡只放了一支舊電話,,"第21 至30 題為題組 On a hilltop overlooking the 2011-tsunami hit Otsuchi Town in northeastern Japan, there is a white phone booth standing all alone in the wind. The lonely “wind phone” serves to connect family members to their 21 loved ones who died in the tsunami that claimed 18,000 lives. People come to speak to those they have lost, to say the words they never got to say on that 22 day. The idea for the wind phone was first 23 by a Japanese garden designer named Itaru Sasaki, who was grieving over the death of his cousin in 2010, before the tsunami. Feeling that he needed a private space to help him navigate through the 24 , Sasaki positioned a booth where he could “speak” to the dead relative. The booth he built 25 only an old dial phone with a disconnected phone line. When he stepped into the booth, he could pick up the phone to call his cousin, telling him how he was, and how he missed him. Sasaki stated in an interview: “Because my thoughts couldn’t be 26 through a regular phone line, I wanted them to be carried on the wind.” Hence, the wind phone allows Sasaki to create a one- way conversation with deep, soulful personal meaning, and renders the grieving process more 27 for him. Sasaki opened his wind phone to the public in 2011, after the devastating tsunami. News about the phone gradually spread, and the booth has become a 28 between the living and the dead. Phones resembling the wind phone have since been built around the world. Some were even set up to allow people to call their loved ones lost in the COVID-19 pandemic. Grieving is a natural 29 for coping with loss of a loved one, and people grieve in various ways. For those who speak into the wind phone, 30 is always there: They believe that their messages will— through some unknown way—reach the deceased. (A) passed on (B) bridge (C) sorrow (D) hope (E) departed (F) mechanism (G) housed (H) manageable (I) fateful (J) brought forth"
學測英文,113,26,21,文意選填：passed on,A,K1,T7,E9,be passed on：想法無法透過電話線「傳達」,,"第21 至30 題為題組 On a hilltop overlooking the 2011-tsunami hit Otsuchi Town in northeastern Japan, there is a white phone booth standing all alone in the wind. The lonely “wind phone” serves to connect family members to their 21 loved ones who died in the tsunami that claimed 18,000 lives. People come to speak to those they have lost, to say the words they never got to say on that 22 day. The idea for the wind phone was first 23 by a Japanese garden designer named Itaru Sasaki, who was grieving over the death of his cousin in 2010, before the tsunami. Feeling that he needed a private space to help him navigate through the 24 , Sasaki positioned a booth where he could “speak” to the dead relative. The booth he built 25 only an old dial phone with a disconnected phone line. When he stepped into the booth, he could pick up the phone to call his cousin, telling him how he was, and how he missed him. Sasaki stated in an interview: “Because my thoughts couldn’t be 26 through a regular phone line, I wanted them to be carried on the wind.” Hence, the wind phone allows Sasaki to create a one- way conversation with deep, soulful personal meaning, and renders the grieving process more 27 for him. Sasaki opened his wind phone to the public in 2011, after the devastating tsunami. News about the phone gradually spread, and the booth has become a 28 between the living and the dead. Phones resembling the wind phone have since been built around the world. Some were even set up to allow people to call their loved ones lost in the COVID-19 pandemic. Grieving is a natural 29 for coping with loss of a loved one, and people grieve in various ways. For those who speak into the wind phone, 30 is always there: They believe that their messages will— through some unknown way—reach the deceased. (A) passed on (B) bridge (C) sorrow (D) hope (E) departed (F) mechanism (G) housed (H) manageable (I) fateful (J) brought forth"
學測英文,113,27,21,文意選填：manageable,H,K1,T7,E9,make the grieving process more manageable：比較能承受,,"第21 至30 題為題組 On a hilltop overlooking the 2011-tsunami hit Otsuchi Town in northeastern Japan, there is a white phone booth standing all alone in the wind. The lonely “wind phone” serves to connect family members to their 21 loved ones who died in the tsunami that claimed 18,000 lives. People come to speak to those they have lost, to say the words they never got to say on that 22 day. The idea for the wind phone was first 23 by a Japanese garden designer named Itaru Sasaki, who was grieving over the death of his cousin in 2010, before the tsunami. Feeling that he needed a private space to help him navigate through the 24 , Sasaki positioned a booth where he could “speak” to the dead relative. The booth he built 25 only an old dial phone with a disconnected phone line. When he stepped into the booth, he could pick up the phone to call his cousin, telling him how he was, and how he missed him. Sasaki stated in an interview: “Because my thoughts couldn’t be 26 through a regular phone line, I wanted them to be carried on the wind.” Hence, the wind phone allows Sasaki to create a one- way conversation with deep, soulful personal meaning, and renders the grieving process more 27 for him. Sasaki opened his wind phone to the public in 2011, after the devastating tsunami. News about the phone gradually spread, and the booth has become a 28 between the living and the dead. Phones resembling the wind phone have since been built around the world. Some were even set up to allow people to call their loved ones lost in the COVID-19 pandemic. Grieving is a natural 29 for coping with loss of a loved one, and people grieve in various ways. For those who speak into the wind phone, 30 is always there: They believe that their messages will— through some unknown way—reach the deceased. (A) passed on (B) bridge (C) sorrow (D) hope (E) departed (F) mechanism (G) housed (H) manageable (I) fateful (J) brought forth"
學測英文,113,28,21,文意選填：bridge,B,K1,T1,E9,a bridge between the living and the dead：連結生者與死者的橋樑,,"第21 至30 題為題組 On a hilltop overlooking the 2011-tsunami hit Otsuchi Town in northeastern Japan, there is a white phone booth standing all alone in the wind. The lonely “wind phone” serves to connect family members to their 21 loved ones who died in the tsunami that claimed 18,000 lives. People come to speak to those they have lost, to say the words they never got to say on that 22 day. The idea for the wind phone was first 23 by a Japanese garden designer named Itaru Sasaki, who was grieving over the death of his cousin in 2010, before the tsunami. Feeling that he needed a private space to help him navigate through the 24 , Sasaki positioned a booth where he could “speak” to the dead relative. The booth he built 25 only an old dial phone with a disconnected phone line. When he stepped into the booth, he could pick up the phone to call his cousin, telling him how he was, and how he missed him. Sasaki stated in an interview: “Because my thoughts couldn’t be 26 through a regular phone line, I wanted them to be carried on the wind.” Hence, the wind phone allows Sasaki to create a one- way conversation with deep, soulful personal meaning, and renders the grieving process more 27 for him. Sasaki opened his wind phone to the public in 2011, after the devastating tsunami. News about the phone gradually spread, and the booth has become a 28 between the living and the dead. Phones resembling the wind phone have since been built around the world. Some were even set up to allow people to call their loved ones lost in the COVID-19 pandemic. Grieving is a natural 29 for coping with loss of a loved one, and people grieve in various ways. For those who speak into the wind phone, 30 is always there: They believe that their messages will— through some unknown way—reach the deceased. (A) passed on (B) bridge (C) sorrow (D) hope (E) departed (F) mechanism (G) housed (H) manageable (I) fateful (J) brought forth"
學測英文,113,29,21,文意選填：mechanism,F,K1,T7,E9,a natural mechanism for coping with loss：自然的調適機制,,"第21 至30 題為題組 On a hilltop overlooking the 2011-tsunami hit Otsuchi Town in northeastern Japan, there is a white phone booth standing all alone in the wind. The lonely “wind phone” serves to connect family members to their 21 loved ones who died in the tsunami that claimed 18,000 lives. People come to speak to those they have lost, to say the words they never got to say on that 22 day. The idea for the wind phone was first 23 by a Japanese garden designer named Itaru Sasaki, who was grieving over the death of his cousin in 2010, before the tsunami. Feeling that he needed a private space to help him navigate through the 24 , Sasaki positioned a booth where he could “speak” to the dead relative. The booth he built 25 only an old dial phone with a disconnected phone line. When he stepped into the booth, he could pick up the phone to call his cousin, telling him how he was, and how he missed him. Sasaki stated in an interview: “Because my thoughts couldn’t be 26 through a regular phone line, I wanted them to be carried on the wind.” Hence, the wind phone allows Sasaki to create a one- way conversation with deep, soulful personal meaning, and renders the grieving process more 27 for him. Sasaki opened his wind phone to the public in 2011, after the devastating tsunami. News about the phone gradually spread, and the booth has become a 28 between the living and the dead. Phones resembling the wind phone have since been built around the world. Some were even set up to allow people to call their loved ones lost in the COVID-19 pandemic. Grieving is a natural 29 for coping with loss of a loved one, and people grieve in various ways. For those who speak into the wind phone, 30 is always there: They believe that their messages will— through some unknown way—reach the deceased. (A) passed on (B) bridge (C) sorrow (D) hope (E) departed (F) mechanism (G) housed (H) manageable (I) fateful (J) brought forth"
學測英文,113,30,21,文意選填：hope,D,K1,T7,E9,hope is always there：心中始終懷著希望,,"第21 至30 題為題組 On a hilltop overlooking the 2011-tsunami hit Otsuchi Town in northeastern Japan, there is a white phone booth standing all alone in the wind. The lonely “wind phone” serves to connect family members to their 21 loved ones who died in the tsunami that claimed 18,000 lives. People come to speak to those they have lost, to say the words they never got to say on that 22 day. The idea for the wind phone was first 23 by a Japanese garden designer named Itaru Sasaki, who was grieving over the death of his cousin in 2010, before the tsunami. Feeling that he needed a private space to help him navigate through the 24 , Sasaki positioned a booth where he could “speak” to the dead relative. The booth he built 25 only an old dial phone with a disconnected phone line. When he stepped into the booth, he could pick up the phone to call his cousin, telling him how he was, and how he missed him. Sasaki stated in an interview: “Because my thoughts couldn’t be 26 through a regular phone line, I wanted them to be carried on the wind.” Hence, the wind phone allows Sasaki to create a one- way conversation with deep, soulful personal meaning, and renders the grieving process more 27 for him. Sasaki opened his wind phone to the public in 2011, after the devastating tsunami. News about the phone gradually spread, and the booth has become a 28 between the living and the dead. Phones resembling the wind phone have since been built around the world. Some were even set up to allow people to call their loved ones lost in the COVID-19 pandemic. Grieving is a natural 29 for coping with loss of a loved one, and people grieve in various ways. For those who speak into the wind phone, 30 is always there: They believe that their messages will— through some unknown way—reach the deceased. (A) passed on (B) bridge (C) sorrow (D) hope (E) departed (F) mechanism (G) housed (H) manageable (I) fateful (J) brought forth"
學測英文,113,31,31,篇章結構：句子插入,D,B5,T6,E7,受傷後去跑步感覺更好：這與一般做法相反,,"第31 至34 題為題組 While Dr. Weinstein, a surgeon at Dartmouth College, was trying to lift a heavy box, he twisted his back. The pain was agonizing. The surgeon could not sit, and when he lay down he could barely get up. So he decided to go out for a run. He took an aspirin, iced the injured area, and off he went. When he returned, he felt “pretty good.” 31 When people have sprained a muscle or tendon, they are usually advised not to go right back to exercising until the pain goes away. But Dr. Weinstein says that approach is outdated and counterproductive. In fact, when active people consult him, he usually tells them to just keep exercising. Dr. Weinstein is not alone in his treatment of sports injury, but the specific advice can differ from specialist to specialist. 32 They nevertheless caution that a cutback may be necessary, such as running shorter distances or going more slowly. Others say the patients may need to engage in sports outside of their usual, main sport (that is, to cross-train), at least some of the time. Still others say the safest thing to do is cross-train all the time until the pain is gone. 33 Their consensus, however, is that unless the injury involves something as serious as a broken bone or a ripped muscle, moderate exercise can actually speed healing. 34 Thus, more and more patients are now advised to keep moving despite the pain. The rule of thumb, however, is to see a doctor first and get an accurate diagnosis. If a serious injury is ruled out and the pain is not getting worse after exercising, then the exercise “makes a lot of sense.” (A) For example, an injured runner might end up cycling and swimming instead of running. (B) Over time, researchers have come to realize the importance of exercising when injured. (C) Many suggest that most patients can continue with the sport they love. (D) This seems to run counter to the common practice."
學測英文,113,32,31,篇章結構：句子插入,C,B5,T6,E7,下文 nevertheless 提醒要減量：多數人建議可繼續原本的運動,,"第31 至34 題為題組 While Dr. Weinstein, a surgeon at Dartmouth College, was trying to lift a heavy box, he twisted his back. The pain was agonizing. The surgeon could not sit, and when he lay down he could barely get up. So he decided to go out for a run. He took an aspirin, iced the injured area, and off he went. When he returned, he felt “pretty good.” 31 When people have sprained a muscle or tendon, they are usually advised not to go right back to exercising until the pain goes away. But Dr. Weinstein says that approach is outdated and counterproductive. In fact, when active people consult him, he usually tells them to just keep exercising. Dr. Weinstein is not alone in his treatment of sports injury, but the specific advice can differ from specialist to specialist. 32 They nevertheless caution that a cutback may be necessary, such as running shorter distances or going more slowly. Others say the patients may need to engage in sports outside of their usual, main sport (that is, to cross-train), at least some of the time. Still others say the safest thing to do is cross-train all the time until the pain is gone. 33 Their consensus, however, is that unless the injury involves something as serious as a broken bone or a ripped muscle, moderate exercise can actually speed healing. 34 Thus, more and more patients are now advised to keep moving despite the pain. The rule of thumb, however, is to see a doctor first and get an accurate diagnosis. If a serious injury is ruled out and the pain is not getting worse after exercising, then the exercise “makes a lot of sense.” (A) For example, an injured runner might end up cycling and swimming instead of running. (B) Over time, researchers have come to realize the importance of exercising when injured. (C) Many suggest that most patients can continue with the sport they love. (D) This seems to run counter to the common practice."
學測英文,113,33,31,篇章結構：句子插入,A,B5,T6,E7,接在「交叉訓練」之後：舉例改騎車、游泳,,"第31 至34 題為題組 While Dr. Weinstein, a surgeon at Dartmouth College, was trying to lift a heavy box, he twisted his back. The pain was agonizing. The surgeon could not sit, and when he lay down he could barely get up. So he decided to go out for a run. He took an aspirin, iced the injured area, and off he went. When he returned, he felt “pretty good.” 31 When people have sprained a muscle or tendon, they are usually advised not to go right back to exercising until the pain goes away. But Dr. Weinstein says that approach is outdated and counterproductive. In fact, when active people consult him, he usually tells them to just keep exercising. Dr. Weinstein is not alone in his treatment of sports injury, but the specific advice can differ from specialist to specialist. 32 They nevertheless caution that a cutback may be necessary, such as running shorter distances or going more slowly. Others say the patients may need to engage in sports outside of their usual, main sport (that is, to cross-train), at least some of the time. Still others say the safest thing to do is cross-train all the time until the pain is gone. 33 Their consensus, however, is that unless the injury involves something as serious as a broken bone or a ripped muscle, moderate exercise can actually speed healing. 34 Thus, more and more patients are now advised to keep moving despite the pain. The rule of thumb, however, is to see a doctor first and get an accurate diagnosis. If a serious injury is ruled out and the pain is not getting worse after exercising, then the exercise “makes a lot of sense.” (A) For example, an injured runner might end up cycling and swimming instead of running. (B) Over time, researchers have come to realize the importance of exercising when injured. (C) Many suggest that most patients can continue with the sport they love. (D) This seems to run counter to the common practice."
學測英文,113,34,31,篇章結構：句子插入,B,B5,T6,E7,接在「適度運動加速復原」之後：研究漸漸體認受傷時運動的重要,,"第31 至34 題為題組 While Dr. Weinstein, a surgeon at Dartmouth College, was trying to lift a heavy box, he twisted his back. The pain was agonizing. The surgeon could not sit, and when he lay down he could barely get up. So he decided to go out for a run. He took an aspirin, iced the injured area, and off he went. When he returned, he felt “pretty good.” 31 When people have sprained a muscle or tendon, they are usually advised not to go right back to exercising until the pain goes away. But Dr. Weinstein says that approach is outdated and counterproductive. In fact, when active people consult him, he usually tells them to just keep exercising. Dr. Weinstein is not alone in his treatment of sports injury, but the specific advice can differ from specialist to specialist. 32 They nevertheless caution that a cutback may be necessary, such as running shorter distances or going more slowly. Others say the patients may need to engage in sports outside of their usual, main sport (that is, to cross-train), at least some of the time. Still others say the safest thing to do is cross-train all the time until the pain is gone. 33 Their consensus, however, is that unless the injury involves something as serious as a broken bone or a ripped muscle, moderate exercise can actually speed healing. 34 Thus, more and more patients are now advised to keep moving despite the pain. The rule of thumb, however, is to see a doctor first and get an accurate diagnosis. If a serious injury is ruled out and the pain is not getting worse after exercising, then the exercise “makes a lot of sense.” (A) For example, an injured runner might end up cycling and swimming instead of running. (B) Over time, researchers have come to realize the importance of exercising when injured. (C) Many suggest that most patients can continue with the sport they love. (D) This seems to run counter to the common practice."
學測英文,113,35,35,閱讀測驗：圖表判讀,B,B4,T3,E8,圖文對照：鉤與圈互相扣合的構造,Which of the following pictures shows de Mestral’s invention? (A) (B) (C) (D),"第35 至38 題為題組 One fine morning in 1941, Swiss engineer George de Mestral went for a walk in the woods with his dog. Upon their return home, he found a lot of burrs (from plants) stuck to the dog’s fur and his pants. He immediately rushed to his microscope and examined the burrs attached on his pants—feeling a lightbulb moment coming on. Upon closer examination, de Mestral observed that the burrs, which appeared straight to the naked eye, actually contained many small hooks that clung firmly to the loops in the fabric of his pants. He determined that if he could recreate the same thing, making hooks-and-loops that bind to each other firmly, he could produce a strong fastener with many uses. De Mestral’s first challenge was finding a fabric for a strong bonding system. He first tried cotton, but it proved too soft and could not withstand repeated openings and closures. After years of research and testing, he learned that synthetics worked best and eventually settled on heat-treated nylon, a strong and durable substance. By 1955, he had completed an improved version of the product, with each square inch of material containing 300 hooks, which made it stay fastened and yet easy enough to pull apart when needed. Named “Velcro,” from the French words velours (velvet) and crochet (hook), the new product received a patent from the Swiss government in 1955. De Mestral thus began mass-producing Velcro, opening plants in Europe and eventually into Canada and the United States. Initially Velcro did not fare well. As most fashion critics considered it ugly and cheap-looking, the use of Velcro was limited to athletic equipment. In the early 1960s, the product received a huge boost in popularity when NASA began using it in a lot of equipment that went into space along with astronauts. Today, de Mestral’s design is found almost everywhere: clothing and footwear, toys, airline seat cushions, blood pressure cuffs and surgeons’ gowns. Most impressively, the magical fastener was used in the first human artificial heart transplantation to hold together parts of the device."
學測英文,113,36,35,閱讀測驗：字義,D,A2,T1,E3,a lightbulb moment：靈光一閃,What does the author mean by “a lightbulb moment” in the first paragraph? (A) A blessing in disguise. (B) A happy ending. (C) An unpredictable future. (D) A sudden inspiration.,"第35 至38 題為題組 One fine morning in 1941, Swiss engineer George de Mestral went for a walk in the woods with his dog. Upon their return home, he found a lot of burrs (from plants) stuck to the dog’s fur and his pants. He immediately rushed to his microscope and examined the burrs attached on his pants—feeling a lightbulb moment coming on. Upon closer examination, de Mestral observed that the burrs, which appeared straight to the naked eye, actually contained many small hooks that clung firmly to the loops in the fabric of his pants. He determined that if he could recreate the same thing, making hooks-and-loops that bind to each other firmly, he could produce a strong fastener with many uses. De Mestral’s first challenge was finding a fabric for a strong bonding system. He first tried cotton, but it proved too soft and could not withstand repeated openings and closures. After years of research and testing, he learned that synthetics worked best and eventually settled on heat-treated nylon, a strong and durable substance. By 1955, he had completed an improved version of the product, with each square inch of material containing 300 hooks, which made it stay fastened and yet easy enough to pull apart when needed. Named “Velcro,” from the French words velours (velvet) and crochet (hook), the new product received a patent from the Swiss government in 1955. De Mestral thus began mass-producing Velcro, opening plants in Europe and eventually into Canada and the United States. Initially Velcro did not fare well. As most fashion critics considered it ugly and cheap-looking, the use of Velcro was limited to athletic equipment. In the early 1960s, the product received a huge boost in popularity when NASA began using it in a lot of equipment that went into space along with astronauts. Today, de Mestral’s design is found almost everywhere: clothing and footwear, toys, airline seat cushions, blood pressure cuffs and surgeons’ gowns. Most impressively, the magical fastener was used in the first human artificial heart transplantation to hold together parts of the device."
學測英文,113,37,35,閱讀測驗：細節,B,A1,T6,E1,棉花太軟、不耐用，後來改用尼龍,Which of the following statements about Velcro is true? (A) It has been a market favorite since its first appearance. (B) Cotton was not durable enough to be used as its materials. (C) It was given a French name because it was first produced in France. (D) The design was intended to look as shiny and smooth as velvet.,"第35 至38 題為題組 One fine morning in 1941, Swiss engineer George de Mestral went for a walk in the woods with his dog. Upon their return home, he found a lot of burrs (from plants) stuck to the dog’s fur and his pants. He immediately rushed to his microscope and examined the burrs attached on his pants—feeling a lightbulb moment coming on. Upon closer examination, de Mestral observed that the burrs, which appeared straight to the naked eye, actually contained many small hooks that clung firmly to the loops in the fabric of his pants. He determined that if he could recreate the same thing, making hooks-and-loops that bind to each other firmly, he could produce a strong fastener with many uses. De Mestral’s first challenge was finding a fabric for a strong bonding system. He first tried cotton, but it proved too soft and could not withstand repeated openings and closures. After years of research and testing, he learned that synthetics worked best and eventually settled on heat-treated nylon, a strong and durable substance. By 1955, he had completed an improved version of the product, with each square inch of material containing 300 hooks, which made it stay fastened and yet easy enough to pull apart when needed. Named “Velcro,” from the French words velours (velvet) and crochet (hook), the new product received a patent from the Swiss government in 1955. De Mestral thus began mass-producing Velcro, opening plants in Europe and eventually into Canada and the United States. Initially Velcro did not fare well. As most fashion critics considered it ugly and cheap-looking, the use of Velcro was limited to athletic equipment. In the early 1960s, the product received a huge boost in popularity when NASA began using it in a lot of equipment that went into space along with astronauts. Today, de Mestral’s design is found almost everywhere: clothing and footwear, toys, airline seat cushions, blood pressure cuffs and surgeons’ gowns. Most impressively, the magical fastener was used in the first human artificial heart transplantation to hold together parts of the device."
學測英文,113,38,35,閱讀測驗：細節,A,A1,T1,E1,「NOT mentioned」：有太空、醫療、運動，沒有土木工程,Which of the following fields is NOT mentioned for Velcro uses in the passage? (A) Civil engineering. (B) Aerospace industry. (C) Medical technology. (D) Sports and recreation.,"第35 至38 題為題組 One fine morning in 1941, Swiss engineer George de Mestral went for a walk in the woods with his dog. Upon their return home, he found a lot of burrs (from plants) stuck to the dog’s fur and his pants. He immediately rushed to his microscope and examined the burrs attached on his pants—feeling a lightbulb moment coming on. Upon closer examination, de Mestral observed that the burrs, which appeared straight to the naked eye, actually contained many small hooks that clung firmly to the loops in the fabric of his pants. He determined that if he could recreate the same thing, making hooks-and-loops that bind to each other firmly, he could produce a strong fastener with many uses. De Mestral’s first challenge was finding a fabric for a strong bonding system. He first tried cotton, but it proved too soft and could not withstand repeated openings and closures. After years of research and testing, he learned that synthetics worked best and eventually settled on heat-treated nylon, a strong and durable substance. By 1955, he had completed an improved version of the product, with each square inch of material containing 300 hooks, which made it stay fastened and yet easy enough to pull apart when needed. Named “Velcro,” from the French words velours (velvet) and crochet (hook), the new product received a patent from the Swiss government in 1955. De Mestral thus began mass-producing Velcro, opening plants in Europe and eventually into Canada and the United States. Initially Velcro did not fare well. As most fashion critics considered it ugly and cheap-looking, the use of Velcro was limited to athletic equipment. In the early 1960s, the product received a huge boost in popularity when NASA began using it in a lot of equipment that went into space along with astronauts. Today, de Mestral’s design is found almost everywhere: clothing and footwear, toys, airline seat cushions, blood pressure cuffs and surgeons’ gowns. Most impressively, the magical fastener was used in the first human artificial heart transplantation to hold together parts of the device."
學測英文,113,39,39,閱讀測驗：細節,D,A1,T3,E1,文章說明 Moran 為何開始畫黃石,What can we learn from the passage? (A) How national parks around the world were established. (B) How Yellowstone’s natural features were formed. (C) Why Moran’s family moved to the United States. (D) Why Moran started painting Yellowstone.,"第39 至42 題為題組 Thomas Moran, a famous painter in the 19th century, played an important role in the establishment of American national parks. His vivid paintings brought the splendor of the extraordinary landscapes before the eyes of American people, thus setting the stage for the regions to be widely recognized and officially established as national parks. Moran came to the United States at age 7 with his family and settled in Philadelphia. They came from northwest England, the blackened heart of the Industrial Revolution: Its main street was “a dark, unattractive hole” and the river running through it was a string of dirty water. That was all the nature that Moran knew. Moran began painting by age 15, inspired by the landscape paintings of the British master J.M.W. Turner. There was plenty of landscape for him to paint in America, much different from his hometown. Showing great talent in painting, Moran was soon hired as an illustrator at Scribner’s Monthly, and later appointed chief illustrator by age 34. In 1871, he was appointed to illustrate The Wonders of Yellowstone, a story by Nathaniel P. Langford, who had participated in an expedition to Yellowstone. Captivated by the utterly fantastic sights Langford described, Moran became eager to see this odd territory for himself. In 1871 Moran joined the first US government survey of the Yellowstone region with photographer William Henry Jackson. For two weeks he filled his sketchbook with the landscape’s most stunning sights. Moran’s watercolors—the first color renderings of the area—as well as Jackson’s photos and the survey results were presented to the Congress. His powerful images of Yellowstone fired the imagination of Congress members. In March 1872, lawmakers officially made Yellowstone a national park, the world’s first. Before Moran arrived, Yellowstone in the popular imagination was a harsh, wild place with hot water and steam coming out of hellish holes in the ground. Since the painter’s work appeared, Yellowstone National Park has come to be known as a picturesque wonderland. By the time Moran died, he had painted a dozen other areas that would become national parks or monuments."
學測英文,113,40,39,閱讀測驗：組織與手法,A,C1,T1,E6,the blackened heart 指工業革命造成的嚴重污染,Why does the author use “the blackened heart” in paragraph 2 to describe Moran’s hometown? (A) The place was severely polluted. (B) The town was filled with darkened holes. (C) There were many evil-hearted industry owners. (D) The laborers mostly wore dark and dirty uniforms.,"第39 至42 題為題組 Thomas Moran, a famous painter in the 19th century, played an important role in the establishment of American national parks. His vivid paintings brought the splendor of the extraordinary landscapes before the eyes of American people, thus setting the stage for the regions to be widely recognized and officially established as national parks. Moran came to the United States at age 7 with his family and settled in Philadelphia. They came from northwest England, the blackened heart of the Industrial Revolution: Its main street was “a dark, unattractive hole” and the river running through it was a string of dirty water. That was all the nature that Moran knew. Moran began painting by age 15, inspired by the landscape paintings of the British master J.M.W. Turner. There was plenty of landscape for him to paint in America, much different from his hometown. Showing great talent in painting, Moran was soon hired as an illustrator at Scribner’s Monthly, and later appointed chief illustrator by age 34. In 1871, he was appointed to illustrate The Wonders of Yellowstone, a story by Nathaniel P. Langford, who had participated in an expedition to Yellowstone. Captivated by the utterly fantastic sights Langford described, Moran became eager to see this odd territory for himself. In 1871 Moran joined the first US government survey of the Yellowstone region with photographer William Henry Jackson. For two weeks he filled his sketchbook with the landscape’s most stunning sights. Moran’s watercolors—the first color renderings of the area—as well as Jackson’s photos and the survey results were presented to the Congress. His powerful images of Yellowstone fired the imagination of Congress members. In March 1872, lawmakers officially made Yellowstone a national park, the world’s first. Before Moran arrived, Yellowstone in the popular imagination was a harsh, wild place with hot water and steam coming out of hellish holes in the ground. Since the painter’s work appeared, Yellowstone National Park has come to be known as a picturesque wonderland. By the time Moran died, he had painted a dozen other areas that would become national parks or monuments."
學測英文,113,41,39,閱讀測驗：細節,B,A1,T5,E1,1870 年代以前，美國人對黃石的美所知不多,Which of the following statements is true about the Yellowstone National Park? (A) Its establishment was proposed by Langford. (B) Americans knew little about its beauty before the 1870s. (C) The government project was started due to its rich natural resources. (D) It was the only national park established because of Moran’s works.,"第39 至42 題為題組 Thomas Moran, a famous painter in the 19th century, played an important role in the establishment of American national parks. His vivid paintings brought the splendor of the extraordinary landscapes before the eyes of American people, thus setting the stage for the regions to be widely recognized and officially established as national parks. Moran came to the United States at age 7 with his family and settled in Philadelphia. They came from northwest England, the blackened heart of the Industrial Revolution: Its main street was “a dark, unattractive hole” and the river running through it was a string of dirty water. That was all the nature that Moran knew. Moran began painting by age 15, inspired by the landscape paintings of the British master J.M.W. Turner. There was plenty of landscape for him to paint in America, much different from his hometown. Showing great talent in painting, Moran was soon hired as an illustrator at Scribner’s Monthly, and later appointed chief illustrator by age 34. In 1871, he was appointed to illustrate The Wonders of Yellowstone, a story by Nathaniel P. Langford, who had participated in an expedition to Yellowstone. Captivated by the utterly fantastic sights Langford described, Moran became eager to see this odd territory for himself. In 1871 Moran joined the first US government survey of the Yellowstone region with photographer William Henry Jackson. For two weeks he filled his sketchbook with the landscape’s most stunning sights. Moran’s watercolors—the first color renderings of the area—as well as Jackson’s photos and the survey results were presented to the Congress. His powerful images of Yellowstone fired the imagination of Congress members. In March 1872, lawmakers officially made Yellowstone a national park, the world’s first. Before Moran arrived, Yellowstone in the popular imagination was a harsh, wild place with hot water and steam coming out of hellish holes in the ground. Since the painter’s work appeared, Yellowstone National Park has come to be known as a picturesque wonderland. By the time Moran died, he had painted a dozen other areas that would become national parks or monuments."
學測英文,113,42,39,閱讀測驗：推論,C,B2,T2,E5,他的水彩是該區第一份彩色圖像，推知當時彩色照片不普遍,What can be inferred from the passage? (A) Scribner’s Monthly was a magazine promoting national parks. (B) Moran had visited Yellowstone before he started painting its landscapes. (C) Color photos were not common when Moran started painting Yellowstone. (D) Watercolor was the most popular form of landscape painting in the 19th century.,"第39 至42 題為題組 Thomas Moran, a famous painter in the 19th century, played an important role in the establishment of American national parks. His vivid paintings brought the splendor of the extraordinary landscapes before the eyes of American people, thus setting the stage for the regions to be widely recognized and officially established as national parks. Moran came to the United States at age 7 with his family and settled in Philadelphia. They came from northwest England, the blackened heart of the Industrial Revolution: Its main street was “a dark, unattractive hole” and the river running through it was a string of dirty water. That was all the nature that Moran knew. Moran began painting by age 15, inspired by the landscape paintings of the British master J.M.W. Turner. There was plenty of landscape for him to paint in America, much different from his hometown. Showing great talent in painting, Moran was soon hired as an illustrator at Scribner’s Monthly, and later appointed chief illustrator by age 34. In 1871, he was appointed to illustrate The Wonders of Yellowstone, a story by Nathaniel P. Langford, who had participated in an expedition to Yellowstone. Captivated by the utterly fantastic sights Langford described, Moran became eager to see this odd territory for himself. In 1871 Moran joined the first US government survey of the Yellowstone region with photographer William Henry Jackson. For two weeks he filled his sketchbook with the landscape’s most stunning sights. Moran’s watercolors—the first color renderings of the area—as well as Jackson’s photos and the survey results were presented to the Congress. His powerful images of Yellowstone fired the imagination of Congress members. In March 1872, lawmakers officially made Yellowstone a national park, the world’s first. Before Moran arrived, Yellowstone in the popular imagination was a harsh, wild place with hot water and steam coming out of hellish holes in the ground. Since the painter’s work appeared, Yellowstone National Park has come to be known as a picturesque wonderland. By the time Moran died, he had painted a dozen other areas that would become national parks or monuments."
學測英文,113,43,43,閱讀測驗：細節,D,B3,T4,E2,計畫目標：充分利用漁獲,What is the primary goal of 100% Fish? (A) To advance ocean technology. (B) To reduce food crises worldwide. (C) To enhance cross-industry cooperation. (D) To make the most of marine resources.,"第43 至46 題為題組 In 2020, Petur Oddsson, a power station worker in Iceland, was struck by a 60,000-volt current. The electrical shock burned almost half of his body and melted layers of his skin off. Such deep and extensive burns can be fatal. But Oddsson’s life was saved by a creative invention: transplanting codfish skins onto human bodies. A triumph for medical technology, Oddsson’s fish skin transplantation was actually part of the astonishing achievement of “100% Fish,” an ambitious task in promoting environmental efficiency. The Icelandic project, from which this pioneering procedure emerged, strives for making a fundamental change in the marine industry. It aims to encourage full utilization of each fish caught, and to strengthen innovation in seafood products. Reducing waste of fish catch has become a serious issue today, when many countries are faced with food crises. According to a 2003 study, about 60% of a codfish caught in Iceland was lost or wasted during the production process for human consumption. Under the guidance of 100% Fish, however, Icelanders are now using almost 95% of a cod. Cod skin, for example, is made into calcium supplement and energy drinks, and even as material for skin transplantation as in Oddsson’s case. Dried fish heads and spines are exported to West Africa, where they are used as the base of a protein-rich soup. Other groundbreaking products, including Omega-3 capsules, cold virus pretreatment sprays, and dog snacks are made from what was once cod catch detritus. The Icelandic success is accomplished largely through cooperative efforts across various industries. 100% Fish takes the initiative to show seafood companies the importance of collaboration, and facilitate valuable connections between fishing companies and other participants of the project, including academia, start-ups, and research and development teams. By sharing knowledge and information, the different sectors are able to come up with improved processing and handling, through which creation of various innovative products was made possible. The project not only helps Icelanders to get 30% more value from each cod than most developed countries, but also provides an effective model to promote resource efficiency worldwide."
學測英文,113,44,43,閱讀測驗：指涉,B,B1,T3,E4,指涉：this pioneering procedure 指魚皮移植,What does “this pioneering procedure” in the second paragraph refer to? (A) 100% Fish’s mission. (B) Oddsson’s skin transplant. (C) A fundamental change in seafood business. (D) A new approach to protect the environment.,"第43 至46 題為題組 In 2020, Petur Oddsson, a power station worker in Iceland, was struck by a 60,000-volt current. The electrical shock burned almost half of his body and melted layers of his skin off. Such deep and extensive burns can be fatal. But Oddsson’s life was saved by a creative invention: transplanting codfish skins onto human bodies. A triumph for medical technology, Oddsson’s fish skin transplantation was actually part of the astonishing achievement of “100% Fish,” an ambitious task in promoting environmental efficiency. The Icelandic project, from which this pioneering procedure emerged, strives for making a fundamental change in the marine industry. It aims to encourage full utilization of each fish caught, and to strengthen innovation in seafood products. Reducing waste of fish catch has become a serious issue today, when many countries are faced with food crises. According to a 2003 study, about 60% of a codfish caught in Iceland was lost or wasted during the production process for human consumption. Under the guidance of 100% Fish, however, Icelanders are now using almost 95% of a cod. Cod skin, for example, is made into calcium supplement and energy drinks, and even as material for skin transplantation as in Oddsson’s case. Dried fish heads and spines are exported to West Africa, where they are used as the base of a protein-rich soup. Other groundbreaking products, including Omega-3 capsules, cold virus pretreatment sprays, and dog snacks are made from what was once cod catch detritus. The Icelandic success is accomplished largely through cooperative efforts across various industries. 100% Fish takes the initiative to show seafood companies the importance of collaboration, and facilitate valuable connections between fishing companies and other participants of the project, including academia, start-ups, and research and development teams. By sharing knowledge and information, the different sectors are able to come up with improved processing and handling, through which creation of various innovative products was made possible. The project not only helps Icelanders to get 30% more value from each cod than most developed countries, but also provides an effective model to promote resource efficiency worldwide."
學測英文,113,45,43,閱讀測驗：細節,C,A1,T3,E1,跨產業合作成果豐碩,Which of the following is true according to the passage? (A) Iceland has increased their fish catch by 30% in the last 20 years. (B) Petur Oddsson was an important member of the Icelandic project. (C) Cross-field collaboration has proved to be very fruitful for 100% Fish. (D) 100% Fish is a big international enterprise marketing seafood products.,"第43 至46 題為題組 In 2020, Petur Oddsson, a power station worker in Iceland, was struck by a 60,000-volt current. The electrical shock burned almost half of his body and melted layers of his skin off. Such deep and extensive burns can be fatal. But Oddsson’s life was saved by a creative invention: transplanting codfish skins onto human bodies. A triumph for medical technology, Oddsson’s fish skin transplantation was actually part of the astonishing achievement of “100% Fish,” an ambitious task in promoting environmental efficiency. The Icelandic project, from which this pioneering procedure emerged, strives for making a fundamental change in the marine industry. It aims to encourage full utilization of each fish caught, and to strengthen innovation in seafood products. Reducing waste of fish catch has become a serious issue today, when many countries are faced with food crises. According to a 2003 study, about 60% of a codfish caught in Iceland was lost or wasted during the production process for human consumption. Under the guidance of 100% Fish, however, Icelanders are now using almost 95% of a cod. Cod skin, for example, is made into calcium supplement and energy drinks, and even as material for skin transplantation as in Oddsson’s case. Dried fish heads and spines are exported to West Africa, where they are used as the base of a protein-rich soup. Other groundbreaking products, including Omega-3 capsules, cold virus pretreatment sprays, and dog snacks are made from what was once cod catch detritus. The Icelandic success is accomplished largely through cooperative efforts across various industries. 100% Fish takes the initiative to show seafood companies the importance of collaboration, and facilitate valuable connections between fishing companies and other participants of the project, including academia, start-ups, and research and development teams. By sharing knowledge and information, the different sectors are able to come up with improved processing and handling, through which creation of various innovative products was made possible. The project not only helps Icelanders to get 30% more value from each cod than most developed countries, but also provides an effective model to promote resource efficiency worldwide."
學測英文,113,46,43,閱讀測驗：細節,C,B5,T3,E7,這句話總結「幾乎不浪費」，放在第三段末,Here is a sentence: “Almost nothing of a fish is left for the trash bin.” Which paragraph is most suitable to have it as the final sentence? (A) Paragraph 1. (B) Paragraph 2. (C) Paragraph 3. (D) Paragraph 4.,"第43 至46 題為題組 In 2020, Petur Oddsson, a power station worker in Iceland, was struck by a 60,000-volt current. The electrical shock burned almost half of his body and melted layers of his skin off. Such deep and extensive burns can be fatal. But Oddsson’s life was saved by a creative invention: transplanting codfish skins onto human bodies. A triumph for medical technology, Oddsson’s fish skin transplantation was actually part of the astonishing achievement of “100% Fish,” an ambitious task in promoting environmental efficiency. The Icelandic project, from which this pioneering procedure emerged, strives for making a fundamental change in the marine industry. It aims to encourage full utilization of each fish caught, and to strengthen innovation in seafood products. Reducing waste of fish catch has become a serious issue today, when many countries are faced with food crises. According to a 2003 study, about 60% of a codfish caught in Iceland was lost or wasted during the production process for human consumption. Under the guidance of 100% Fish, however, Icelanders are now using almost 95% of a cod. Cod skin, for example, is made into calcium supplement and energy drinks, and even as material for skin transplantation as in Oddsson’s case. Dried fish heads and spines are exported to West Africa, where they are used as the base of a protein-rich soup. Other groundbreaking products, including Omega-3 capsules, cold virus pretreatment sprays, and dog snacks are made from what was once cod catch detritus. The Icelandic success is accomplished largely through cooperative efforts across various industries. 100% Fish takes the initiative to show seafood companies the importance of collaboration, and facilitate valuable connections between fishing companies and other participants of the project, including academia, start-ups, and research and development teams. By sharing knowledge and information, the different sectors are able to come up with improved processing and handling, through which creation of various innovative products was made possible. The project not only helps Icelanders to get 30% more value from each cod than most developed countries, but also provides an effective model to promote resource efficiency worldwide."
學測英文,113,47,47,混合題：填充,非選,B3,T0,E2,混合題填充：歸納兩種動物的「群體」智慧,47-48 下列簡短敘述摘記上方文章重點。請從文章中找出最適當的單詞（word）填入下列句子空 格中，並視句型結構需要做適當的字形變化，使句子語意完整、語法正確，並符合全文文 意。每格限填一個單詞（word）。（填充，4分） Studies show that animals like jackdaws and turtle ants are able to use 47 intelligence in both solving problems and 48 to new challenging environment.,"第47 至50 題為題組 Many animals are known to live and move in groups to secure food and avoid predators. Over the years, people have been curious about the way they deal with disturbances arising from the environment, and the operations underlying their responses as a group. Studies on jackdaws and turtle ants may provide some insights into the issue. Jackdaws are birds in the crow family often Turtle ants often live in the cavities of dead found in the English countryside. They are highly branches in American forests. They have evolved social birds and often travel in large flocks. search strategies to link their food source to their Normally, the birds enjoy a smooth flight together nests. They travel entirely along tree branches and as a group when “commuting” between two vines, laying down trails of pheromone (a locations, such as from their nesting site to their chemical substance) behind them so that other feeding ground. However, if a predator (such as a ants can follow. The trails connect the ants’ fox) is present, the pattern of their flight will colonies and sources of food, forming a sort of change immediately. Instead of paying attention communication network. However, since these to all the other members and following the group trails can easily be broken by wind or rain, the pattern, they now focus only on the birds within a ants have to find new paths to get around the fixed distance from them, based on information broken points and reestablish the network. Often coming from other members. By doing so, the they have to work together to explore alternative flock members are able to keep a safe distance routes many times before they finally settle on the between themselves, and thus avoid crashing into most efficient one. By working collectively, the each other while they flee from the predator. ants are able to improve the efficiency of their network and adapt to their ever-changing environment."
學測英文,113,48,47,混合題：填充,非選,B3,T0,E2,混合題填充：and 前後並列，用動名詞 adapting,47-48 下列簡短敘述摘記上方文章重點。請從文章中找出最適當的單詞（word）填入下列句子空 格中，並視句型結構需要做適當的字形變化，使句子語意完整、語法正確，並符合全文文 意。每格限填一個單詞（word）。（填充，4分） Studies show that animals like jackdaws and turtle ants are able to use 47 intelligence in both solving problems and 48 to new challenging environment.,"第47 至50 題為題組 Many animals are known to live and move in groups to secure food and avoid predators. Over the years, people have been curious about the way they deal with disturbances arising from the environment, and the operations underlying their responses as a group. Studies on jackdaws and turtle ants may provide some insights into the issue. Jackdaws are birds in the crow family often Turtle ants often live in the cavities of dead found in the English countryside. They are highly branches in American forests. They have evolved social birds and often travel in large flocks. search strategies to link their food source to their Normally, the birds enjoy a smooth flight together nests. They travel entirely along tree branches and as a group when “commuting” between two vines, laying down trails of pheromone (a locations, such as from their nesting site to their chemical substance) behind them so that other feeding ground. However, if a predator (such as a ants can follow. The trails connect the ants’ fox) is present, the pattern of their flight will colonies and sources of food, forming a sort of change immediately. Instead of paying attention communication network. However, since these to all the other members and following the group trails can easily be broken by wind or rain, the pattern, they now focus only on the birds within a ants have to find new paths to get around the fixed distance from them, based on information broken points and reestablish the network. Often coming from other members. By doing so, the they have to work together to explore alternative flock members are able to keep a safe distance routes many times before they finally settle on the between themselves, and thus avoid crashing into most efficient one. By working collectively, the each other while they flee from the predator. ants are able to improve the efficiency of their network and adapt to their ever-changing environment."
學測英文,113,49,47,混合題：多選,CF,B4,T3,E8,多選：只選兩種動物都符合的敘述,"From (A) to (F) below, choose the ONES that are true for both jackdaws and turtle ants.（多選題，4分） (A) They have special strategies to locate food sources. (B) They have complex interactions led by a leader. (C) They share information with their group members. (D) They establish rules to stay away from enemies. (E) They change their nesting sites from time to time. (F) They show behavior governed by a unique system of communication.","第47 至50 題為題組 Many animals are known to live and move in groups to secure food and avoid predators. Over the years, people have been curious about the way they deal with disturbances arising from the environment, and the operations underlying their responses as a group. Studies on jackdaws and turtle ants may provide some insights into the issue. Jackdaws are birds in the crow family often Turtle ants often live in the cavities of dead found in the English countryside. They are highly branches in American forests. They have evolved social birds and often travel in large flocks. search strategies to link their food source to their Normally, the birds enjoy a smooth flight together nests. They travel entirely along tree branches and as a group when “commuting” between two vines, laying down trails of pheromone (a locations, such as from their nesting site to their chemical substance) behind them so that other feeding ground. However, if a predator (such as a ants can follow. The trails connect the ants’ fox) is present, the pattern of their flight will colonies and sources of food, forming a sort of change immediately. Instead of paying attention communication network. However, since these to all the other members and following the group trails can easily be broken by wind or rain, the pattern, they now focus only on the birds within a ants have to find new paths to get around the fixed distance from them, based on information broken points and reestablish the network. Often coming from other members. By doing so, the they have to work together to explore alternative flock members are able to keep a safe distance routes many times before they finally settle on the between themselves, and thus avoid crashing into most efficient one. By working collectively, the each other while they flee from the predator. ants are able to improve the efficiency of their network and adapt to their ever-changing environment."
學測英文,113,50,47,混合題：簡答,非選,A1,T0,E1,混合題簡答：寒鴉遇到的干擾是掠食者,What is the “disturbance” for jackdaws mentioned in the passage?（簡答，2分） ________________________________________________________________________________,"第47 至50 題為題組 Many animals are known to live and move in groups to secure food and avoid predators. Over the years, people have been curious about the way they deal with disturbances arising from the environment, and the operations underlying their responses as a group. Studies on jackdaws and turtle ants may provide some insights into the issue. Jackdaws are birds in the crow family often Turtle ants often live in the cavities of dead found in the English countryside. They are highly branches in American forests. They have evolved social birds and often travel in large flocks. search strategies to link their food source to their Normally, the birds enjoy a smooth flight together nests. They travel entirely along tree branches and as a group when “commuting” between two vines, laying down trails of pheromone (a locations, such as from their nesting site to their chemical substance) behind them so that other feeding ground. However, if a predator (such as a ants can follow. The trails connect the ants’ fox) is present, the pattern of their flight will colonies and sources of food, forming a sort of change immediately. Instead of paying attention communication network. However, since these to all the other members and following the group trails can easily be broken by wind or rain, the pattern, they now focus only on the birds within a ants have to find new paths to get around the fixed distance from them, based on information broken points and reestablish the network. Often coming from other members. By doing so, the they have to work together to explore alternative flock members are able to keep a safe distance routes many times before they finally settle on the between themselves, and thus avoid crashing into most efficient one. By working collectively, the each other while they flee from the predator. ants are able to improve the efficiency of their network and adapt to their ever-changing environment."
學測英文,114,1,,詞彙：container,C,K1,T7,E10,container：接漏水的容器,"If you put a ______ under a leaking faucet, you will be surprised at the amount of water collected in 24 hours. (A) border (B) timer (C) container (D) marker",
學測英文,114,2,,詞彙：produce,A,K1,T1,E10,fresh seasonal produce：當季農產品（名詞 produce）,The local farmers’ market is popular as it offers a variety of fresh seasonal ______ to people in the community. (A) produce (B) fashion (C) brand (D) trend,
學測英文,114,3,,詞彙：blurring,A,K1,T7,E10,memories are blurring：記憶逐漸模糊,"As the years have passed by, many of my childhood memories are already ______; I can no longer recall clearly what happened back then. (A) blurring (B) trimming (C) draining (D) glaring",
學測英文,114,4,,詞彙：offensive,C,K1,T7,E10,offensive and hurtful：冒犯而傷人,"Racist remarks are by nature ______ and hurtful, and should be avoided on all occasions. (A) excessive (B) furious (C) offensive (D) stubborn",
學測英文,114,5,,詞彙：draft,C,K1,T7,E10,the first draft：初稿,"Not satisfied with the first ______ of her essay, Mary revised it several times before turning it in to the teacher. (A) text (B) brush (C) draft (D) plot",
學測英文,114,6,,詞彙：vacant,D,K1,T7,E10,left vacant：空置多年的房子,"Left ______ for years, the deserted house was filled with a thick coating of dust and a smell of old damp wood. (A) casual (B) fragile (C) remote (D) vacant",
學測英文,114,7,,詞彙：enormous,D,K1,T7,E10,enormous courage：極大的勇氣,The high school student showed ______ courage when she helped the old man escape from the fire. (A) gigantic (B) exclusive (C) multiple (D) enormous,
學測英文,114,8,,詞彙：halted,A,K1,T7,E10,projects halted or delayed：計畫暫停或延後,Publicly financed projects are often ______ or delayed during tough economic times due to a lack of resources. (A) halted (B) hatched (C) possessed (D) reinforced,
學測英文,114,9,,詞彙：graced,B,K1,T1,E10,grace the ceremony with his presence：蒞臨增光,"Despite his busy schedule, the President ______ the school’s graduation ceremony with his presence and a heartwarming speech. (A) praised (B) graced (C) addressed (D) credited",
學測英文,114,10,,詞彙：verbally,A,K1,T7,E10,verbally abusing：言語辱罵,"The manager of the company was sued for ______ abusing his colleagues, calling them “hopeless losers.” (A) verbally (B) dominantly (C) legitimately (D) relevantly",
學測英文,114,11,11,綜合測驗：would spread,B,K2,T8,E12,從過去看未來：would spread,(A) had spread (B) would spread (C) had been spreading (D) would have spread,"第11 至15 題為題組 In 1995, a group of business and academic leaders met at the home of Juanita Brown and David Isaacs in Mill Valley, California. None of them had any idea they were about to create a social innovation that 11 rapidly around the world. The group was supposed to have a large-circle discussion in their beautiful garden. Unfortunately, it started pouring. With their plan 12 by the rain, the two dozen participants squeezed into the living room. They broke into small, intimate table conversations, recording their insights on paper tablecloths. They periodically stopped their conversations to switch tables so the insights and ideas might 13 and deepen. As they moved from one table to another, they noticed new ideas emerging from the discussions. This in turn enriched subsequent rounds of conversation. Over the course of the morning, the innovative discussion process 14 a new form of collective effort that transformed the depth, scope, and quality of their discussion. The World Café was 15 created. Since that rainy morning in Mill Valley, the World Café approach has been applied to multi-group discussions and cooperative actions by businesses, industries, and educational institutions around the world."
學測英文,114,12,11,綜合測驗：disrupted,B,K1,T7,E11,plan disrupted by the rain：計畫被雨打亂,(B) disrupted (C) disclosed 12. (A) facilitated (D) fulfilled,"第11 至15 題為題組 In 1995, a group of business and academic leaders met at the home of Juanita Brown and David Isaacs in Mill Valley, California. None of them had any idea they were about to create a social innovation that 11 rapidly around the world. The group was supposed to have a large-circle discussion in their beautiful garden. Unfortunately, it started pouring. With their plan 12 by the rain, the two dozen participants squeezed into the living room. They broke into small, intimate table conversations, recording their insights on paper tablecloths. They periodically stopped their conversations to switch tables so the insights and ideas might 13 and deepen. As they moved from one table to another, they noticed new ideas emerging from the discussions. This in turn enriched subsequent rounds of conversation. Over the course of the morning, the innovative discussion process 14 a new form of collective effort that transformed the depth, scope, and quality of their discussion. The World Café was 15 created. Since that rainy morning in Mill Valley, the World Café approach has been applied to multi-group discussions and cooperative actions by businesses, industries, and educational institutions around the world."
學測英文,114,13,11,綜合測驗：circulate,A,K1,T7,E11,ideas might circulate：想法得以流通,(A) circulate (B) emphasize (C) recover (D) preserve,"第11 至15 題為題組 In 1995, a group of business and academic leaders met at the home of Juanita Brown and David Isaacs in Mill Valley, California. None of them had any idea they were about to create a social innovation that 11 rapidly around the world. The group was supposed to have a large-circle discussion in their beautiful garden. Unfortunately, it started pouring. With their plan 12 by the rain, the two dozen participants squeezed into the living room. They broke into small, intimate table conversations, recording their insights on paper tablecloths. They periodically stopped their conversations to switch tables so the insights and ideas might 13 and deepen. As they moved from one table to another, they noticed new ideas emerging from the discussions. This in turn enriched subsequent rounds of conversation. Over the course of the morning, the innovative discussion process 14 a new form of collective effort that transformed the depth, scope, and quality of their discussion. The World Café was 15 created. Since that rainy morning in Mill Valley, the World Café approach has been applied to multi-group discussions and cooperative actions by businesses, industries, and educational institutions around the world."
學測英文,114,14,11,綜合測驗：gave rise to,C,K1,T7,E11,gave rise to：催生出新的合作形式,(A) made up for (B) kept track of (C) gave rise to (D) looked out for,"第11 至15 題為題組 In 1995, a group of business and academic leaders met at the home of Juanita Brown and David Isaacs in Mill Valley, California. None of them had any idea they were about to create a social innovation that 11 rapidly around the world. The group was supposed to have a large-circle discussion in their beautiful garden. Unfortunately, it started pouring. With their plan 12 by the rain, the two dozen participants squeezed into the living room. They broke into small, intimate table conversations, recording their insights on paper tablecloths. They periodically stopped their conversations to switch tables so the insights and ideas might 13 and deepen. As they moved from one table to another, they noticed new ideas emerging from the discussions. This in turn enriched subsequent rounds of conversation. Over the course of the morning, the innovative discussion process 14 a new form of collective effort that transformed the depth, scope, and quality of their discussion. The World Café was 15 created. Since that rainy morning in Mill Valley, the World Café approach has been applied to multi-group discussions and cooperative actions by businesses, industries, and educational institutions around the world."
學測英文,114,15,11,綜合測驗：thus,D,B5,T6,E7,前文是過程，這句是結果：thus,(B) also (C) further 15. (A) still (D) thus,"第11 至15 題為題組 In 1995, a group of business and academic leaders met at the home of Juanita Brown and David Isaacs in Mill Valley, California. None of them had any idea they were about to create a social innovation that 11 rapidly around the world. The group was supposed to have a large-circle discussion in their beautiful garden. Unfortunately, it started pouring. With their plan 12 by the rain, the two dozen participants squeezed into the living room. They broke into small, intimate table conversations, recording their insights on paper tablecloths. They periodically stopped their conversations to switch tables so the insights and ideas might 13 and deepen. As they moved from one table to another, they noticed new ideas emerging from the discussions. This in turn enriched subsequent rounds of conversation. Over the course of the morning, the innovative discussion process 14 a new form of collective effort that transformed the depth, scope, and quality of their discussion. The World Café was 15 created. Since that rainy morning in Mill Valley, the World Café approach has been applied to multi-group discussions and cooperative actions by businesses, industries, and educational institutions around the world."
學測英文,114,16,16,綜合測驗：strike,D,K1,T7,E11,motion sickness can strike suddenly：突然發作,(A) crash (B) flush (C) burst (D) strike,"第16 至20 題為題組 If you have ever been sick to your stomach on a rocking boat or a bumpy car ride, you know the discomfort of motion sickness. It can 16 suddenly, progressing from a feeling of uneasiness to a cold sweat. Soon, it can lead to dizziness, nausea, and vomiting. Motion sickness occurs when the signals your brain receives from your eyes, ears, and body 17 . Your brain doesn’t know whether you are stationary or moving when these parts send conflicting information: One part of your balance-sensing system detects that your body is moving, but the other parts 18 . Your brain’s confused reaction makes you feel sick. You may experience the discomfort from the motion of cars, boats, or amusement park rides. You may also get sick from playing video games, or looking through a microscope. You can take some 19 to help avoid the discomfort. If you are traveling, reserve seats where motion is felt the least, such as the front row of a car or forward cars of a train. Looking out into the distance from the vehicle can help 20 . You can also take medicine before your ride to avoid or reduce nausea and vomiting."
學測英文,114,17,16,綜合測驗：do not match,C,K1,T6,E11,下文說訊息互相衝突：do not match,(A) are not regular (B) can hardly move (C) do not match (D) are rarely cued,"第16 至20 題為題組 If you have ever been sick to your stomach on a rocking boat or a bumpy car ride, you know the discomfort of motion sickness. It can 16 suddenly, progressing from a feeling of uneasiness to a cold sweat. Soon, it can lead to dizziness, nausea, and vomiting. Motion sickness occurs when the signals your brain receives from your eyes, ears, and body 17 . Your brain doesn’t know whether you are stationary or moving when these parts send conflicting information: One part of your balance-sensing system detects that your body is moving, but the other parts 18 . Your brain’s confused reaction makes you feel sick. You may experience the discomfort from the motion of cars, boats, or amusement park rides. You may also get sick from playing video games, or looking through a microscope. You can take some 19 to help avoid the discomfort. If you are traveling, reserve seats where motion is felt the least, such as the front row of a car or forward cars of a train. Looking out into the distance from the vehicle can help 20 . You can also take medicine before your ride to avoid or reduce nausea and vomiting."
學測英文,114,18,16,綜合測驗：don’t,C,K2,T8,E12,other parts 之後省略 detect：用 don't,(A) aren’t (B) won’t (C) don’t (D) haven’t,"第16 至20 題為題組 If you have ever been sick to your stomach on a rocking boat or a bumpy car ride, you know the discomfort of motion sickness. It can 16 suddenly, progressing from a feeling of uneasiness to a cold sweat. Soon, it can lead to dizziness, nausea, and vomiting. Motion sickness occurs when the signals your brain receives from your eyes, ears, and body 17 . Your brain doesn’t know whether you are stationary or moving when these parts send conflicting information: One part of your balance-sensing system detects that your body is moving, but the other parts 18 . Your brain’s confused reaction makes you feel sick. You may experience the discomfort from the motion of cars, boats, or amusement park rides. You may also get sick from playing video games, or looking through a microscope. You can take some 19 to help avoid the discomfort. If you are traveling, reserve seats where motion is felt the least, such as the front row of a car or forward cars of a train. Looking out into the distance from the vehicle can help 20 . You can also take medicine before your ride to avoid or reduce nausea and vomiting."
學測英文,114,19,16,綜合測驗：preventive measures,B,K1,T7,E11,preventive measures：預防措施,(A) special opportunities (B) preventive measures (C) potential risks (D) significant advantages,"第16 至20 題為題組 If you have ever been sick to your stomach on a rocking boat or a bumpy car ride, you know the discomfort of motion sickness. It can 16 suddenly, progressing from a feeling of uneasiness to a cold sweat. Soon, it can lead to dizziness, nausea, and vomiting. Motion sickness occurs when the signals your brain receives from your eyes, ears, and body 17 . Your brain doesn’t know whether you are stationary or moving when these parts send conflicting information: One part of your balance-sensing system detects that your body is moving, but the other parts 18 . Your brain’s confused reaction makes you feel sick. You may experience the discomfort from the motion of cars, boats, or amusement park rides. You may also get sick from playing video games, or looking through a microscope. You can take some 19 to help avoid the discomfort. If you are traveling, reserve seats where motion is felt the least, such as the front row of a car or forward cars of a train. Looking out into the distance from the vehicle can help 20 . You can also take medicine before your ride to avoid or reduce nausea and vomiting."
學測英文,114,20,16,綜合測驗：as well,A,K1,T7,E11,help as well：也有幫助,(A) as well (B) by far (C) at least (D) after all,"第16 至20 題為題組 If you have ever been sick to your stomach on a rocking boat or a bumpy car ride, you know the discomfort of motion sickness. It can 16 suddenly, progressing from a feeling of uneasiness to a cold sweat. Soon, it can lead to dizziness, nausea, and vomiting. Motion sickness occurs when the signals your brain receives from your eyes, ears, and body 17 . Your brain doesn’t know whether you are stationary or moving when these parts send conflicting information: One part of your balance-sensing system detects that your body is moving, but the other parts 18 . Your brain’s confused reaction makes you feel sick. You may experience the discomfort from the motion of cars, boats, or amusement park rides. You may also get sick from playing video games, or looking through a microscope. You can take some 19 to help avoid the discomfort. If you are traveling, reserve seats where motion is felt the least, such as the front row of a car or forward cars of a train. Looking out into the distance from the vehicle can help 20 . You can also take medicine before your ride to avoid or reduce nausea and vomiting."
學測英文,114,21,21,文意選填：noted,I,K1,T7,E9,be noted for：以……著名,,"第21 至30 題為題組 The Notre-Dame de Paris is one of the most famous cathedrals in Europe. Located at the heart of Paris, this medieval cathedral is 21 for its intricate architecture, stunning stained glass windows, and, above all, its bells. Mounted in the two tall towers of the cathedral, Notre-Dame’s bells have been ringing for over 800 years. In fact, there is documented 22 to the ringing of bells even before the cathedral’s construction was completed, dating as far back as the 12th century. The 10 bells vary in size, each 23 a name. The largest one, named “Emmanuel,” weighs over 13 tons. It is the only one of the whole group that 24 the French Revolution, while the rest were melted down for weapons. The melted bells were recast in the late 19th century. But due to their poor acoustic quality, all of the bells were replaced in 2013—except for Emmanuel, which 25 its renowned, excellent sound. This particular bell, ringing in F sharp, is considered one of the most harmonically beautiful in Europe. Over centuries, the bells have become a 26 part of life in Paris, where they are known as “the cathedral’s voice.” They have been used to mark the hours of the day, to call the 27 to prayer, and to signal emergency situations such as fires and invasions. They have also rung in times of 28 and of mourning, announcing such events as royal weddings and coronations of kings, as well as funerals of heads of state. However, after the devastating fire that damaged the cathedral in 2019, the bells fell 29 . The building went through a complex and time-consuming process of 30 , and the famous monument was finally reopened on December 8, 2024. The sounds of Notre-Dame bells once again filled the air in Paris, and will be heard for generations to come. (A) reference (B) bearing (C) familiar (D) retained (E) faithful (F) survived (G) celebration (H) restoration (I) noted (J) silent"
學測英文,114,22,21,文意選填：reference,A,K1,T7,E9,documented reference to：有文獻提到,,"第21 至30 題為題組 The Notre-Dame de Paris is one of the most famous cathedrals in Europe. Located at the heart of Paris, this medieval cathedral is 21 for its intricate architecture, stunning stained glass windows, and, above all, its bells. Mounted in the two tall towers of the cathedral, Notre-Dame’s bells have been ringing for over 800 years. In fact, there is documented 22 to the ringing of bells even before the cathedral’s construction was completed, dating as far back as the 12th century. The 10 bells vary in size, each 23 a name. The largest one, named “Emmanuel,” weighs over 13 tons. It is the only one of the whole group that 24 the French Revolution, while the rest were melted down for weapons. The melted bells were recast in the late 19th century. But due to their poor acoustic quality, all of the bells were replaced in 2013—except for Emmanuel, which 25 its renowned, excellent sound. This particular bell, ringing in F sharp, is considered one of the most harmonically beautiful in Europe. Over centuries, the bells have become a 26 part of life in Paris, where they are known as “the cathedral’s voice.” They have been used to mark the hours of the day, to call the 27 to prayer, and to signal emergency situations such as fires and invasions. They have also rung in times of 28 and of mourning, announcing such events as royal weddings and coronations of kings, as well as funerals of heads of state. However, after the devastating fire that damaged the cathedral in 2019, the bells fell 29 . The building went through a complex and time-consuming process of 30 , and the famous monument was finally reopened on December 8, 2024. The sounds of Notre-Dame bells once again filled the air in Paris, and will be heard for generations to come. (A) reference (B) bearing (C) familiar (D) retained (E) faithful (F) survived (G) celebration (H) restoration (I) noted (J) silent"
學測英文,114,23,21,文意選填：bearing,B,K2,T8,E12,each bearing a name：分詞構句表附帶狀況,,"第21 至30 題為題組 The Notre-Dame de Paris is one of the most famous cathedrals in Europe. Located at the heart of Paris, this medieval cathedral is 21 for its intricate architecture, stunning stained glass windows, and, above all, its bells. Mounted in the two tall towers of the cathedral, Notre-Dame’s bells have been ringing for over 800 years. In fact, there is documented 22 to the ringing of bells even before the cathedral’s construction was completed, dating as far back as the 12th century. The 10 bells vary in size, each 23 a name. The largest one, named “Emmanuel,” weighs over 13 tons. It is the only one of the whole group that 24 the French Revolution, while the rest were melted down for weapons. The melted bells were recast in the late 19th century. But due to their poor acoustic quality, all of the bells were replaced in 2013—except for Emmanuel, which 25 its renowned, excellent sound. This particular bell, ringing in F sharp, is considered one of the most harmonically beautiful in Europe. Over centuries, the bells have become a 26 part of life in Paris, where they are known as “the cathedral’s voice.” They have been used to mark the hours of the day, to call the 27 to prayer, and to signal emergency situations such as fires and invasions. They have also rung in times of 28 and of mourning, announcing such events as royal weddings and coronations of kings, as well as funerals of heads of state. However, after the devastating fire that damaged the cathedral in 2019, the bells fell 29 . The building went through a complex and time-consuming process of 30 , and the famous monument was finally reopened on December 8, 2024. The sounds of Notre-Dame bells once again filled the air in Paris, and will be heard for generations to come. (A) reference (B) bearing (C) familiar (D) retained (E) faithful (F) survived (G) celebration (H) restoration (I) noted (J) silent"
學測英文,114,24,21,文意選填：survived,F,K1,T7,E9,the only one that survived：唯一留存下來的,,"第21 至30 題為題組 The Notre-Dame de Paris is one of the most famous cathedrals in Europe. Located at the heart of Paris, this medieval cathedral is 21 for its intricate architecture, stunning stained glass windows, and, above all, its bells. Mounted in the two tall towers of the cathedral, Notre-Dame’s bells have been ringing for over 800 years. In fact, there is documented 22 to the ringing of bells even before the cathedral’s construction was completed, dating as far back as the 12th century. The 10 bells vary in size, each 23 a name. The largest one, named “Emmanuel,” weighs over 13 tons. It is the only one of the whole group that 24 the French Revolution, while the rest were melted down for weapons. The melted bells were recast in the late 19th century. But due to their poor acoustic quality, all of the bells were replaced in 2013—except for Emmanuel, which 25 its renowned, excellent sound. This particular bell, ringing in F sharp, is considered one of the most harmonically beautiful in Europe. Over centuries, the bells have become a 26 part of life in Paris, where they are known as “the cathedral’s voice.” They have been used to mark the hours of the day, to call the 27 to prayer, and to signal emergency situations such as fires and invasions. They have also rung in times of 28 and of mourning, announcing such events as royal weddings and coronations of kings, as well as funerals of heads of state. However, after the devastating fire that damaged the cathedral in 2019, the bells fell 29 . The building went through a complex and time-consuming process of 30 , and the famous monument was finally reopened on December 8, 2024. The sounds of Notre-Dame bells once again filled the air in Paris, and will be heard for generations to come. (A) reference (B) bearing (C) familiar (D) retained (E) faithful (F) survived (G) celebration (H) restoration (I) noted (J) silent"
學測英文,114,25,21,文意選填：retained,D,K1,T6,E9,其他都換掉，只有它「保留」好音色 retained,,"第21 至30 題為題組 The Notre-Dame de Paris is one of the most famous cathedrals in Europe. Located at the heart of Paris, this medieval cathedral is 21 for its intricate architecture, stunning stained glass windows, and, above all, its bells. Mounted in the two tall towers of the cathedral, Notre-Dame’s bells have been ringing for over 800 years. In fact, there is documented 22 to the ringing of bells even before the cathedral’s construction was completed, dating as far back as the 12th century. The 10 bells vary in size, each 23 a name. The largest one, named “Emmanuel,” weighs over 13 tons. It is the only one of the whole group that 24 the French Revolution, while the rest were melted down for weapons. The melted bells were recast in the late 19th century. But due to their poor acoustic quality, all of the bells were replaced in 2013—except for Emmanuel, which 25 its renowned, excellent sound. This particular bell, ringing in F sharp, is considered one of the most harmonically beautiful in Europe. Over centuries, the bells have become a 26 part of life in Paris, where they are known as “the cathedral’s voice.” They have been used to mark the hours of the day, to call the 27 to prayer, and to signal emergency situations such as fires and invasions. They have also rung in times of 28 and of mourning, announcing such events as royal weddings and coronations of kings, as well as funerals of heads of state. However, after the devastating fire that damaged the cathedral in 2019, the bells fell 29 . The building went through a complex and time-consuming process of 30 , and the famous monument was finally reopened on December 8, 2024. The sounds of Notre-Dame bells once again filled the air in Paris, and will be heard for generations to come. (A) reference (B) bearing (C) familiar (D) retained (E) faithful (F) survived (G) celebration (H) restoration (I) noted (J) silent"
學測英文,114,26,21,文意選填：familiar,C,K1,T7,E9,a familiar part of life：生活中熟悉的一部分,,"第21 至30 題為題組 The Notre-Dame de Paris is one of the most famous cathedrals in Europe. Located at the heart of Paris, this medieval cathedral is 21 for its intricate architecture, stunning stained glass windows, and, above all, its bells. Mounted in the two tall towers of the cathedral, Notre-Dame’s bells have been ringing for over 800 years. In fact, there is documented 22 to the ringing of bells even before the cathedral’s construction was completed, dating as far back as the 12th century. The 10 bells vary in size, each 23 a name. The largest one, named “Emmanuel,” weighs over 13 tons. It is the only one of the whole group that 24 the French Revolution, while the rest were melted down for weapons. The melted bells were recast in the late 19th century. But due to their poor acoustic quality, all of the bells were replaced in 2013—except for Emmanuel, which 25 its renowned, excellent sound. This particular bell, ringing in F sharp, is considered one of the most harmonically beautiful in Europe. Over centuries, the bells have become a 26 part of life in Paris, where they are known as “the cathedral’s voice.” They have been used to mark the hours of the day, to call the 27 to prayer, and to signal emergency situations such as fires and invasions. They have also rung in times of 28 and of mourning, announcing such events as royal weddings and coronations of kings, as well as funerals of heads of state. However, after the devastating fire that damaged the cathedral in 2019, the bells fell 29 . The building went through a complex and time-consuming process of 30 , and the famous monument was finally reopened on December 8, 2024. The sounds of Notre-Dame bells once again filled the air in Paris, and will be heard for generations to come. (A) reference (B) bearing (C) familiar (D) retained (E) faithful (F) survived (G) celebration (H) restoration (I) noted (J) silent"
學測英文,114,27,21,文意選填：faithful,E,K1,T7,E9,call the faithful to prayer：召喚信徒禱告,,"第21 至30 題為題組 The Notre-Dame de Paris is one of the most famous cathedrals in Europe. Located at the heart of Paris, this medieval cathedral is 21 for its intricate architecture, stunning stained glass windows, and, above all, its bells. Mounted in the two tall towers of the cathedral, Notre-Dame’s bells have been ringing for over 800 years. In fact, there is documented 22 to the ringing of bells even before the cathedral’s construction was completed, dating as far back as the 12th century. The 10 bells vary in size, each 23 a name. The largest one, named “Emmanuel,” weighs over 13 tons. It is the only one of the whole group that 24 the French Revolution, while the rest were melted down for weapons. The melted bells were recast in the late 19th century. But due to their poor acoustic quality, all of the bells were replaced in 2013—except for Emmanuel, which 25 its renowned, excellent sound. This particular bell, ringing in F sharp, is considered one of the most harmonically beautiful in Europe. Over centuries, the bells have become a 26 part of life in Paris, where they are known as “the cathedral’s voice.” They have been used to mark the hours of the day, to call the 27 to prayer, and to signal emergency situations such as fires and invasions. They have also rung in times of 28 and of mourning, announcing such events as royal weddings and coronations of kings, as well as funerals of heads of state. However, after the devastating fire that damaged the cathedral in 2019, the bells fell 29 . The building went through a complex and time-consuming process of 30 , and the famous monument was finally reopened on December 8, 2024. The sounds of Notre-Dame bells once again filled the air in Paris, and will be heard for generations to come. (A) reference (B) bearing (C) familiar (D) retained (E) faithful (F) survived (G) celebration (H) restoration (I) noted (J) silent"
學測英文,114,28,21,文意選填：celebration,G,K1,T6,E9,與 mourning 對比：celebration,,"第21 至30 題為題組 The Notre-Dame de Paris is one of the most famous cathedrals in Europe. Located at the heart of Paris, this medieval cathedral is 21 for its intricate architecture, stunning stained glass windows, and, above all, its bells. Mounted in the two tall towers of the cathedral, Notre-Dame’s bells have been ringing for over 800 years. In fact, there is documented 22 to the ringing of bells even before the cathedral’s construction was completed, dating as far back as the 12th century. The 10 bells vary in size, each 23 a name. The largest one, named “Emmanuel,” weighs over 13 tons. It is the only one of the whole group that 24 the French Revolution, while the rest were melted down for weapons. The melted bells were recast in the late 19th century. But due to their poor acoustic quality, all of the bells were replaced in 2013—except for Emmanuel, which 25 its renowned, excellent sound. This particular bell, ringing in F sharp, is considered one of the most harmonically beautiful in Europe. Over centuries, the bells have become a 26 part of life in Paris, where they are known as “the cathedral’s voice.” They have been used to mark the hours of the day, to call the 27 to prayer, and to signal emergency situations such as fires and invasions. They have also rung in times of 28 and of mourning, announcing such events as royal weddings and coronations of kings, as well as funerals of heads of state. However, after the devastating fire that damaged the cathedral in 2019, the bells fell 29 . The building went through a complex and time-consuming process of 30 , and the famous monument was finally reopened on December 8, 2024. The sounds of Notre-Dame bells once again filled the air in Paris, and will be heard for generations to come. (A) reference (B) bearing (C) familiar (D) retained (E) faithful (F) survived (G) celebration (H) restoration (I) noted (J) silent"
學測英文,114,29,21,文意選填：silent,J,K1,T7,E9,the bells fell silent：鐘聲沉寂,,"第21 至30 題為題組 The Notre-Dame de Paris is one of the most famous cathedrals in Europe. Located at the heart of Paris, this medieval cathedral is 21 for its intricate architecture, stunning stained glass windows, and, above all, its bells. Mounted in the two tall towers of the cathedral, Notre-Dame’s bells have been ringing for over 800 years. In fact, there is documented 22 to the ringing of bells even before the cathedral’s construction was completed, dating as far back as the 12th century. The 10 bells vary in size, each 23 a name. The largest one, named “Emmanuel,” weighs over 13 tons. It is the only one of the whole group that 24 the French Revolution, while the rest were melted down for weapons. The melted bells were recast in the late 19th century. But due to their poor acoustic quality, all of the bells were replaced in 2013—except for Emmanuel, which 25 its renowned, excellent sound. This particular bell, ringing in F sharp, is considered one of the most harmonically beautiful in Europe. Over centuries, the bells have become a 26 part of life in Paris, where they are known as “the cathedral’s voice.” They have been used to mark the hours of the day, to call the 27 to prayer, and to signal emergency situations such as fires and invasions. They have also rung in times of 28 and of mourning, announcing such events as royal weddings and coronations of kings, as well as funerals of heads of state. However, after the devastating fire that damaged the cathedral in 2019, the bells fell 29 . The building went through a complex and time-consuming process of 30 , and the famous monument was finally reopened on December 8, 2024. The sounds of Notre-Dame bells once again filled the air in Paris, and will be heard for generations to come. (A) reference (B) bearing (C) familiar (D) retained (E) faithful (F) survived (G) celebration (H) restoration (I) noted (J) silent"
學測英文,114,30,21,文意選填：restoration,H,K1,T7,E9,process of restoration：修復工程,,"第21 至30 題為題組 The Notre-Dame de Paris is one of the most famous cathedrals in Europe. Located at the heart of Paris, this medieval cathedral is 21 for its intricate architecture, stunning stained glass windows, and, above all, its bells. Mounted in the two tall towers of the cathedral, Notre-Dame’s bells have been ringing for over 800 years. In fact, there is documented 22 to the ringing of bells even before the cathedral’s construction was completed, dating as far back as the 12th century. The 10 bells vary in size, each 23 a name. The largest one, named “Emmanuel,” weighs over 13 tons. It is the only one of the whole group that 24 the French Revolution, while the rest were melted down for weapons. The melted bells were recast in the late 19th century. But due to their poor acoustic quality, all of the bells were replaced in 2013—except for Emmanuel, which 25 its renowned, excellent sound. This particular bell, ringing in F sharp, is considered one of the most harmonically beautiful in Europe. Over centuries, the bells have become a 26 part of life in Paris, where they are known as “the cathedral’s voice.” They have been used to mark the hours of the day, to call the 27 to prayer, and to signal emergency situations such as fires and invasions. They have also rung in times of 28 and of mourning, announcing such events as royal weddings and coronations of kings, as well as funerals of heads of state. However, after the devastating fire that damaged the cathedral in 2019, the bells fell 29 . The building went through a complex and time-consuming process of 30 , and the famous monument was finally reopened on December 8, 2024. The sounds of Notre-Dame bells once again filled the air in Paris, and will be heard for generations to come. (A) reference (B) bearing (C) familiar (D) retained (E) faithful (F) survived (G) celebration (H) restoration (I) noted (J) silent"
學測英文,114,31,31,篇章結構：句子插入,D,B5,T6,E7,接在「起初為商務人士設計」之後：如今遍及全球大城市,,"第31 至34 題為題組 A capsule hotel, also known as a pod hotel, is a unique type of basic, affordable accommodation. Originated in Japan, these hotels were initially meant for business professionals to stay close to populated business districts without spending a lot. 31 A typical room of a capsule hotel is roughly the length and width of a single bed, with sufficient height for a guest to crawl in and sit up on the bed. The walls of each capsule may be made of wood, metal or any rigid material, but are often fiberglass or plastic. 32 Each capsule is equipped with a comfortable mattress, a small light, and sometimes a television or other entertainment options. Such minimalist design is what makes these hotels both inexpensive and efficient, providing only the essential elements for a good night sleep. The first capsule hotel, the Capsule Inn Osaka, opened in 1979. Since then, capsule hotels have quickly spread to other cities and countries. Chains have emerged in Taiwan, Singapore, and even on resort islands like Bali. Pod hotels are also seen in Europe and North America, especially in big cities like New York, London, and Paris. 33 Instead of the traditional bare pod-sized style, new chains now feature interior design that appeals to digitally connected travelers from around the world. Guests may enjoy facilities such as free Wi-Fi, mobile charging, and even a soundless alarm system that raises the sleeping guests into a seated position while gradually brightening the lights. While offering budget-conscious travelers a unique option, capsule hotels may not be suitable for everyone. Some hotels may not provide air conditioning in the capsules, leading to poor air flow. 34 Also, you may have to share common facilities (such as bathrooms) with other guests. And, if you’re worried about feeling claustrophobic in small spaces, you’d better think twice before making a reservation. (A) In response to rising demands, these hotels are embracing a wave of innovation. (B) The room’s thin plastic walls easily transmit the sound of snoring made by neighboring guests. (C) The chambers are stacked side-by-side, two units high, with the upper rooms reached by a ladder. (D) Today, they provide low-budget, overnight lodging in commerce centers in large cities worldwide."
學測英文,114,32,31,篇章結構：句子插入,C,B5,T6,E7,接在房間大小與牆面材質之後：膠囊並排堆疊兩層,,"第31 至34 題為題組 A capsule hotel, also known as a pod hotel, is a unique type of basic, affordable accommodation. Originated in Japan, these hotels were initially meant for business professionals to stay close to populated business districts without spending a lot. 31 A typical room of a capsule hotel is roughly the length and width of a single bed, with sufficient height for a guest to crawl in and sit up on the bed. The walls of each capsule may be made of wood, metal or any rigid material, but are often fiberglass or plastic. 32 Each capsule is equipped with a comfortable mattress, a small light, and sometimes a television or other entertainment options. Such minimalist design is what makes these hotels both inexpensive and efficient, providing only the essential elements for a good night sleep. The first capsule hotel, the Capsule Inn Osaka, opened in 1979. Since then, capsule hotels have quickly spread to other cities and countries. Chains have emerged in Taiwan, Singapore, and even on resort islands like Bali. Pod hotels are also seen in Europe and North America, especially in big cities like New York, London, and Paris. 33 Instead of the traditional bare pod-sized style, new chains now feature interior design that appeals to digitally connected travelers from around the world. Guests may enjoy facilities such as free Wi-Fi, mobile charging, and even a soundless alarm system that raises the sleeping guests into a seated position while gradually brightening the lights. While offering budget-conscious travelers a unique option, capsule hotels may not be suitable for everyone. Some hotels may not provide air conditioning in the capsules, leading to poor air flow. 34 Also, you may have to share common facilities (such as bathrooms) with other guests. And, if you’re worried about feeling claustrophobic in small spaces, you’d better think twice before making a reservation. (A) In response to rising demands, these hotels are embracing a wave of innovation. (B) The room’s thin plastic walls easily transmit the sound of snoring made by neighboring guests. (C) The chambers are stacked side-by-side, two units high, with the upper rooms reached by a ladder. (D) Today, they provide low-budget, overnight lodging in commerce centers in large cities worldwide."
學測英文,114,33,31,篇章結構：句子插入,A,B5,T6,E7,下文描述新的設計與設施：旅館正在創新,,"第31 至34 題為題組 A capsule hotel, also known as a pod hotel, is a unique type of basic, affordable accommodation. Originated in Japan, these hotels were initially meant for business professionals to stay close to populated business districts without spending a lot. 31 A typical room of a capsule hotel is roughly the length and width of a single bed, with sufficient height for a guest to crawl in and sit up on the bed. The walls of each capsule may be made of wood, metal or any rigid material, but are often fiberglass or plastic. 32 Each capsule is equipped with a comfortable mattress, a small light, and sometimes a television or other entertainment options. Such minimalist design is what makes these hotels both inexpensive and efficient, providing only the essential elements for a good night sleep. The first capsule hotel, the Capsule Inn Osaka, opened in 1979. Since then, capsule hotels have quickly spread to other cities and countries. Chains have emerged in Taiwan, Singapore, and even on resort islands like Bali. Pod hotels are also seen in Europe and North America, especially in big cities like New York, London, and Paris. 33 Instead of the traditional bare pod-sized style, new chains now feature interior design that appeals to digitally connected travelers from around the world. Guests may enjoy facilities such as free Wi-Fi, mobile charging, and even a soundless alarm system that raises the sleeping guests into a seated position while gradually brightening the lights. While offering budget-conscious travelers a unique option, capsule hotels may not be suitable for everyone. Some hotels may not provide air conditioning in the capsules, leading to poor air flow. 34 Also, you may have to share common facilities (such as bathrooms) with other guests. And, if you’re worried about feeling claustrophobic in small spaces, you’d better think twice before making a reservation. (A) In response to rising demands, these hotels are embracing a wave of innovation. (B) The room’s thin plastic walls easily transmit the sound of snoring made by neighboring guests. (C) The chambers are stacked side-by-side, two units high, with the upper rooms reached by a ladder. (D) Today, they provide low-budget, overnight lodging in commerce centers in large cities worldwide."
學測英文,114,34,31,篇章結構：句子插入,B,B5,T6,E7,接在「缺點」之後：牆薄會傳來鼾聲,,"第31 至34 題為題組 A capsule hotel, also known as a pod hotel, is a unique type of basic, affordable accommodation. Originated in Japan, these hotels were initially meant for business professionals to stay close to populated business districts without spending a lot. 31 A typical room of a capsule hotel is roughly the length and width of a single bed, with sufficient height for a guest to crawl in and sit up on the bed. The walls of each capsule may be made of wood, metal or any rigid material, but are often fiberglass or plastic. 32 Each capsule is equipped with a comfortable mattress, a small light, and sometimes a television or other entertainment options. Such minimalist design is what makes these hotels both inexpensive and efficient, providing only the essential elements for a good night sleep. The first capsule hotel, the Capsule Inn Osaka, opened in 1979. Since then, capsule hotels have quickly spread to other cities and countries. Chains have emerged in Taiwan, Singapore, and even on resort islands like Bali. Pod hotels are also seen in Europe and North America, especially in big cities like New York, London, and Paris. 33 Instead of the traditional bare pod-sized style, new chains now feature interior design that appeals to digitally connected travelers from around the world. Guests may enjoy facilities such as free Wi-Fi, mobile charging, and even a soundless alarm system that raises the sleeping guests into a seated position while gradually brightening the lights. While offering budget-conscious travelers a unique option, capsule hotels may not be suitable for everyone. Some hotels may not provide air conditioning in the capsules, leading to poor air flow. 34 Also, you may have to share common facilities (such as bathrooms) with other guests. And, if you’re worried about feeling claustrophobic in small spaces, you’d better think twice before making a reservation. (A) In response to rising demands, these hotels are embracing a wave of innovation. (B) The room’s thin plastic walls easily transmit the sound of snoring made by neighboring guests. (C) The chambers are stacked side-by-side, two units high, with the upper rooms reached by a ladder. (D) Today, they provide low-budget, overnight lodging in commerce centers in large cities worldwide."
學測英文,114,35,35,閱讀測驗：主旨,A,B3,T4,E2,主旨：交通號誌系統的演變，不只發明者,What is this passage mainly about? (A) The evolution of traffic control systems. (B) The inventors of traffic lights in history. (C) The functions of different traffic signals. (D) The development of modern transportation.,"第35 至38 題為題組 While waiting to cross the street at busy intersections, have you ever wondered who invented the traffic light? Most people credit the first traffic light to Nottingham engineer John Peake Knight. A railway manager, Knight specialized in designing the signaling system for Britain’s growing railway network in the 1860s. He saw no reason why this could not be adapted for use on the busy London intersections. Thus, he proposed a signaling system based on the railway movable-arm signal: Arms extending horizontally commanded drivers to stop, whereas arms lowered to a 45-degree angle told drivers to move on, resembling a traffic director’s gestures. Red and green gas lamps were added to the signal for use at night. A police officer was stationed by the side to operate the system. Knight’s traffic signal was installed near London’s Westminster Bridge in December 1868, but the system was short-lived. A gas leak one month later caused an explosion in the lights, injuring the policeman operating it. Deemed a public hazard, the project was immediately dropped, and traffic lights were banned until their return in 1929 back to the British streets. In the early 1900s, versions of the British traffic lights appeared in big cities in America, where traffic was on a sharp rise. Systems using movable arms were popular in Chicago, while those using the red and green lights were adopted in San Francisco. Patents with innovations on Knight’s ideas were filed nationwide. A major breakthrough was the yellow light invented by a Detroit police officer William Potts. Installed in Detroit in 1920, Potts’ three-color system allowed for the added signal “proceed with caution” to be displayed. Now, with the emergence of self-driving cars, researchers have begun to suggest that traffic signals are no longer necessary. Intersections will operate in a way that cars automatically adjust their speed to cross through, while maintaining safe distances from other vehicles. In the near future, we may experience a brand new form of traffic management!"
學測英文,114,36,35,閱讀測驗：圖表判讀,C,B4,T3,E8,圖文對照：可動臂號誌加紅綠燈,Which of the following pictures shows Knight’s proposed traffic signal? (A) (B) (C) (D),"第35 至38 題為題組 While waiting to cross the street at busy intersections, have you ever wondered who invented the traffic light? Most people credit the first traffic light to Nottingham engineer John Peake Knight. A railway manager, Knight specialized in designing the signaling system for Britain’s growing railway network in the 1860s. He saw no reason why this could not be adapted for use on the busy London intersections. Thus, he proposed a signaling system based on the railway movable-arm signal: Arms extending horizontally commanded drivers to stop, whereas arms lowered to a 45-degree angle told drivers to move on, resembling a traffic director’s gestures. Red and green gas lamps were added to the signal for use at night. A police officer was stationed by the side to operate the system. Knight’s traffic signal was installed near London’s Westminster Bridge in December 1868, but the system was short-lived. A gas leak one month later caused an explosion in the lights, injuring the policeman operating it. Deemed a public hazard, the project was immediately dropped, and traffic lights were banned until their return in 1929 back to the British streets. In the early 1900s, versions of the British traffic lights appeared in big cities in America, where traffic was on a sharp rise. Systems using movable arms were popular in Chicago, while those using the red and green lights were adopted in San Francisco. Patents with innovations on Knight’s ideas were filed nationwide. A major breakthrough was the yellow light invented by a Detroit police officer William Potts. Installed in Detroit in 1920, Potts’ three-color system allowed for the added signal “proceed with caution” to be displayed. Now, with the emergence of self-driving cars, researchers have begun to suggest that traffic signals are no longer necessary. Intersections will operate in a way that cars automatically adjust their speed to cross through, while maintaining safe distances from other vehicles. In the near future, we may experience a brand new form of traffic management!"
學測英文,114,37,35,閱讀測驗：細節,D,A1,T6,E1,未來自駕車可能不需要紅綠燈；受傷的是警察,"Which of the following statements is true, according to the passage? (A) Knight was injured in the explosion of his traffic light. (B) Potts’ traffic light was the first one to appear in the USA. (C) The first traffic signal originated from the idea of a traffic director. (D) Future vehicles may not need traffic lights to cross an intersection.","第35 至38 題為題組 While waiting to cross the street at busy intersections, have you ever wondered who invented the traffic light? Most people credit the first traffic light to Nottingham engineer John Peake Knight. A railway manager, Knight specialized in designing the signaling system for Britain’s growing railway network in the 1860s. He saw no reason why this could not be adapted for use on the busy London intersections. Thus, he proposed a signaling system based on the railway movable-arm signal: Arms extending horizontally commanded drivers to stop, whereas arms lowered to a 45-degree angle told drivers to move on, resembling a traffic director’s gestures. Red and green gas lamps were added to the signal for use at night. A police officer was stationed by the side to operate the system. Knight’s traffic signal was installed near London’s Westminster Bridge in December 1868, but the system was short-lived. A gas leak one month later caused an explosion in the lights, injuring the policeman operating it. Deemed a public hazard, the project was immediately dropped, and traffic lights were banned until their return in 1929 back to the British streets. In the early 1900s, versions of the British traffic lights appeared in big cities in America, where traffic was on a sharp rise. Systems using movable arms were popular in Chicago, while those using the red and green lights were adopted in San Francisco. Patents with innovations on Knight’s ideas were filed nationwide. A major breakthrough was the yellow light invented by a Detroit police officer William Potts. Installed in Detroit in 1920, Potts’ three-color system allowed for the added signal “proceed with caution” to be displayed. Now, with the emergence of self-driving cars, researchers have begun to suggest that traffic signals are no longer necessary. Intersections will operate in a way that cars automatically adjust their speed to cross through, while maintaining safe distances from other vehicles. In the near future, we may experience a brand new form of traffic management!"
學測英文,114,38,35,閱讀測驗：細節,C,B5,T3,E7,這句話說「被全世界沿用」，放在黃燈發明那段最後,Here is a sentence: “This design was adopted in later traffic light designs across the world.” Which paragraph is most suitable to have it as the final sentence? (A) Paragraph 1. (B) Paragraph 2. (C) Paragraph 3. (D) Paragraph 4.,"第35 至38 題為題組 While waiting to cross the street at busy intersections, have you ever wondered who invented the traffic light? Most people credit the first traffic light to Nottingham engineer John Peake Knight. A railway manager, Knight specialized in designing the signaling system for Britain’s growing railway network in the 1860s. He saw no reason why this could not be adapted for use on the busy London intersections. Thus, he proposed a signaling system based on the railway movable-arm signal: Arms extending horizontally commanded drivers to stop, whereas arms lowered to a 45-degree angle told drivers to move on, resembling a traffic director’s gestures. Red and green gas lamps were added to the signal for use at night. A police officer was stationed by the side to operate the system. Knight’s traffic signal was installed near London’s Westminster Bridge in December 1868, but the system was short-lived. A gas leak one month later caused an explosion in the lights, injuring the policeman operating it. Deemed a public hazard, the project was immediately dropped, and traffic lights were banned until their return in 1929 back to the British streets. In the early 1900s, versions of the British traffic lights appeared in big cities in America, where traffic was on a sharp rise. Systems using movable arms were popular in Chicago, while those using the red and green lights were adopted in San Francisco. Patents with innovations on Knight’s ideas were filed nationwide. A major breakthrough was the yellow light invented by a Detroit police officer William Potts. Installed in Detroit in 1920, Potts’ three-color system allowed for the added signal “proceed with caution” to be displayed. Now, with the emergence of self-driving cars, researchers have begun to suggest that traffic signals are no longer necessary. Intersections will operate in a way that cars automatically adjust their speed to cross through, while maintaining safe distances from other vehicles. In the near future, we may experience a brand new form of traffic management!"
學測英文,114,39,39,閱讀測驗：推論,A,B2,T5,E5,研究談恐懼與情緒，屬於心理學,What field of study does the research mentioned in the passage most likely belong to? (A) Psychology. (B) Education. (C) Philosophy. (D) Communication.,"第39 至42 題為題組 Typically featuring zombies and serial killers, horror movies are too frightening to be fun for some people. But many others enjoy a good fear spectacle, and line up to see the latest scary movie. Given the variations in preferences, new studies have started to untangle the benefits and risks of horror movies. One benefit of horror movies revolves around the concept of so-called “safe fear.” When watching a frightening film, people are in the comfort of their own home or theater seats rather than under the threat of any real danger. In a controlled environment, these films may actually reduce the negative impact on viewers and help them become tougher. Secondly, as people are drawn into the story, they tend to take the perspective of the characters and rehearse the plot unconsciously. Researchers believe that viewers are learning vicariously this way, picking up tips on how to handle threats in the real world. In addition, studies show that the thrill and excitement linked with scary films can be therapeutic: It allows viewers to release bottled-up emotions and experience a sense of relief after the movie is over. This probably explains why during the COVID-19 pandemic, horror and pandemic thrillers were the most-watched movies on digital movie apps. However, researchers also find that horror movies can have negative effects on some people. People who are more sensitive to anxiety can panic after viewing a thriller. For those with unpleasant experiences, trauma may be triggered by the themes and images in the movies, which could make their symptoms worse. Furthermore, watching horror movies can disturb sleep patterns, as the residual fear and anxiety they evoke may keep people awake all night, thus leading to fatigue and irritability the following day. Finally, specialists warn that frightening films can have a negative impact on children. Children under 14 who watch horror movies have a greater chance of developing anxiety later in adulthood. Worse yet, exposure to graphic violence and bloodshed can make them less sensitive to real-life violence and more accepting of aggression."
學測英文,114,40,39,閱讀測驗：字義,B,A2,T1,E3,learning vicariously：透過觀察他人學習,What does the author mean by “learning vicariously” in the second paragraph? (A) Making inquiries without reservation. (B) Gaining knowledge through observation. (C) Acquiring insights by face-to-face interaction. (D) Obtaining information from personal experience.,"第39 至42 題為題組 Typically featuring zombies and serial killers, horror movies are too frightening to be fun for some people. But many others enjoy a good fear spectacle, and line up to see the latest scary movie. Given the variations in preferences, new studies have started to untangle the benefits and risks of horror movies. One benefit of horror movies revolves around the concept of so-called “safe fear.” When watching a frightening film, people are in the comfort of their own home or theater seats rather than under the threat of any real danger. In a controlled environment, these films may actually reduce the negative impact on viewers and help them become tougher. Secondly, as people are drawn into the story, they tend to take the perspective of the characters and rehearse the plot unconsciously. Researchers believe that viewers are learning vicariously this way, picking up tips on how to handle threats in the real world. In addition, studies show that the thrill and excitement linked with scary films can be therapeutic: It allows viewers to release bottled-up emotions and experience a sense of relief after the movie is over. This probably explains why during the COVID-19 pandemic, horror and pandemic thrillers were the most-watched movies on digital movie apps. However, researchers also find that horror movies can have negative effects on some people. People who are more sensitive to anxiety can panic after viewing a thriller. For those with unpleasant experiences, trauma may be triggered by the themes and images in the movies, which could make their symptoms worse. Furthermore, watching horror movies can disturb sleep patterns, as the residual fear and anxiety they evoke may keep people awake all night, thus leading to fatigue and irritability the following day. Finally, specialists warn that frightening films can have a negative impact on children. Children under 14 who watch horror movies have a greater chance of developing anxiety later in adulthood. Worse yet, exposure to graphic violence and bloodshed can make them less sensitive to real-life violence and more accepting of aggression."
學測英文,114,41,39,閱讀測驗：推論,D,B2,T2,E5,兒童看恐怖片會影響成年後的焦慮，推知有長期影響,Which of the following statements about horror movies can be inferred from the passage? (A) Most horror movie lovers are prone to aggressive behavior. (B) There are far more benefits to horror movies than disadvantages. (C) COVID-19 was an important source of inspiration for horror movies. (D) Watching horror movies may have a long-term effect on personality.,"第39 至42 題為題組 Typically featuring zombies and serial killers, horror movies are too frightening to be fun for some people. But many others enjoy a good fear spectacle, and line up to see the latest scary movie. Given the variations in preferences, new studies have started to untangle the benefits and risks of horror movies. One benefit of horror movies revolves around the concept of so-called “safe fear.” When watching a frightening film, people are in the comfort of their own home or theater seats rather than under the threat of any real danger. In a controlled environment, these films may actually reduce the negative impact on viewers and help them become tougher. Secondly, as people are drawn into the story, they tend to take the perspective of the characters and rehearse the plot unconsciously. Researchers believe that viewers are learning vicariously this way, picking up tips on how to handle threats in the real world. In addition, studies show that the thrill and excitement linked with scary films can be therapeutic: It allows viewers to release bottled-up emotions and experience a sense of relief after the movie is over. This probably explains why during the COVID-19 pandemic, horror and pandemic thrillers were the most-watched movies on digital movie apps. However, researchers also find that horror movies can have negative effects on some people. People who are more sensitive to anxiety can panic after viewing a thriller. For those with unpleasant experiences, trauma may be triggered by the themes and images in the movies, which could make their symptoms worse. Furthermore, watching horror movies can disturb sleep patterns, as the residual fear and anxiety they evoke may keep people awake all night, thus leading to fatigue and irritability the following day. Finally, specialists warn that frightening films can have a negative impact on children. Children under 14 who watch horror movies have a greater chance of developing anxiety later in adulthood. Worse yet, exposure to graphic violence and bloodshed can make them less sensitive to real-life violence and more accepting of aggression."
學測英文,114,42,39,閱讀測驗：組織與手法,B,C1,T4,E7,全文先說好處再說壞處,How does the author develop the ideas in this passage? (A) By defining and illustrating a concept. (B) By showing opposing views of an issue. (C) By presenting cause and effect of a problem. (D) By providing steps for settling a disagreement.,"第39 至42 題為題組 Typically featuring zombies and serial killers, horror movies are too frightening to be fun for some people. But many others enjoy a good fear spectacle, and line up to see the latest scary movie. Given the variations in preferences, new studies have started to untangle the benefits and risks of horror movies. One benefit of horror movies revolves around the concept of so-called “safe fear.” When watching a frightening film, people are in the comfort of their own home or theater seats rather than under the threat of any real danger. In a controlled environment, these films may actually reduce the negative impact on viewers and help them become tougher. Secondly, as people are drawn into the story, they tend to take the perspective of the characters and rehearse the plot unconsciously. Researchers believe that viewers are learning vicariously this way, picking up tips on how to handle threats in the real world. In addition, studies show that the thrill and excitement linked with scary films can be therapeutic: It allows viewers to release bottled-up emotions and experience a sense of relief after the movie is over. This probably explains why during the COVID-19 pandemic, horror and pandemic thrillers were the most-watched movies on digital movie apps. However, researchers also find that horror movies can have negative effects on some people. People who are more sensitive to anxiety can panic after viewing a thriller. For those with unpleasant experiences, trauma may be triggered by the themes and images in the movies, which could make their symptoms worse. Furthermore, watching horror movies can disturb sleep patterns, as the residual fear and anxiety they evoke may keep people awake all night, thus leading to fatigue and irritability the following day. Finally, specialists warn that frightening films can have a negative impact on children. Children under 14 who watch horror movies have a greater chance of developing anxiety later in adulthood. Worse yet, exposure to graphic violence and bloodshed can make them less sensitive to real-life violence and more accepting of aggression."
學測英文,114,43,43,閱讀測驗：主旨,C,C1,T3,E7,第二段目的：反駁「俄國人天生愛喝酒」,What is the main purpose of the second paragraph in the passage? (A) To discuss the content of alcoholic drinks in ancient Europe. (B) To highlight the French impact on Russians’ drinking habits. (C) To argue against the assumption that Russians are born drinkers. (D) To link Russians’ vodka consumption to their adoption of Christianity.,"第43 至46 題為題組 Russia is widely portrayed as the most alcohol-dependent country in the world. Critics of the country say that drinking is almost an inherent trait of the Russian people. However, there is more to the story. The consumption of alcoholic beverages was unusual in ancient Russia. Before the adoption of Christianity in Russia (10th century), there were no vineyards and therefore no wine. People only drank beverages with low alcohol content. Vodka, Russia’s national drink, was not a Russian invention. The liquid was originally a grape alcohol introduced from France in the late 14th century. The first Russian-made vodka appeared in the 15th century, and the drink remained relatively low in alcohol content until the mid-18th century. There is contradictory information about Russians’ inclination toward alcohol in the 15th and 16th centuries. Some documents noted that Russians “indulge in excessive drinking whenever the occasion arises,” while others claimed that Russians “rarely drink wine.” The heaviest drinkers in medieval Europe were actually Germans. There were many sayings about their desire for alcohol, such as “drunk as a German.” The Russian state played a significant role in the spread of alcohol consumption in the country. In the 19th century, the emperors began to establish a state monopoly, largely due to the rise of illegal production of low-quality vodka. Thus, only the government was permitted to produce the alcohol. This soon filled the state treasury with huge revenues, but it also encouraged vodka consumption. The situation worsened when the industrial production of vodka began in the country, causing its prices to drop sharply and making it available to even low-income citizens. Meanwhile, a powerful anti-alcohol movement started in the 19th century. Government policies were made and public organizations established to prevent the spread of alcoholism in the country. The movement continued over the years; however, the problem remains. Although Russia does not occupy first place when it comes to alcohol consumption per capita, it is still close to the top."
學測英文,114,44,43,閱讀測驗：細節,A,A1,T3,E1,俄國自製伏特加始於十五世紀,Which of the following is true about vodka production? (A) Vodka production in Russia started in the 15th century. (B) The first vodka made from wheat was imported from France. (C) Germany was the biggest vodka producer in medieval Europe. (D) Russian people were encouraged to make their own vodka in the 19th century.,"第43 至46 題為題組 Russia is widely portrayed as the most alcohol-dependent country in the world. Critics of the country say that drinking is almost an inherent trait of the Russian people. However, there is more to the story. The consumption of alcoholic beverages was unusual in ancient Russia. Before the adoption of Christianity in Russia (10th century), there were no vineyards and therefore no wine. People only drank beverages with low alcohol content. Vodka, Russia’s national drink, was not a Russian invention. The liquid was originally a grape alcohol introduced from France in the late 14th century. The first Russian-made vodka appeared in the 15th century, and the drink remained relatively low in alcohol content until the mid-18th century. There is contradictory information about Russians’ inclination toward alcohol in the 15th and 16th centuries. Some documents noted that Russians “indulge in excessive drinking whenever the occasion arises,” while others claimed that Russians “rarely drink wine.” The heaviest drinkers in medieval Europe were actually Germans. There were many sayings about their desire for alcohol, such as “drunk as a German.” The Russian state played a significant role in the spread of alcohol consumption in the country. In the 19th century, the emperors began to establish a state monopoly, largely due to the rise of illegal production of low-quality vodka. Thus, only the government was permitted to produce the alcohol. This soon filled the state treasury with huge revenues, but it also encouraged vodka consumption. The situation worsened when the industrial production of vodka began in the country, causing its prices to drop sharply and making it available to even low-income citizens. Meanwhile, a powerful anti-alcohol movement started in the 19th century. Government policies were made and public organizations established to prevent the spread of alcoholism in the country. The movement continued over the years; however, the problem remains. Although Russia does not occupy first place when it comes to alcohol consumption per capita, it is still close to the top."
學測英文,114,45,43,閱讀測驗：指涉,D,B1,T3,E4,指涉：This 指國家專賣制度,What does “This” in the fourth paragraph refer to? (A) The alcohol. (B) The government. (C) The illegal production. (D) The state monopoly.,"第43 至46 題為題組 Russia is widely portrayed as the most alcohol-dependent country in the world. Critics of the country say that drinking is almost an inherent trait of the Russian people. However, there is more to the story. The consumption of alcoholic beverages was unusual in ancient Russia. Before the adoption of Christianity in Russia (10th century), there were no vineyards and therefore no wine. People only drank beverages with low alcohol content. Vodka, Russia’s national drink, was not a Russian invention. The liquid was originally a grape alcohol introduced from France in the late 14th century. The first Russian-made vodka appeared in the 15th century, and the drink remained relatively low in alcohol content until the mid-18th century. There is contradictory information about Russians’ inclination toward alcohol in the 15th and 16th centuries. Some documents noted that Russians “indulge in excessive drinking whenever the occasion arises,” while others claimed that Russians “rarely drink wine.” The heaviest drinkers in medieval Europe were actually Germans. There were many sayings about their desire for alcohol, such as “drunk as a German.” The Russian state played a significant role in the spread of alcohol consumption in the country. In the 19th century, the emperors began to establish a state monopoly, largely due to the rise of illegal production of low-quality vodka. Thus, only the government was permitted to produce the alcohol. This soon filled the state treasury with huge revenues, but it also encouraged vodka consumption. The situation worsened when the industrial production of vodka began in the country, causing its prices to drop sharply and making it available to even low-income citizens. Meanwhile, a powerful anti-alcohol movement started in the 19th century. Government policies were made and public organizations established to prevent the spread of alcoholism in the country. The movement continued over the years; however, the problem remains. Although Russia does not occupy first place when it comes to alcohol consumption per capita, it is still close to the top."
學測英文,114,46,43,閱讀測驗：組織與手法,A,C1,T4,E7,最後一段補充更多事實,How does the author conclude the passage in the last paragraph? (A) By providing further facts. (B) By summarizing the main ideas. (C) By raising a new problem. (D) By making a future prediction.,"第43 至46 題為題組 Russia is widely portrayed as the most alcohol-dependent country in the world. Critics of the country say that drinking is almost an inherent trait of the Russian people. However, there is more to the story. The consumption of alcoholic beverages was unusual in ancient Russia. Before the adoption of Christianity in Russia (10th century), there were no vineyards and therefore no wine. People only drank beverages with low alcohol content. Vodka, Russia’s national drink, was not a Russian invention. The liquid was originally a grape alcohol introduced from France in the late 14th century. The first Russian-made vodka appeared in the 15th century, and the drink remained relatively low in alcohol content until the mid-18th century. There is contradictory information about Russians’ inclination toward alcohol in the 15th and 16th centuries. Some documents noted that Russians “indulge in excessive drinking whenever the occasion arises,” while others claimed that Russians “rarely drink wine.” The heaviest drinkers in medieval Europe were actually Germans. There were many sayings about their desire for alcohol, such as “drunk as a German.” The Russian state played a significant role in the spread of alcohol consumption in the country. In the 19th century, the emperors began to establish a state monopoly, largely due to the rise of illegal production of low-quality vodka. Thus, only the government was permitted to produce the alcohol. This soon filled the state treasury with huge revenues, but it also encouraged vodka consumption. The situation worsened when the industrial production of vodka began in the country, causing its prices to drop sharply and making it available to even low-income citizens. Meanwhile, a powerful anti-alcohol movement started in the 19th century. Government policies were made and public organizations established to prevent the spread of alcoholism in the country. The movement continued over the years; however, the problem remains. Although Russia does not occupy first place when it comes to alcohol consumption per capita, it is still close to the top."
學測英文,114,47,47,混合題：填充,非選,B3,T0,E2,混合題填充：動物園的功能是保育與「娛樂或教育」,"47-48 請根據選文內容，從文章中選出兩個單詞，分別填入下列句子空格，並視句型結構需要作適 當的字形變化，使句子語意完整、語法正確，且符合全文文意。每格限填一個單詞（word）。 （填充，4分） Modern zoos serve the purposes of conserving endangered species as well as 47 visitors. However, some people are against zoos because the animals 48 there will lose the freedom they enjoy in the wild.","第47 至50 題為題組 A zoo is a place where animals in captivity are put on display for humans to see. While early zoos put emphasis on displaying as many unusual creatures as possible, most modern zoos now focus on conservation and education. Still, many animal rights activists believe the cost of confining animals outweighs the benefits. What are your opinions? Feel free to share your ideas on this forum. A. Amy Personally I’m against zoos, though I do understand some of the arguments why they should exist. I don’t agree with caging animals for our entertainment. B. Ben What gives humans the right to capture, confine, or breed other species? Even if an animal is endangered, does that justify restricting its freedom? C. Cathy Zoos are a tradition, and a visit to a zoo is a wholesome family activity. Wildlife encounters are unforgettable experiences for children and adults alike. D. Daniel To me, a zoo can be a good place for endangered species which have difficulty finding suitable mates in the wild. E. Eddie My childhood memory of a polar bear pacing back and forth in a very small space in a zoo keeps haunting me. Is it a good idea to keep animals in sites not suited to them? F. Frank Well, if zoos are an inevitability, zoo keepers must provide the best possible conditions for the animals that live in captivity—to say the least! G. George Zoos have an educational aspect to it. It’s easier to learn about an animal by seeing them in person. H. Henry Most animals in zoos are not endangered, nor are they being prepared for release into natural habitats. In fact, it is nearly impossible to release captive-bred animals. I. Irene Fostering empathy…By seeing an animal up close, the public could be encouraged to be more sensitive and compassionate to a species that is facing extinction in the wild. J. Jack In making a case for or against zoos, both sides argue that they’re saving animals. Whether or not zoos benefit the animal community, they certainly do make money. Like it or not, zoos will continue to exist as long as there is a demand for them."
學測英文,114,48,47,混合題：填充,非選,B3,T0,E2,混合題填充：動物被「關起來」而失去自由,"47-48 請根據選文內容，從文章中選出兩個單詞，分別填入下列句子空格，並視句型結構需要作適 當的字形變化，使句子語意完整、語法正確，且符合全文文意。每格限填一個單詞（word）。 （填充，4分） Modern zoos serve the purposes of conserving endangered species as well as 47 visitors. However, some people are against zoos because the animals 48 there will lose the freedom they enjoy in the wild.","第47 至50 題為題組 A zoo is a place where animals in captivity are put on display for humans to see. While early zoos put emphasis on displaying as many unusual creatures as possible, most modern zoos now focus on conservation and education. Still, many animal rights activists believe the cost of confining animals outweighs the benefits. What are your opinions? Feel free to share your ideas on this forum. A. Amy Personally I’m against zoos, though I do understand some of the arguments why they should exist. I don’t agree with caging animals for our entertainment. B. Ben What gives humans the right to capture, confine, or breed other species? Even if an animal is endangered, does that justify restricting its freedom? C. Cathy Zoos are a tradition, and a visit to a zoo is a wholesome family activity. Wildlife encounters are unforgettable experiences for children and adults alike. D. Daniel To me, a zoo can be a good place for endangered species which have difficulty finding suitable mates in the wild. E. Eddie My childhood memory of a polar bear pacing back and forth in a very small space in a zoo keeps haunting me. Is it a good idea to keep animals in sites not suited to them? F. Frank Well, if zoos are an inevitability, zoo keepers must provide the best possible conditions for the animals that live in captivity—to say the least! G. George Zoos have an educational aspect to it. It’s easier to learn about an animal by seeing them in person. H. Henry Most animals in zoos are not endangered, nor are they being prepared for release into natural habitats. In fact, it is nearly impossible to release captive-bred animals. I. Irene Fostering empathy…By seeing an animal up close, the public could be encouraged to be more sensitive and compassionate to a species that is facing extinction in the wild. J. Jack In making a case for or against zoos, both sides argue that they’re saving animals. Whether or not zoos benefit the animal community, they certainly do make money. Like it or not, zoos will continue to exist as long as there is a demand for them."
學測英文,114,49,47,混合題：多選,CDGI,C2,T3,E6,多選：分辨每則留言對動物園的態度，只選正面的,"From (A) to (J) in the above forum discussion, which ONES show a positive attitude toward zoos? （多選題，4 分）","第47 至50 題為題組 A zoo is a place where animals in captivity are put on display for humans to see. While early zoos put emphasis on displaying as many unusual creatures as possible, most modern zoos now focus on conservation and education. Still, many animal rights activists believe the cost of confining animals outweighs the benefits. What are your opinions? Feel free to share your ideas on this forum. A. Amy Personally I’m against zoos, though I do understand some of the arguments why they should exist. I don’t agree with caging animals for our entertainment. B. Ben What gives humans the right to capture, confine, or breed other species? Even if an animal is endangered, does that justify restricting its freedom? C. Cathy Zoos are a tradition, and a visit to a zoo is a wholesome family activity. Wildlife encounters are unforgettable experiences for children and adults alike. D. Daniel To me, a zoo can be a good place for endangered species which have difficulty finding suitable mates in the wild. E. Eddie My childhood memory of a polar bear pacing back and forth in a very small space in a zoo keeps haunting me. Is it a good idea to keep animals in sites not suited to them? F. Frank Well, if zoos are an inevitability, zoo keepers must provide the best possible conditions for the animals that live in captivity—to say the least! G. George Zoos have an educational aspect to it. It’s easier to learn about an animal by seeing them in person. H. Henry Most animals in zoos are not endangered, nor are they being prepared for release into natural habitats. In fact, it is nearly impossible to release captive-bred animals. I. Irene Fostering empathy…By seeing an animal up close, the public could be encouraged to be more sensitive and compassionate to a species that is facing extinction in the wild. J. Jack In making a case for or against zoos, both sides argue that they’re saving animals. Whether or not zoos benefit the animal community, they certainly do make money. Like it or not, zoos will continue to exist as long as there is a demand for them."
學測英文,114,50,47,混合題：簡答,非選,A2,T0,E3,混合題簡答：找出意思是「培養同理心」的片語,Which phrase on the forum discussion carries the meaning of “building the ability to understand and share the feelings of others”?（簡答題，2 分） _________________________________________________________________________________,"第47 至50 題為題組 A zoo is a place where animals in captivity are put on display for humans to see. While early zoos put emphasis on displaying as many unusual creatures as possible, most modern zoos now focus on conservation and education. Still, many animal rights activists believe the cost of confining animals outweighs the benefits. What are your opinions? Feel free to share your ideas on this forum. A. Amy Personally I’m against zoos, though I do understand some of the arguments why they should exist. I don’t agree with caging animals for our entertainment. B. Ben What gives humans the right to capture, confine, or breed other species? Even if an animal is endangered, does that justify restricting its freedom? C. Cathy Zoos are a tradition, and a visit to a zoo is a wholesome family activity. Wildlife encounters are unforgettable experiences for children and adults alike. D. Daniel To me, a zoo can be a good place for endangered species which have difficulty finding suitable mates in the wild. E. Eddie My childhood memory of a polar bear pacing back and forth in a very small space in a zoo keeps haunting me. Is it a good idea to keep animals in sites not suited to them? F. Frank Well, if zoos are an inevitability, zoo keepers must provide the best possible conditions for the animals that live in captivity—to say the least! G. George Zoos have an educational aspect to it. It’s easier to learn about an animal by seeing them in person. H. Henry Most animals in zoos are not endangered, nor are they being prepared for release into natural habitats. In fact, it is nearly impossible to release captive-bred animals. I. Irene Fostering empathy…By seeing an animal up close, the public could be encouraged to be more sensitive and compassionate to a species that is facing extinction in the wild. J. Jack In making a case for or against zoos, both sides argue that they’re saving animals. Whether or not zoos benefit the animal community, they certainly do make money. Like it or not, zoos will continue to exist as long as there is a demand for them."
學測英文,115,1,,詞彙：tight,B,K1,T7,E10,a tight schedule：行程滿檔,The mayor has such a ______ schedule that it takes weeks to arrange an interview with her. (A) hasty (B) tight (C) diligent (D) routine,
學測英文,115,2,,詞彙：amateur,C,K1,T6,E10,與 professional 對比：amateur（業餘）,"Jane started as an ______ art designer, but now she has a professional studio of her own. (A) official (B) instant (C) amateur (D) elementary",
學測英文,115,3,,詞彙：vacancy,B,K1,T7,E10,teaching vacancy：教師職缺,The teaching ______ at the famous high school soon attracted more than a dozen well-qualified applicants. (A) career (B) vacancy (C) expectation (D) inspiration,
學測英文,115,4,,詞彙：initially,A,K1,T7,E10,more than initially expected：比原本預期的多,"Designed by a young engineer, the new product has created far more profit than ______ expected. (A) initially (B) genuinely (C) alternatively (D) fundamentally",
學測英文,115,5,,詞彙：consumption,D,K1,T7,E10,balanced consumption：均衡攝取,It has been confirmed that a balanced ______ of fruit and vegetables is a key element to good health. (A) dimension (B) integration (C) provision (D) consumption,
學測英文,115,6,,詞彙：dreads,A,K1,T7,E10,dreads：害怕公開演講,"As a shy boy afraid of making public appearances, Timmy ______ the thought of speaking before large audiences. (A) dreads (B) stresses (C) wanders (D) escapes",
學測英文,115,7,,詞彙：passion,C,K1,T7,E10,life's passion：一生熱愛的事,"To the newly-crowned winner of the piano competition, music is his life’s ______, which he has devoted himself to whole-heartedly. (A) resource (B) impact (C) passion (D) emphasis",
學測英文,115,8,,詞彙：assaulted,B,K1,T7,E10,assaulted them with glass bottles：用玻璃瓶攻擊,The drunk driver who shouted at passers-by and ______ them with glass bottles was quickly arrested by the police. (A) shattered (B) assaulted (C) overturned (D) condemned,
學測英文,115,9,,詞彙：elbow,C,K1,T7,E10,elbow my way through：用手肘擠過人群,There were so many people at the bus station that I had to ______ my way through the crowd to board the bus in time. (A) crash (B) tumble (C) elbow (D) struggle,
學測英文,115,10,,詞彙：grave,D,K1,T7,E10,grave concerns：嚴重的憂慮,Deadly shootings on US campuses have raised ______ concerns about how to prevent such tragic incidents from happening again. (A) swift (B) brutal (C) harsh (D) grave,
學測英文,115,11,11,綜合測驗：it turns out,B,B5,T6,E7,前句說人類，後句說犀牛也一樣：it turns out,(A) what is more (B) it turns out (C) in other words (D) all in all,"第11 至15 題為題組 From the campfire to the café, people have always gathered together to share the latest news. White rhinoceroses, 11 , do the same thing—only their choice of meeting place is a giant pile of poop. A new study indicates that rhinos have a smelly way to 12 . Scientists studying white rhinos in South Africa have found that these animals leave messages in their poop. In particular, they leave their poop in the same place for all the other members in the group to smell—just like humans leaving messages on social media. Furthermore, different rhinos leave different chemicals in their poop, which provide important 13 about the age, sex, general health, and reproductive conditions of each specific rhino. This is of great significance for the peace and harmony in the group. When all members in a group know what’s going on with each other, it is 14 that they will fight. The researchers have even made “fake poop” to see how different rhinos would react. They find that dominant males are particularly 15 the “fake poop” that carries chemicals from females ready to mate. The males sniff it for longer duration and come back to the same spot more frequently, a clear sign that they are gathering information about mating opportunities from the poop."
學測英文,115,12,11,綜合測驗：communicate,C,K1,T7,E11,a smelly way to communicate：用臭味溝通,(A) demonstrate (B) immigrate (C) communicate (D) manipulate,"第11 至15 題為題組 From the campfire to the café, people have always gathered together to share the latest news. White rhinoceroses, 11 , do the same thing—only their choice of meeting place is a giant pile of poop. A new study indicates that rhinos have a smelly way to 12 . Scientists studying white rhinos in South Africa have found that these animals leave messages in their poop. In particular, they leave their poop in the same place for all the other members in the group to smell—just like humans leaving messages on social media. Furthermore, different rhinos leave different chemicals in their poop, which provide important 13 about the age, sex, general health, and reproductive conditions of each specific rhino. This is of great significance for the peace and harmony in the group. When all members in a group know what’s going on with each other, it is 14 that they will fight. The researchers have even made “fake poop” to see how different rhinos would react. They find that dominant males are particularly 15 the “fake poop” that carries chemicals from females ready to mate. The males sniff it for longer duration and come back to the same spot more frequently, a clear sign that they are gathering information about mating opportunities from the poop."
學測英文,115,13,11,綜合測驗：clues,D,K1,T7,E11,provide important clues：提供線索,(A) doubts (B) icons (C) matches (D) clues,"第11 至15 題為題組 From the campfire to the café, people have always gathered together to share the latest news. White rhinoceroses, 11 , do the same thing—only their choice of meeting place is a giant pile of poop. A new study indicates that rhinos have a smelly way to 12 . Scientists studying white rhinos in South Africa have found that these animals leave messages in their poop. In particular, they leave their poop in the same place for all the other members in the group to smell—just like humans leaving messages on social media. Furthermore, different rhinos leave different chemicals in their poop, which provide important 13 about the age, sex, general health, and reproductive conditions of each specific rhino. This is of great significance for the peace and harmony in the group. When all members in a group know what’s going on with each other, it is 14 that they will fight. The researchers have even made “fake poop” to see how different rhinos would react. They find that dominant males are particularly 15 the “fake poop” that carries chemicals from females ready to mate. The males sniff it for longer duration and come back to the same spot more frequently, a clear sign that they are gathering information about mating opportunities from the poop."
學測英文,115,14,11,綜合測驗：less likely,D,K1,T6,E11,彼此了解，打架的可能性「較低」,(A) hardly surprising (B) more acceptable (C) truly important (D) less likely,"第11 至15 題為題組 From the campfire to the café, people have always gathered together to share the latest news. White rhinoceroses, 11 , do the same thing—only their choice of meeting place is a giant pile of poop. A new study indicates that rhinos have a smelly way to 12 . Scientists studying white rhinos in South Africa have found that these animals leave messages in their poop. In particular, they leave their poop in the same place for all the other members in the group to smell—just like humans leaving messages on social media. Furthermore, different rhinos leave different chemicals in their poop, which provide important 13 about the age, sex, general health, and reproductive conditions of each specific rhino. This is of great significance for the peace and harmony in the group. When all members in a group know what’s going on with each other, it is 14 that they will fight. The researchers have even made “fake poop” to see how different rhinos would react. They find that dominant males are particularly 15 the “fake poop” that carries chemicals from females ready to mate. The males sniff it for longer duration and come back to the same spot more frequently, a clear sign that they are gathering information about mating opportunities from the poop."
學測英文,115,15,11,綜合測驗：responsive to,A,K1,T7,E11,particularly responsive to：對……反應特別強烈,(A) responsive to (B) annoyed at (C) considerate of (D) tolerant with,"第11 至15 題為題組 From the campfire to the café, people have always gathered together to share the latest news. White rhinoceroses, 11 , do the same thing—only their choice of meeting place is a giant pile of poop. A new study indicates that rhinos have a smelly way to 12 . Scientists studying white rhinos in South Africa have found that these animals leave messages in their poop. In particular, they leave their poop in the same place for all the other members in the group to smell—just like humans leaving messages on social media. Furthermore, different rhinos leave different chemicals in their poop, which provide important 13 about the age, sex, general health, and reproductive conditions of each specific rhino. This is of great significance for the peace and harmony in the group. When all members in a group know what’s going on with each other, it is 14 that they will fight. The researchers have even made “fake poop” to see how different rhinos would react. They find that dominant males are particularly 15 the “fake poop” that carries chemicals from females ready to mate. The males sniff it for longer duration and come back to the same spot more frequently, a clear sign that they are gathering information about mating opportunities from the poop."
學測英文,115,16,16,綜合測驗：accommodate,A,K1,T7,E11,accommodate the travelers：接待疲累的旅人,(A) accommodate (B) compensate (C) anticipate (D) reinforce,"第16 至20 題為題組 The history of dim sum stretches back to the early days of the Silk Road, an ancient network of trade routes connecting the East and the West. Those who traveled along the routes through China needed places to rest. Teahouses thus sprang up to 16 the weary travelers, offering them a cup of tea to help them regain energy. But the culinary art of dim sum 17 , for it was considered inappropriate to pair tea with food. Centuries later, the ability of tea to aid in digestion finally became known. Teahouse owners therefore began providing bite-sized snacks as an accompaniment, and the tradition of these Cantonese delicacies was born. Dim sum is more than just an example of Chinese cuisine. It is 18 an enjoyable dining experience that can span hours. The small portions were designed to merely “touch the heart,” as the name literally means, and 19 were first enjoyed as snacks. The small size allows the customer to order a great variety of dishes, creating a banquet of different tastes and flavors. It is customary for big groups to enjoy simple dishes together as 20 . Ultimately, dim sum—the food—is only a small part of the dim sum experience."
學測英文,115,17,16,綜合測驗：had yet to develop,B,K2,T8,E12,當時認為茶不配食物：had yet to develop（尚未發展）,(A) would hardly develop (B) had yet to develop (C) was fast developing (D) had almost developed,"第16 至20 題為題組 The history of dim sum stretches back to the early days of the Silk Road, an ancient network of trade routes connecting the East and the West. Those who traveled along the routes through China needed places to rest. Teahouses thus sprang up to 16 the weary travelers, offering them a cup of tea to help them regain energy. But the culinary art of dim sum 17 , for it was considered inappropriate to pair tea with food. Centuries later, the ability of tea to aid in digestion finally became known. Teahouse owners therefore began providing bite-sized snacks as an accompaniment, and the tradition of these Cantonese delicacies was born. Dim sum is more than just an example of Chinese cuisine. It is 18 an enjoyable dining experience that can span hours. The small portions were designed to merely “touch the heart,” as the name literally means, and 19 were first enjoyed as snacks. The small size allows the customer to order a great variety of dishes, creating a banquet of different tastes and flavors. It is customary for big groups to enjoy simple dishes together as 20 . Ultimately, dim sum—the food—is only a small part of the dim sum experience."
學測英文,115,18,16,綜合測驗：meant to be,D,K1,T7,E11,meant to be：本來就是要享受數小時的用餐經驗,(A) passed on to (B) brought up as (C) thought to have (D) meant to be,"第16 至20 題為題組 The history of dim sum stretches back to the early days of the Silk Road, an ancient network of trade routes connecting the East and the West. Those who traveled along the routes through China needed places to rest. Teahouses thus sprang up to 16 the weary travelers, offering them a cup of tea to help them regain energy. But the culinary art of dim sum 17 , for it was considered inappropriate to pair tea with food. Centuries later, the ability of tea to aid in digestion finally became known. Teahouse owners therefore began providing bite-sized snacks as an accompaniment, and the tradition of these Cantonese delicacies was born. Dim sum is more than just an example of Chinese cuisine. It is 18 an enjoyable dining experience that can span hours. The small portions were designed to merely “touch the heart,” as the name literally means, and 19 were first enjoyed as snacks. The small size allows the customer to order a great variety of dishes, creating a banquet of different tastes and flavors. It is customary for big groups to enjoy simple dishes together as 20 . Ultimately, dim sum—the food—is only a small part of the dim sum experience."
學測英文,115,19,16,綜合測驗：as such,B,K2,T8,E12,as such：作為點心，最初就是這樣被享用,(A) if so (B) as such (C) by then (D) in that,"第16 至20 題為題組 The history of dim sum stretches back to the early days of the Silk Road, an ancient network of trade routes connecting the East and the West. Those who traveled along the routes through China needed places to rest. Teahouses thus sprang up to 16 the weary travelers, offering them a cup of tea to help them regain energy. But the culinary art of dim sum 17 , for it was considered inappropriate to pair tea with food. Centuries later, the ability of tea to aid in digestion finally became known. Teahouse owners therefore began providing bite-sized snacks as an accompaniment, and the tradition of these Cantonese delicacies was born. Dim sum is more than just an example of Chinese cuisine. It is 18 an enjoyable dining experience that can span hours. The small portions were designed to merely “touch the heart,” as the name literally means, and 19 were first enjoyed as snacks. The small size allows the customer to order a great variety of dishes, creating a banquet of different tastes and flavors. It is customary for big groups to enjoy simple dishes together as 20 . Ultimately, dim sum—the food—is only a small part of the dim sum experience."
學測英文,115,20,16,綜合測驗：a joyful social activity,C,B5,T5,E7,下文說點心只是一小部分：重點是愉快的社交活動,(A) a widely known delicacy (B) an intimate romantic dinner (D) an amazing local cuisine (C) a joyful social activity,"第16 至20 題為題組 The history of dim sum stretches back to the early days of the Silk Road, an ancient network of trade routes connecting the East and the West. Those who traveled along the routes through China needed places to rest. Teahouses thus sprang up to 16 the weary travelers, offering them a cup of tea to help them regain energy. But the culinary art of dim sum 17 , for it was considered inappropriate to pair tea with food. Centuries later, the ability of tea to aid in digestion finally became known. Teahouse owners therefore began providing bite-sized snacks as an accompaniment, and the tradition of these Cantonese delicacies was born. Dim sum is more than just an example of Chinese cuisine. It is 18 an enjoyable dining experience that can span hours. The small portions were designed to merely “touch the heart,” as the name literally means, and 19 were first enjoyed as snacks. The small size allows the customer to order a great variety of dishes, creating a banquet of different tastes and flavors. It is customary for big groups to enjoy simple dishes together as 20 . Ultimately, dim sum—the food—is only a small part of the dim sum experience."
學測英文,115,21,21,文意選填：unproductive,E,K1,T7,E9,by no means unproductive：一點都不是浪費時間,,"第21 至30 題為題組 Are you feeling a little guilty about your daily mid-afternoon snooze? Well, you don’t need to. Taking a nap in the middle of the day is by no means 21 . In fact, you are giving your brain and your body some time to recharge and turn up refreshed. Research has shown that napping is linked with brain size and 22 ; specifically, it can boost our cognition and memory. In our early 20s, our brain starts shrinking, which gradually slows cognition and increases dementia 23 in later life. The brain size of habitual nappers, however, is found to be better preserved. This suggests that napping may significantly 24 age-related brain shrinkage, and thus lower the possibility of developing dementia. Neurologists also confirm that naps can enhance memory and learning. For students cramming for college exams, napping will help 25 acquired knowledge and learned skills. Understanding how to perfect your nap is vital for reaping its benefits. To begin with, you need to find out the ideal length of a nap. Some studies recommend napping for 20 to 40 minutes, while others 26 shorter naps, such as 15 to 20 minutes. The best nap length, however, may 27 a person’s physical condition and fatigue level. For some people, even a five-minute nap can bring about surprisingly 28 benefits. Furthermore, the environment where naps are taken also plays an important role. A dark space with little distraction is ideal for napping. So, find yourself a quiet place with 29 light or with blackout curtains. If you can’t find a dark room, consider wearing a sleep mask. You can also add some soothing nature sounds to create a relaxing 30 , which can make your naps more effective. (A) retain (B) depend on (C) atmosphere (D) delay (E) unproductive (F) risk (G) function (H) minimal (I) dramatic (J) point to"
學測英文,115,22,21,文意選填：function,G,K1,T7,E9,brain size and function：大腦的大小與功能,,"第21 至30 題為題組 Are you feeling a little guilty about your daily mid-afternoon snooze? Well, you don’t need to. Taking a nap in the middle of the day is by no means 21 . In fact, you are giving your brain and your body some time to recharge and turn up refreshed. Research has shown that napping is linked with brain size and 22 ; specifically, it can boost our cognition and memory. In our early 20s, our brain starts shrinking, which gradually slows cognition and increases dementia 23 in later life. The brain size of habitual nappers, however, is found to be better preserved. This suggests that napping may significantly 24 age-related brain shrinkage, and thus lower the possibility of developing dementia. Neurologists also confirm that naps can enhance memory and learning. For students cramming for college exams, napping will help 25 acquired knowledge and learned skills. Understanding how to perfect your nap is vital for reaping its benefits. To begin with, you need to find out the ideal length of a nap. Some studies recommend napping for 20 to 40 minutes, while others 26 shorter naps, such as 15 to 20 minutes. The best nap length, however, may 27 a person’s physical condition and fatigue level. For some people, even a five-minute nap can bring about surprisingly 28 benefits. Furthermore, the environment where naps are taken also plays an important role. A dark space with little distraction is ideal for napping. So, find yourself a quiet place with 29 light or with blackout curtains. If you can’t find a dark room, consider wearing a sleep mask. You can also add some soothing nature sounds to create a relaxing 30 , which can make your naps more effective. (A) retain (B) depend on (C) atmosphere (D) delay (E) unproductive (F) risk (G) function (H) minimal (I) dramatic (J) point to"
學測英文,115,23,21,文意選填：risk,F,K1,T7,E9,dementia risk：失智風險,,"第21 至30 題為題組 Are you feeling a little guilty about your daily mid-afternoon snooze? Well, you don’t need to. Taking a nap in the middle of the day is by no means 21 . In fact, you are giving your brain and your body some time to recharge and turn up refreshed. Research has shown that napping is linked with brain size and 22 ; specifically, it can boost our cognition and memory. In our early 20s, our brain starts shrinking, which gradually slows cognition and increases dementia 23 in later life. The brain size of habitual nappers, however, is found to be better preserved. This suggests that napping may significantly 24 age-related brain shrinkage, and thus lower the possibility of developing dementia. Neurologists also confirm that naps can enhance memory and learning. For students cramming for college exams, napping will help 25 acquired knowledge and learned skills. Understanding how to perfect your nap is vital for reaping its benefits. To begin with, you need to find out the ideal length of a nap. Some studies recommend napping for 20 to 40 minutes, while others 26 shorter naps, such as 15 to 20 minutes. The best nap length, however, may 27 a person’s physical condition and fatigue level. For some people, even a five-minute nap can bring about surprisingly 28 benefits. Furthermore, the environment where naps are taken also plays an important role. A dark space with little distraction is ideal for napping. So, find yourself a quiet place with 29 light or with blackout curtains. If you can’t find a dark room, consider wearing a sleep mask. You can also add some soothing nature sounds to create a relaxing 30 , which can make your naps more effective. (A) retain (B) depend on (C) atmosphere (D) delay (E) unproductive (F) risk (G) function (H) minimal (I) dramatic (J) point to"
學測英文,115,24,21,文意選填：delay,D,K1,T7,E9,delay age-related brain shrinkage：延緩萎縮,,"第21 至30 題為題組 Are you feeling a little guilty about your daily mid-afternoon snooze? Well, you don’t need to. Taking a nap in the middle of the day is by no means 21 . In fact, you are giving your brain and your body some time to recharge and turn up refreshed. Research has shown that napping is linked with brain size and 22 ; specifically, it can boost our cognition and memory. In our early 20s, our brain starts shrinking, which gradually slows cognition and increases dementia 23 in later life. The brain size of habitual nappers, however, is found to be better preserved. This suggests that napping may significantly 24 age-related brain shrinkage, and thus lower the possibility of developing dementia. Neurologists also confirm that naps can enhance memory and learning. For students cramming for college exams, napping will help 25 acquired knowledge and learned skills. Understanding how to perfect your nap is vital for reaping its benefits. To begin with, you need to find out the ideal length of a nap. Some studies recommend napping for 20 to 40 minutes, while others 26 shorter naps, such as 15 to 20 minutes. The best nap length, however, may 27 a person’s physical condition and fatigue level. For some people, even a five-minute nap can bring about surprisingly 28 benefits. Furthermore, the environment where naps are taken also plays an important role. A dark space with little distraction is ideal for napping. So, find yourself a quiet place with 29 light or with blackout curtains. If you can’t find a dark room, consider wearing a sleep mask. You can also add some soothing nature sounds to create a relaxing 30 , which can make your naps more effective. (A) retain (B) depend on (C) atmosphere (D) delay (E) unproductive (F) risk (G) function (H) minimal (I) dramatic (J) point to"
學測英文,115,25,21,文意選填：retain,A,K1,T7,E9,retain acquired knowledge：保留學到的知識,,"第21 至30 題為題組 Are you feeling a little guilty about your daily mid-afternoon snooze? Well, you don’t need to. Taking a nap in the middle of the day is by no means 21 . In fact, you are giving your brain and your body some time to recharge and turn up refreshed. Research has shown that napping is linked with brain size and 22 ; specifically, it can boost our cognition and memory. In our early 20s, our brain starts shrinking, which gradually slows cognition and increases dementia 23 in later life. The brain size of habitual nappers, however, is found to be better preserved. This suggests that napping may significantly 24 age-related brain shrinkage, and thus lower the possibility of developing dementia. Neurologists also confirm that naps can enhance memory and learning. For students cramming for college exams, napping will help 25 acquired knowledge and learned skills. Understanding how to perfect your nap is vital for reaping its benefits. To begin with, you need to find out the ideal length of a nap. Some studies recommend napping for 20 to 40 minutes, while others 26 shorter naps, such as 15 to 20 minutes. The best nap length, however, may 27 a person’s physical condition and fatigue level. For some people, even a five-minute nap can bring about surprisingly 28 benefits. Furthermore, the environment where naps are taken also plays an important role. A dark space with little distraction is ideal for napping. So, find yourself a quiet place with 29 light or with blackout curtains. If you can’t find a dark room, consider wearing a sleep mask. You can also add some soothing nature sounds to create a relaxing 30 , which can make your naps more effective. (A) retain (B) depend on (C) atmosphere (D) delay (E) unproductive (F) risk (G) function (H) minimal (I) dramatic (J) point to"
學測英文,115,26,21,文意選填：point to,J,K1,T7,E9,others point to shorter naps：另有研究指出,,"第21 至30 題為題組 Are you feeling a little guilty about your daily mid-afternoon snooze? Well, you don’t need to. Taking a nap in the middle of the day is by no means 21 . In fact, you are giving your brain and your body some time to recharge and turn up refreshed. Research has shown that napping is linked with brain size and 22 ; specifically, it can boost our cognition and memory. In our early 20s, our brain starts shrinking, which gradually slows cognition and increases dementia 23 in later life. The brain size of habitual nappers, however, is found to be better preserved. This suggests that napping may significantly 24 age-related brain shrinkage, and thus lower the possibility of developing dementia. Neurologists also confirm that naps can enhance memory and learning. For students cramming for college exams, napping will help 25 acquired knowledge and learned skills. Understanding how to perfect your nap is vital for reaping its benefits. To begin with, you need to find out the ideal length of a nap. Some studies recommend napping for 20 to 40 minutes, while others 26 shorter naps, such as 15 to 20 minutes. The best nap length, however, may 27 a person’s physical condition and fatigue level. For some people, even a five-minute nap can bring about surprisingly 28 benefits. Furthermore, the environment where naps are taken also plays an important role. A dark space with little distraction is ideal for napping. So, find yourself a quiet place with 29 light or with blackout curtains. If you can’t find a dark room, consider wearing a sleep mask. You can also add some soothing nature sounds to create a relaxing 30 , which can make your naps more effective. (A) retain (B) depend on (C) atmosphere (D) delay (E) unproductive (F) risk (G) function (H) minimal (I) dramatic (J) point to"
學測英文,115,27,21,文意選填：depend on,B,K1,T7,E9,depend on a person's condition：取決於個人狀況,,"第21 至30 題為題組 Are you feeling a little guilty about your daily mid-afternoon snooze? Well, you don’t need to. Taking a nap in the middle of the day is by no means 21 . In fact, you are giving your brain and your body some time to recharge and turn up refreshed. Research has shown that napping is linked with brain size and 22 ; specifically, it can boost our cognition and memory. In our early 20s, our brain starts shrinking, which gradually slows cognition and increases dementia 23 in later life. The brain size of habitual nappers, however, is found to be better preserved. This suggests that napping may significantly 24 age-related brain shrinkage, and thus lower the possibility of developing dementia. Neurologists also confirm that naps can enhance memory and learning. For students cramming for college exams, napping will help 25 acquired knowledge and learned skills. Understanding how to perfect your nap is vital for reaping its benefits. To begin with, you need to find out the ideal length of a nap. Some studies recommend napping for 20 to 40 minutes, while others 26 shorter naps, such as 15 to 20 minutes. The best nap length, however, may 27 a person’s physical condition and fatigue level. For some people, even a five-minute nap can bring about surprisingly 28 benefits. Furthermore, the environment where naps are taken also plays an important role. A dark space with little distraction is ideal for napping. So, find yourself a quiet place with 29 light or with blackout curtains. If you can’t find a dark room, consider wearing a sleep mask. You can also add some soothing nature sounds to create a relaxing 30 , which can make your naps more effective. (A) retain (B) depend on (C) atmosphere (D) delay (E) unproductive (F) risk (G) function (H) minimal (I) dramatic (J) point to"
學測英文,115,28,21,文意選填：dramatic,I,K1,T7,E9,dramatic benefits：驚人的好處,,"第21 至30 題為題組 Are you feeling a little guilty about your daily mid-afternoon snooze? Well, you don’t need to. Taking a nap in the middle of the day is by no means 21 . In fact, you are giving your brain and your body some time to recharge and turn up refreshed. Research has shown that napping is linked with brain size and 22 ; specifically, it can boost our cognition and memory. In our early 20s, our brain starts shrinking, which gradually slows cognition and increases dementia 23 in later life. The brain size of habitual nappers, however, is found to be better preserved. This suggests that napping may significantly 24 age-related brain shrinkage, and thus lower the possibility of developing dementia. Neurologists also confirm that naps can enhance memory and learning. For students cramming for college exams, napping will help 25 acquired knowledge and learned skills. Understanding how to perfect your nap is vital for reaping its benefits. To begin with, you need to find out the ideal length of a nap. Some studies recommend napping for 20 to 40 minutes, while others 26 shorter naps, such as 15 to 20 minutes. The best nap length, however, may 27 a person’s physical condition and fatigue level. For some people, even a five-minute nap can bring about surprisingly 28 benefits. Furthermore, the environment where naps are taken also plays an important role. A dark space with little distraction is ideal for napping. So, find yourself a quiet place with 29 light or with blackout curtains. If you can’t find a dark room, consider wearing a sleep mask. You can also add some soothing nature sounds to create a relaxing 30 , which can make your naps more effective. (A) retain (B) depend on (C) atmosphere (D) delay (E) unproductive (F) risk (G) function (H) minimal (I) dramatic (J) point to"
學測英文,115,29,21,文意選填：minimal,H,K1,T7,E9,minimal light：光線極少,,"第21 至30 題為題組 Are you feeling a little guilty about your daily mid-afternoon snooze? Well, you don’t need to. Taking a nap in the middle of the day is by no means 21 . In fact, you are giving your brain and your body some time to recharge and turn up refreshed. Research has shown that napping is linked with brain size and 22 ; specifically, it can boost our cognition and memory. In our early 20s, our brain starts shrinking, which gradually slows cognition and increases dementia 23 in later life. The brain size of habitual nappers, however, is found to be better preserved. This suggests that napping may significantly 24 age-related brain shrinkage, and thus lower the possibility of developing dementia. Neurologists also confirm that naps can enhance memory and learning. For students cramming for college exams, napping will help 25 acquired knowledge and learned skills. Understanding how to perfect your nap is vital for reaping its benefits. To begin with, you need to find out the ideal length of a nap. Some studies recommend napping for 20 to 40 minutes, while others 26 shorter naps, such as 15 to 20 minutes. The best nap length, however, may 27 a person’s physical condition and fatigue level. For some people, even a five-minute nap can bring about surprisingly 28 benefits. Furthermore, the environment where naps are taken also plays an important role. A dark space with little distraction is ideal for napping. So, find yourself a quiet place with 29 light or with blackout curtains. If you can’t find a dark room, consider wearing a sleep mask. You can also add some soothing nature sounds to create a relaxing 30 , which can make your naps more effective. (A) retain (B) depend on (C) atmosphere (D) delay (E) unproductive (F) risk (G) function (H) minimal (I) dramatic (J) point to"
學測英文,115,30,21,文意選填：atmosphere,C,K1,T7,E9,a relaxing atmosphere：放鬆的氛圍,,"第21 至30 題為題組 Are you feeling a little guilty about your daily mid-afternoon snooze? Well, you don’t need to. Taking a nap in the middle of the day is by no means 21 . In fact, you are giving your brain and your body some time to recharge and turn up refreshed. Research has shown that napping is linked with brain size and 22 ; specifically, it can boost our cognition and memory. In our early 20s, our brain starts shrinking, which gradually slows cognition and increases dementia 23 in later life. The brain size of habitual nappers, however, is found to be better preserved. This suggests that napping may significantly 24 age-related brain shrinkage, and thus lower the possibility of developing dementia. Neurologists also confirm that naps can enhance memory and learning. For students cramming for college exams, napping will help 25 acquired knowledge and learned skills. Understanding how to perfect your nap is vital for reaping its benefits. To begin with, you need to find out the ideal length of a nap. Some studies recommend napping for 20 to 40 minutes, while others 26 shorter naps, such as 15 to 20 minutes. The best nap length, however, may 27 a person’s physical condition and fatigue level. For some people, even a five-minute nap can bring about surprisingly 28 benefits. Furthermore, the environment where naps are taken also plays an important role. A dark space with little distraction is ideal for napping. So, find yourself a quiet place with 29 light or with blackout curtains. If you can’t find a dark room, consider wearing a sleep mask. You can also add some soothing nature sounds to create a relaxing 30 , which can make your naps more effective. (A) retain (B) depend on (C) atmosphere (D) delay (E) unproductive (F) risk (G) function (H) minimal (I) dramatic (J) point to"
學測英文,115,31,31,篇章結構：句子插入,C,B5,T6,E7,下文舉 1700 年前的肖像：歷史上笑容曾經不流行,,"第31 至34 題為題組 Smiling is a gesture that many people engage in dozens of times a day without thought. Most people believe that smiling is an expression of good feelings, a simple way to show happiness and friendliness. But does this hold true across time and cultures? 31 In the West, for example, portraits of men and women before the 1700s typically depicted them with a serious, unsmiling expression. The absence of smiles stemmed partly from the attempt to hide their decayed teeth caused by poor dental hygiene. More importantly, smiling and laughter had long been perceived in the society as manifestations of a lack of self-control and good manners. Paintings with white-toothed smiles emerged after the 1700s, with the gradual rise of a culture that valued perception and responsiveness. Recent studies also show that interpretations of smiling may vary from culture to culture. While in most cultures smiling is associated with positive emotions, in certain cultures the same person can be judged as less intelligent when smiling. 32 The amount people smile is culturally influenced as well. People smile more when they are from countries that are high in individualism and low in population. These are often places where the needs and rights of the individual take precedence over those of the group. 33 Newcomers from different parts of the world are found to smile more. Without a shared language, they often resort to smiling to get along with others. For them, smiling is a straightforward way to indicate that one is reliable and trustworthy. 34 As many psychologists now point out, this simple gesture is in fact far more complicated than it may appear. (A) Another crucial factor is a society’s immigration diversity. (B) Various factors have thus contributed to the phenomenon of smiling. (C) For most of recorded human history, the open smile has been deeply unfashionable. (D) A genuine smile indicates contentment, while a forced smile suggests underlying distress. (E) In fact, there is a well-known Russian proverb that goes, “Smiling with no reason is a sign of stupidity.”"
學測英文,115,32,31,篇章結構：句子插入,E,B5,T6,E7,接在「某些文化覺得笑的人不聰明」之後：舉俄國諺語,,"第31 至34 題為題組 Smiling is a gesture that many people engage in dozens of times a day without thought. Most people believe that smiling is an expression of good feelings, a simple way to show happiness and friendliness. But does this hold true across time and cultures? 31 In the West, for example, portraits of men and women before the 1700s typically depicted them with a serious, unsmiling expression. The absence of smiles stemmed partly from the attempt to hide their decayed teeth caused by poor dental hygiene. More importantly, smiling and laughter had long been perceived in the society as manifestations of a lack of self-control and good manners. Paintings with white-toothed smiles emerged after the 1700s, with the gradual rise of a culture that valued perception and responsiveness. Recent studies also show that interpretations of smiling may vary from culture to culture. While in most cultures smiling is associated with positive emotions, in certain cultures the same person can be judged as less intelligent when smiling. 32 The amount people smile is culturally influenced as well. People smile more when they are from countries that are high in individualism and low in population. These are often places where the needs and rights of the individual take precedence over those of the group. 33 Newcomers from different parts of the world are found to smile more. Without a shared language, they often resort to smiling to get along with others. For them, smiling is a straightforward way to indicate that one is reliable and trustworthy. 34 As many psychologists now point out, this simple gesture is in fact far more complicated than it may appear. (A) Another crucial factor is a society’s immigration diversity. (B) Various factors have thus contributed to the phenomenon of smiling. (C) For most of recorded human history, the open smile has been deeply unfashionable. (D) A genuine smile indicates contentment, while a forced smile suggests underlying distress. (E) In fact, there is a well-known Russian proverb that goes, “Smiling with no reason is a sign of stupidity.”"
學測英文,115,33,31,篇章結構：句子插入,A,B5,T6,E7,下文說新移民笑得多：另一個因素是移民多元,,"第31 至34 題為題組 Smiling is a gesture that many people engage in dozens of times a day without thought. Most people believe that smiling is an expression of good feelings, a simple way to show happiness and friendliness. But does this hold true across time and cultures? 31 In the West, for example, portraits of men and women before the 1700s typically depicted them with a serious, unsmiling expression. The absence of smiles stemmed partly from the attempt to hide their decayed teeth caused by poor dental hygiene. More importantly, smiling and laughter had long been perceived in the society as manifestations of a lack of self-control and good manners. Paintings with white-toothed smiles emerged after the 1700s, with the gradual rise of a culture that valued perception and responsiveness. Recent studies also show that interpretations of smiling may vary from culture to culture. While in most cultures smiling is associated with positive emotions, in certain cultures the same person can be judged as less intelligent when smiling. 32 The amount people smile is culturally influenced as well. People smile more when they are from countries that are high in individualism and low in population. These are often places where the needs and rights of the individual take precedence over those of the group. 33 Newcomers from different parts of the world are found to smile more. Without a shared language, they often resort to smiling to get along with others. For them, smiling is a straightforward way to indicate that one is reliable and trustworthy. 34 As many psychologists now point out, this simple gesture is in fact far more complicated than it may appear. (A) Another crucial factor is a society’s immigration diversity. (B) Various factors have thus contributed to the phenomenon of smiling. (C) For most of recorded human history, the open smile has been deeply unfashionable. (D) A genuine smile indicates contentment, while a forced smile suggests underlying distress. (E) In fact, there is a well-known Russian proverb that goes, “Smiling with no reason is a sign of stupidity.”"
學測英文,115,34,31,篇章結構：句子插入,B,B5,T6,E7,最後總結：各種因素造成了笑的現象,,"第31 至34 題為題組 Smiling is a gesture that many people engage in dozens of times a day without thought. Most people believe that smiling is an expression of good feelings, a simple way to show happiness and friendliness. But does this hold true across time and cultures? 31 In the West, for example, portraits of men and women before the 1700s typically depicted them with a serious, unsmiling expression. The absence of smiles stemmed partly from the attempt to hide their decayed teeth caused by poor dental hygiene. More importantly, smiling and laughter had long been perceived in the society as manifestations of a lack of self-control and good manners. Paintings with white-toothed smiles emerged after the 1700s, with the gradual rise of a culture that valued perception and responsiveness. Recent studies also show that interpretations of smiling may vary from culture to culture. While in most cultures smiling is associated with positive emotions, in certain cultures the same person can be judged as less intelligent when smiling. 32 The amount people smile is culturally influenced as well. People smile more when they are from countries that are high in individualism and low in population. These are often places where the needs and rights of the individual take precedence over those of the group. 33 Newcomers from different parts of the world are found to smile more. Without a shared language, they often resort to smiling to get along with others. For them, smiling is a straightforward way to indicate that one is reliable and trustworthy. 34 As many psychologists now point out, this simple gesture is in fact far more complicated than it may appear. (A) Another crucial factor is a society’s immigration diversity. (B) Various factors have thus contributed to the phenomenon of smiling. (C) For most of recorded human history, the open smile has been deeply unfashionable. (D) A genuine smile indicates contentment, while a forced smile suggests underlying distress. (E) In fact, there is a well-known Russian proverb that goes, “Smiling with no reason is a sign of stupidity.”"
學測英文,115,35,35,閱讀測驗：主旨,C,B3,T4,E2,主旨：一趟艱難的南極航行，不只是發現沉船,What is this passage mainly about? (A) A renowned Antarctic explorer. (B) The extreme weather in Antarctica. (C) A challenging voyage to Antarctica. (D) The amazing discovery of a sunken ship.,"第35 至38 題為題組 In March 2022, the Endurance—the lost vessel of the famed polar explorer Ernest Shackleton—was found in Antarctica, 107 years after it sank. The news made headlines around the world, not only for the incredible achievement of the search team, but because the discovery marked the final chapter in a legendary story of extraordinary courage and perseverance. On August 4, 1914, Sir Ernest Shackleton, along with a skilled crew of 27, set sail on the Endurance toward the South Pole, hoping to make the first land crossing over Antarctica. From Plymouth, UK, the team arrived in Buenos Aires, Argentina, and on November 5 reached South Georgia Island, the last settlement of civilization en route to Antarctica. There, the real challenge began. Two days after leaving South Georgia in December, the Endurance encountered floating ice, and was soon completely trapped in pack ice. The worthy vessel held up for nine months, drifting down south slowly and then pushed northward by the ice. Gradually, the pressure from the ice buckled the planks. Freezing water rushed in and exacerbated the situation. On October 27, 1915, Shackleton ordered his crew to abandon the ship, pitching tents on the ice a mile and a half away. Weeks later, they watched the Endurance sink beneath the Weddell Sea. The next five months, the crew camped out on the pack ice as it drifted north, surviving on penguins, seals, and seaweed. Finally, the ice broke up enough for them to escape in lifeboats. For seven days, they sailed more than a hundred miles to the uninhabited Elephant Island. But the crew couldn’t survive long there. So, Shackleton made a dangerous attempt to get help: With five crew members, he sailed 800 miles over 16 days across freezing, stormy seas to South Georgia Island. Then the group hiked for 36 hours across the island to reach a whaling station. Help was almost at hand, but ice and bad weather hindered their return. On August 30, 1916, Shackleton finally got back to Elephant Island with a ship big enough to rescue the rest of his men. All the members of the expedition team survived, but the Endurance remained lost under the sea until its discovery in 2022."
學測英文,115,36,35,閱讀測驗：字義,D,A2,T1,E3,exacerbated the situation：火上加油,Which of the following idioms is closest in meaning to “exacerbated the situation” in the third paragraph? (A) Broke the ice. (B) Cost an arm and a leg. (C) Missed the boat. (D) Added fuel to the fire.,"第35 至38 題為題組 In March 2022, the Endurance—the lost vessel of the famed polar explorer Ernest Shackleton—was found in Antarctica, 107 years after it sank. The news made headlines around the world, not only for the incredible achievement of the search team, but because the discovery marked the final chapter in a legendary story of extraordinary courage and perseverance. On August 4, 1914, Sir Ernest Shackleton, along with a skilled crew of 27, set sail on the Endurance toward the South Pole, hoping to make the first land crossing over Antarctica. From Plymouth, UK, the team arrived in Buenos Aires, Argentina, and on November 5 reached South Georgia Island, the last settlement of civilization en route to Antarctica. There, the real challenge began. Two days after leaving South Georgia in December, the Endurance encountered floating ice, and was soon completely trapped in pack ice. The worthy vessel held up for nine months, drifting down south slowly and then pushed northward by the ice. Gradually, the pressure from the ice buckled the planks. Freezing water rushed in and exacerbated the situation. On October 27, 1915, Shackleton ordered his crew to abandon the ship, pitching tents on the ice a mile and a half away. Weeks later, they watched the Endurance sink beneath the Weddell Sea. The next five months, the crew camped out on the pack ice as it drifted north, surviving on penguins, seals, and seaweed. Finally, the ice broke up enough for them to escape in lifeboats. For seven days, they sailed more than a hundred miles to the uninhabited Elephant Island. But the crew couldn’t survive long there. So, Shackleton made a dangerous attempt to get help: With five crew members, he sailed 800 miles over 16 days across freezing, stormy seas to South Georgia Island. Then the group hiked for 36 hours across the island to reach a whaling station. Help was almost at hand, but ice and bad weather hindered their return. On August 30, 1916, Shackleton finally got back to Elephant Island with a ship big enough to rescue the rest of his men. All the members of the expedition team survived, but the Endurance remained lost under the sea until its discovery in 2022."
學測英文,115,37,35,閱讀測驗：細節,A,A1,T6,E1,從 1914 年 8 月到 1916 年 8 月，超過兩年,"According to the passage, which of the following is true about Shackleton and his Antarctic expedition? (A) His journey lasted more than two years. (B) He was the first man to cross over the Antarctic. (C) His team camped out on Elephant Island for five months. (D) He sent five crew members on a lifeboat to get help from a whaling station.","第35 至38 題為題組 In March 2022, the Endurance—the lost vessel of the famed polar explorer Ernest Shackleton—was found in Antarctica, 107 years after it sank. The news made headlines around the world, not only for the incredible achievement of the search team, but because the discovery marked the final chapter in a legendary story of extraordinary courage and perseverance. On August 4, 1914, Sir Ernest Shackleton, along with a skilled crew of 27, set sail on the Endurance toward the South Pole, hoping to make the first land crossing over Antarctica. From Plymouth, UK, the team arrived in Buenos Aires, Argentina, and on November 5 reached South Georgia Island, the last settlement of civilization en route to Antarctica. There, the real challenge began. Two days after leaving South Georgia in December, the Endurance encountered floating ice, and was soon completely trapped in pack ice. The worthy vessel held up for nine months, drifting down south slowly and then pushed northward by the ice. Gradually, the pressure from the ice buckled the planks. Freezing water rushed in and exacerbated the situation. On October 27, 1915, Shackleton ordered his crew to abandon the ship, pitching tents on the ice a mile and a half away. Weeks later, they watched the Endurance sink beneath the Weddell Sea. The next five months, the crew camped out on the pack ice as it drifted north, surviving on penguins, seals, and seaweed. Finally, the ice broke up enough for them to escape in lifeboats. For seven days, they sailed more than a hundred miles to the uninhabited Elephant Island. But the crew couldn’t survive long there. So, Shackleton made a dangerous attempt to get help: With five crew members, he sailed 800 miles over 16 days across freezing, stormy seas to South Georgia Island. Then the group hiked for 36 hours across the island to reach a whaling station. Help was almost at hand, but ice and bad weather hindered their return. On August 30, 1916, Shackleton finally got back to Elephant Island with a ship big enough to rescue the rest of his men. All the members of the expedition team survived, but the Endurance remained lost under the sea until its discovery in 2022."
學測英文,115,38,35,閱讀測驗：圖表判讀,C,B4,T3,E8,地圖：依文中漂流方向與島嶼順序比對路線,Which of the following shows the correct route of the Endurance after leaving South Georgia? (A) (B) South Georgia South Georgia Elephant Island Elephant Island WEDDELL WEDDELL PACIFIC PACIFIC SEA SEA OCEAN ATLANTIC ATLANTIC OCEAN OCEAN OCEAN ANTARCTICA ANTARCTICA (C) (D) South Georgia South Georgia Elephant Island Elephant Island WEDDELL WEDDELL PACIFIC PACIFIC SEA SEA OCEAN OCEAN ATLANTIC ATLANTIC OCEAN OCEAN ANTARCTICA ANTARCTICA,"第35 至38 題為題組 In March 2022, the Endurance—the lost vessel of the famed polar explorer Ernest Shackleton—was found in Antarctica, 107 years after it sank. The news made headlines around the world, not only for the incredible achievement of the search team, but because the discovery marked the final chapter in a legendary story of extraordinary courage and perseverance. On August 4, 1914, Sir Ernest Shackleton, along with a skilled crew of 27, set sail on the Endurance toward the South Pole, hoping to make the first land crossing over Antarctica. From Plymouth, UK, the team arrived in Buenos Aires, Argentina, and on November 5 reached South Georgia Island, the last settlement of civilization en route to Antarctica. There, the real challenge began. Two days after leaving South Georgia in December, the Endurance encountered floating ice, and was soon completely trapped in pack ice. The worthy vessel held up for nine months, drifting down south slowly and then pushed northward by the ice. Gradually, the pressure from the ice buckled the planks. Freezing water rushed in and exacerbated the situation. On October 27, 1915, Shackleton ordered his crew to abandon the ship, pitching tents on the ice a mile and a half away. Weeks later, they watched the Endurance sink beneath the Weddell Sea. The next five months, the crew camped out on the pack ice as it drifted north, surviving on penguins, seals, and seaweed. Finally, the ice broke up enough for them to escape in lifeboats. For seven days, they sailed more than a hundred miles to the uninhabited Elephant Island. But the crew couldn’t survive long there. So, Shackleton made a dangerous attempt to get help: With five crew members, he sailed 800 miles over 16 days across freezing, stormy seas to South Georgia Island. Then the group hiked for 36 hours across the island to reach a whaling station. Help was almost at hand, but ice and bad weather hindered their return. On August 30, 1916, Shackleton finally got back to Elephant Island with a ship big enough to rescue the rest of his men. All the members of the expedition team survived, but the Endurance remained lost under the sea until its discovery in 2022."
學測英文,115,39,39,閱讀測驗：細節,D,A1,T3,E1,文章能回答「螺旋梯為何在現代受歡迎」,Which question can the passage answer? (A) Where was the first spiral staircase constructed? (B) Who was the first designer of the spiral staircase? (C) What is the world’s most famous spiral staircase? (D) Why is the spiral staircase popular in modern times?,"第39 至42 題為題組 In many old castles in Europe, visitors often find a fantastic spiral staircase, which provides a captivating focal point as it winds up the building. This prominent structure actually has a long and rich heritage. In the Old Testament, reference is made to spiral staircases in the Temple of Solomon, suggesting that they were already in use by around 1,000 BC. The oldest spiral staircase still standing today is at Trajan’s Column in Rome. The staircase was built in 113 AD, with a total of 185 steps carved in stone and marble. Around this time, spiral staircases began to find much wider use in Roman architecture and across Europe. Throughout the Middle Ages, winding staircases became a well-established feature of European castles, mainly for their advantages in helping to defend against attackers. To begin with, these staircases were quite narrow, so attackers would have to ascend one at a time, making it impossible to launch a mass attack. Also, the stairs were designed to turn clockwise upwards. This means that ascenders would have their right hand tight against the narrowest part of the staircases, close to the central pole, and as a result were unable to use their sword effectively. The attackers’ challenge was further complicated by the uneven steps of the staircase, often strategically designed by the castle owners. The defenders, living in the castles, were familiar with the stair pattern and could retreat up them very swiftly; while the attackers were much more likely to stumble and fall, particularly in the dimly lit confines of the staircase. Being associated with medieval castles and kings, spiral staircases gradually won popularity in European architecture, with new materials emerging to cope with customers’ needs. In Victorian times, cast iron spiral staircases were popular for public buildings and homes for the rich. In the latter half of the 20th century, steel frames became cost-effective, and thus affordable for a much wider staircase market. Then, steel spiral staircases as fire escape stairs appeared in many buildings. Today, spiral staircases come in a wide variety of materials: steel, wood, concrete, and recently even glass. The timeless appeal of their classical design makes spiral staircases a much-desired feature in luxury homes, offices, and public buildings nowadays."
學測英文,115,40,39,閱讀測驗：指涉,A,B1,T3,E4,指涉：them 指樓梯,What does “them” in the third paragraph refer to? (A) Stairs. (B) Confines. (C) Attackers. (D) Defenders.,"第39 至42 題為題組 In many old castles in Europe, visitors often find a fantastic spiral staircase, which provides a captivating focal point as it winds up the building. This prominent structure actually has a long and rich heritage. In the Old Testament, reference is made to spiral staircases in the Temple of Solomon, suggesting that they were already in use by around 1,000 BC. The oldest spiral staircase still standing today is at Trajan’s Column in Rome. The staircase was built in 113 AD, with a total of 185 steps carved in stone and marble. Around this time, spiral staircases began to find much wider use in Roman architecture and across Europe. Throughout the Middle Ages, winding staircases became a well-established feature of European castles, mainly for their advantages in helping to defend against attackers. To begin with, these staircases were quite narrow, so attackers would have to ascend one at a time, making it impossible to launch a mass attack. Also, the stairs were designed to turn clockwise upwards. This means that ascenders would have their right hand tight against the narrowest part of the staircases, close to the central pole, and as a result were unable to use their sword effectively. The attackers’ challenge was further complicated by the uneven steps of the staircase, often strategically designed by the castle owners. The defenders, living in the castles, were familiar with the stair pattern and could retreat up them very swiftly; while the attackers were much more likely to stumble and fall, particularly in the dimly lit confines of the staircase. Being associated with medieval castles and kings, spiral staircases gradually won popularity in European architecture, with new materials emerging to cope with customers’ needs. In Victorian times, cast iron spiral staircases were popular for public buildings and homes for the rich. In the latter half of the 20th century, steel frames became cost-effective, and thus affordable for a much wider staircase market. Then, steel spiral staircases as fire escape stairs appeared in many buildings. Today, spiral staircases come in a wide variety of materials: steel, wood, concrete, and recently even glass. The timeless appeal of their classical design makes spiral staircases a much-desired feature in luxury homes, offices, and public buildings nowadays."
學測英文,115,41,39,閱讀測驗：組織與手法,A,C1,T6,E7,依時間排序：石材、鑄鐵、鋼、玻璃,"According to the passage, which is a correct time sequence of the materials used in making spiral staircases? (A) stone  iron  steel  glass (B) stone  wood iron  steel (C) iron  marble  wood  glass (D) marble  wood  stone  concrete","第39 至42 題為題組 In many old castles in Europe, visitors often find a fantastic spiral staircase, which provides a captivating focal point as it winds up the building. This prominent structure actually has a long and rich heritage. In the Old Testament, reference is made to spiral staircases in the Temple of Solomon, suggesting that they were already in use by around 1,000 BC. The oldest spiral staircase still standing today is at Trajan’s Column in Rome. The staircase was built in 113 AD, with a total of 185 steps carved in stone and marble. Around this time, spiral staircases began to find much wider use in Roman architecture and across Europe. Throughout the Middle Ages, winding staircases became a well-established feature of European castles, mainly for their advantages in helping to defend against attackers. To begin with, these staircases were quite narrow, so attackers would have to ascend one at a time, making it impossible to launch a mass attack. Also, the stairs were designed to turn clockwise upwards. This means that ascenders would have their right hand tight against the narrowest part of the staircases, close to the central pole, and as a result were unable to use their sword effectively. The attackers’ challenge was further complicated by the uneven steps of the staircase, often strategically designed by the castle owners. The defenders, living in the castles, were familiar with the stair pattern and could retreat up them very swiftly; while the attackers were much more likely to stumble and fall, particularly in the dimly lit confines of the staircase. Being associated with medieval castles and kings, spiral staircases gradually won popularity in European architecture, with new materials emerging to cope with customers’ needs. In Victorian times, cast iron spiral staircases were popular for public buildings and homes for the rich. In the latter half of the 20th century, steel frames became cost-effective, and thus affordable for a much wider staircase market. Then, steel spiral staircases as fire escape stairs appeared in many buildings. Today, spiral staircases come in a wide variety of materials: steel, wood, concrete, and recently even glass. The timeless appeal of their classical design makes spiral staircases a much-desired feature in luxury homes, offices, and public buildings nowadays."
學測英文,115,42,39,閱讀測驗：推論,B,B2,T2,E5,順時針設計讓進攻者右手施展不開，推知有利守方,Which of the following statements can be inferred about spiral staircases in the Medieval Ages? (A) The staircase was too narrow to allow any quick retreat. (B) The clockwise design favored right-handed castle defenders. (C) The uneven steps made it easier to ascend than descend the stairs. (D) The staircase was dark enough for defenders to hide from attackers.,"第39 至42 題為題組 In many old castles in Europe, visitors often find a fantastic spiral staircase, which provides a captivating focal point as it winds up the building. This prominent structure actually has a long and rich heritage. In the Old Testament, reference is made to spiral staircases in the Temple of Solomon, suggesting that they were already in use by around 1,000 BC. The oldest spiral staircase still standing today is at Trajan’s Column in Rome. The staircase was built in 113 AD, with a total of 185 steps carved in stone and marble. Around this time, spiral staircases began to find much wider use in Roman architecture and across Europe. Throughout the Middle Ages, winding staircases became a well-established feature of European castles, mainly for their advantages in helping to defend against attackers. To begin with, these staircases were quite narrow, so attackers would have to ascend one at a time, making it impossible to launch a mass attack. Also, the stairs were designed to turn clockwise upwards. This means that ascenders would have their right hand tight against the narrowest part of the staircases, close to the central pole, and as a result were unable to use their sword effectively. The attackers’ challenge was further complicated by the uneven steps of the staircase, often strategically designed by the castle owners. The defenders, living in the castles, were familiar with the stair pattern and could retreat up them very swiftly; while the attackers were much more likely to stumble and fall, particularly in the dimly lit confines of the staircase. Being associated with medieval castles and kings, spiral staircases gradually won popularity in European architecture, with new materials emerging to cope with customers’ needs. In Victorian times, cast iron spiral staircases were popular for public buildings and homes for the rich. In the latter half of the 20th century, steel frames became cost-effective, and thus affordable for a much wider staircase market. Then, steel spiral staircases as fire escape stairs appeared in many buildings. Today, spiral staircases come in a wide variety of materials: steel, wood, concrete, and recently even glass. The timeless appeal of their classical design makes spiral staircases a much-desired feature in luxury homes, offices, and public buildings nowadays."
學測英文,115,43,43,閱讀測驗：主旨,C,B3,T4,E2,主旨：地圖方位隨時代演變,What is the passage mainly about? (A) Why east is referred to as the “Orient.” (B) How maps differ from GPS in function. (C) How map orientation evolved over time. (D) Why maps were important during the age of exploration.,"第43 至46 題為題組 Have you ever wondered why north comes at the top of a map? Well, north may seem a natural choice for the top spot today, but that wasn’t always the case. Documents from ancient times indicate that many maps in early ages were pointing to the east, where the sun rose. In ancient India, for example, maps were most likely oriented to the east. Though there is no physical evidence to support this, the word dakshina “south” in Indian languages also means “right,” suggesting that ancient Indians were oriented toward the east, and therefore south was on their right-hand side. Ample evidences from the Old Testament also suggest that east was at the top of maps in pre-Biblical and Biblical eras, a reason why east is still referred to as the “Orient” today. In the oldest surviving maps, south is at the top, and north points down. Early Egyptian maps showed south on top, most likely because the Nile, vital to Egyptian livelihood, originated in the south. As rivers were believed to flow downward, “up” was therefore south. Map makers in Arabia also drew maps with south on top since the earliest Muslims lived north of Mecca, and a south-oriented map would show the followers looking up toward their holy city. The preference for north arose during the European age of exploration. At the time, sailors relied on the North Star to find their way across the Mediterranean and later the Atlantic. By the 16th century, when Europe’s search for trading routes was at its peak, maps became Eurocentric, with north on top. The expansion of European imperialism in the following centuries further established the “north up” practice as the standard. Today, map orientation is taking on a new perspective. In perhaps our most common interaction with maps—the use of GPS systems on our phones and in our cars, directions have ceased to be as important. The layouts are dynamic, oriented toward our travel path. So, perhaps the north-on-top practice is less a rule and more a blip. After centuries of technological advancements, it seems we’ve ended up right where we began in ancient times: with ourselves in the middle, and our destinations at the top."
學測英文,115,44,43,閱讀測驗：指涉,D,B1,T3,E4,指涉：this 指「地圖以東方為上」,What does “this” refer to in the second paragraph? (A) The word dakshina. (B) Physical evidence. (C) Ancient India. (D) East-orientation of maps.,"第43 至46 題為題組 Have you ever wondered why north comes at the top of a map? Well, north may seem a natural choice for the top spot today, but that wasn’t always the case. Documents from ancient times indicate that many maps in early ages were pointing to the east, where the sun rose. In ancient India, for example, maps were most likely oriented to the east. Though there is no physical evidence to support this, the word dakshina “south” in Indian languages also means “right,” suggesting that ancient Indians were oriented toward the east, and therefore south was on their right-hand side. Ample evidences from the Old Testament also suggest that east was at the top of maps in pre-Biblical and Biblical eras, a reason why east is still referred to as the “Orient” today. In the oldest surviving maps, south is at the top, and north points down. Early Egyptian maps showed south on top, most likely because the Nile, vital to Egyptian livelihood, originated in the south. As rivers were believed to flow downward, “up” was therefore south. Map makers in Arabia also drew maps with south on top since the earliest Muslims lived north of Mecca, and a south-oriented map would show the followers looking up toward their holy city. The preference for north arose during the European age of exploration. At the time, sailors relied on the North Star to find their way across the Mediterranean and later the Atlantic. By the 16th century, when Europe’s search for trading routes was at its peak, maps became Eurocentric, with north on top. The expansion of European imperialism in the following centuries further established the “north up” practice as the standard. Today, map orientation is taking on a new perspective. In perhaps our most common interaction with maps—the use of GPS systems on our phones and in our cars, directions have ceased to be as important. The layouts are dynamic, oriented toward our travel path. So, perhaps the north-on-top practice is less a rule and more a blip. After centuries of technological advancements, it seems we’ve ended up right where we began in ancient times: with ourselves in the middle, and our destinations at the top."
學測英文,115,45,43,閱讀測驗：字義,A,A2,T1,E3,a blip：暫時的現象,Which of the following is closest in meaning to “a blip” in the last paragraph? (A) A temporary state. (B) An urgent need. (C) A critical decision. (D) An advanced system.,"第43 至46 題為題組 Have you ever wondered why north comes at the top of a map? Well, north may seem a natural choice for the top spot today, but that wasn’t always the case. Documents from ancient times indicate that many maps in early ages were pointing to the east, where the sun rose. In ancient India, for example, maps were most likely oriented to the east. Though there is no physical evidence to support this, the word dakshina “south” in Indian languages also means “right,” suggesting that ancient Indians were oriented toward the east, and therefore south was on their right-hand side. Ample evidences from the Old Testament also suggest that east was at the top of maps in pre-Biblical and Biblical eras, a reason why east is still referred to as the “Orient” today. In the oldest surviving maps, south is at the top, and north points down. Early Egyptian maps showed south on top, most likely because the Nile, vital to Egyptian livelihood, originated in the south. As rivers were believed to flow downward, “up” was therefore south. Map makers in Arabia also drew maps with south on top since the earliest Muslims lived north of Mecca, and a south-oriented map would show the followers looking up toward their holy city. The preference for north arose during the European age of exploration. At the time, sailors relied on the North Star to find their way across the Mediterranean and later the Atlantic. By the 16th century, when Europe’s search for trading routes was at its peak, maps became Eurocentric, with north on top. The expansion of European imperialism in the following centuries further established the “north up” practice as the standard. Today, map orientation is taking on a new perspective. In perhaps our most common interaction with maps—the use of GPS systems on our phones and in our cars, directions have ceased to be as important. The layouts are dynamic, oriented toward our travel path. So, perhaps the north-on-top practice is less a rule and more a blip. After centuries of technological advancements, it seems we’ve ended up right where we began in ancient times: with ourselves in the middle, and our destinations at the top."
學測英文,115,46,43,閱讀測驗：細節,D,A1,T3,E1,伊斯蘭地圖以南為上，是出於宗教理由,Which of the following statements is true? (A) Sailors took the North Star as their final destination. (B) The GPS system has a fixed direction for orientation. (C) South was placed at the top of maps in the pre-Biblical era. (D) Old Islamic maps put south at the top for religious purposes.,"第43 至46 題為題組 Have you ever wondered why north comes at the top of a map? Well, north may seem a natural choice for the top spot today, but that wasn’t always the case. Documents from ancient times indicate that many maps in early ages were pointing to the east, where the sun rose. In ancient India, for example, maps were most likely oriented to the east. Though there is no physical evidence to support this, the word dakshina “south” in Indian languages also means “right,” suggesting that ancient Indians were oriented toward the east, and therefore south was on their right-hand side. Ample evidences from the Old Testament also suggest that east was at the top of maps in pre-Biblical and Biblical eras, a reason why east is still referred to as the “Orient” today. In the oldest surviving maps, south is at the top, and north points down. Early Egyptian maps showed south on top, most likely because the Nile, vital to Egyptian livelihood, originated in the south. As rivers were believed to flow downward, “up” was therefore south. Map makers in Arabia also drew maps with south on top since the earliest Muslims lived north of Mecca, and a south-oriented map would show the followers looking up toward their holy city. The preference for north arose during the European age of exploration. At the time, sailors relied on the North Star to find their way across the Mediterranean and later the Atlantic. By the 16th century, when Europe’s search for trading routes was at its peak, maps became Eurocentric, with north on top. The expansion of European imperialism in the following centuries further established the “north up” practice as the standard. Today, map orientation is taking on a new perspective. In perhaps our most common interaction with maps—the use of GPS systems on our phones and in our cars, directions have ceased to be as important. The layouts are dynamic, oriented toward our travel path. So, perhaps the north-on-top practice is less a rule and more a blip. After centuries of technological advancements, it seems we’ve ended up right where we began in ancient times: with ourselves in the middle, and our destinations at the top."
學測英文,115,47,47,混合題：填充,非選,B3,T0,E2,混合題填充：舊與新共存，傳統與「創新」並存,"47-48 下列簡短敘述摘記上方文章重點。請從文章中找出兩個單詞，分別填入下列句子空格中， 並視句型結構需要做適當的字形變化，使句子語意完整、語法正確，並符合全文文意。每格 限填一個單詞（word）。（填充題，4分） Wonder Village, a famous tourist site, is characterized by its diversity and uniqueness. It is a place where the old meets the new—where tradition coexists harmoniously with 47 , and local features are perfectly 48 with foreign elements.","第47 至50 題為題組 Located along the sparkling coastline of the Pacific Ocean, Wonder Village is a famous indigenous district in eastern Taiwan. The historic village exhibits the traditional way of life of the tribe there. However, it does not live in the past. As numerous new restaurants and shops have sprung up in recent years, it has become not only a cultural center but also a unique commercial zone. The following six shops are examples of some of the specialty stores there. Oh Eco After Work Beyond World The Pinery Something Different Aroma Paradise A. Oh Eco Greatly concerned about the presence of fake “green” products on the market, Alice Bao decided to open this shop. She sells environmentally friendly items such as reusable bottles, bamboo toothbrushes, and soy candles. “Here everyone looks out for each other and the neighborhood,” she says. “There’s a sense of community in the area.” B. After Work Neighborhood beer lovers rejoiced when After Work moved in last summer. “We knew we were coming into a really cool neighborhood,” says co-owner Joey Ma. Aside from handcrafted beer, the menu boasts hand-made gourmet pizzas such as the Yummy Duck n’ Cheese, loaded with roast duck and, yes, creamy delicious cheese. A truly unique blend! C. Aroma Paradise The fragrances at this scent shop are largely customized to meet the individual shopper’s taste. Owner Joseph Tang says he knew the idea would work well in this unique district: “Each store is one of a kind in Wonder Village,” he states. “Aroma Paradise wants to create a paradise for those who are looking for fragrance made for their special preferences.” D. Something Different Looking for something unique? Yes, at this tiny antique store you can always find, as promised, something different. Open since 1996, the store features traditional-style home accessories, ranging from cabinets and chairs to picture frames and decorative mirrors. E. Beyond World Owner Foting Mayaw opened this boutique in what he calls “the most fascinating area in Taiwan.” The shop focuses on selling various “good goods” that showcase the skill and spirit of neighborhood artisans. From fashion items to rice snacks, it carries products only from local makers and small businesses owned by indigenous people. F. The Pinery This restaurant got its name from the pineapple farms that once populated the area. Indeed, the fruit appears in some innovative menu items (e.g., pineapple jam on the burger). “Wonder Village is much more than just a tourist destination,” says owner Carol Hon. “It is a place where the old meets the new: diverse, unique, and always full of surprises.”"
學測英文,115,48,47,混合題：填充,非選,B3,T0,E2,混合題填充：本地特色與外來元素「融合」，用過去分詞 blended,"47-48 下列簡短敘述摘記上方文章重點。請從文章中找出兩個單詞，分別填入下列句子空格中， 並視句型結構需要做適當的字形變化，使句子語意完整、語法正確，並符合全文文意。每格 限填一個單詞（word）。（填充題，4分） Wonder Village, a famous tourist site, is characterized by its diversity and uniqueness. It is a place where the old meets the new—where tradition coexists harmoniously with 47 , and local features are perfectly 48 with foreign elements.","第47 至50 題為題組 Located along the sparkling coastline of the Pacific Ocean, Wonder Village is a famous indigenous district in eastern Taiwan. The historic village exhibits the traditional way of life of the tribe there. However, it does not live in the past. As numerous new restaurants and shops have sprung up in recent years, it has become not only a cultural center but also a unique commercial zone. The following six shops are examples of some of the specialty stores there. Oh Eco After Work Beyond World The Pinery Something Different Aroma Paradise A. Oh Eco Greatly concerned about the presence of fake “green” products on the market, Alice Bao decided to open this shop. She sells environmentally friendly items such as reusable bottles, bamboo toothbrushes, and soy candles. “Here everyone looks out for each other and the neighborhood,” she says. “There’s a sense of community in the area.” B. After Work Neighborhood beer lovers rejoiced when After Work moved in last summer. “We knew we were coming into a really cool neighborhood,” says co-owner Joey Ma. Aside from handcrafted beer, the menu boasts hand-made gourmet pizzas such as the Yummy Duck n’ Cheese, loaded with roast duck and, yes, creamy delicious cheese. A truly unique blend! C. Aroma Paradise The fragrances at this scent shop are largely customized to meet the individual shopper’s taste. Owner Joseph Tang says he knew the idea would work well in this unique district: “Each store is one of a kind in Wonder Village,” he states. “Aroma Paradise wants to create a paradise for those who are looking for fragrance made for their special preferences.” D. Something Different Looking for something unique? Yes, at this tiny antique store you can always find, as promised, something different. Open since 1996, the store features traditional-style home accessories, ranging from cabinets and chairs to picture frames and decorative mirrors. E. Beyond World Owner Foting Mayaw opened this boutique in what he calls “the most fascinating area in Taiwan.” The shop focuses on selling various “good goods” that showcase the skill and spirit of neighborhood artisans. From fashion items to rice snacks, it carries products only from local makers and small businesses owned by indigenous people. F. The Pinery This restaurant got its name from the pineapple farms that once populated the area. Indeed, the fruit appears in some innovative menu items (e.g., pineapple jam on the burger). “Wonder Village is much more than just a tourist destination,” says owner Carol Hon. “It is a place where the old meets the new: diverse, unique, and always full of surprises.”"
學測英文,115,49,47,混合題：多選,ADE,B4,T3,E8,多選：依三樣紀念品逐一對應到骨董、環保、原民商店,"While visiting Wonder Village, the Chen family decide to buy the following items as souvenirs: (1) a 19th century oil lamp (2) recycled plastic sunglasses (3) an aboriginal wooden beads necklace Which stores should they go to for these items? 請選出商店名稱前的英文大寫字母（如A、B、C 等），並劃記在「答題卷」作答區內。 （多選題，4 分）","第47 至50 題為題組 Located along the sparkling coastline of the Pacific Ocean, Wonder Village is a famous indigenous district in eastern Taiwan. The historic village exhibits the traditional way of life of the tribe there. However, it does not live in the past. As numerous new restaurants and shops have sprung up in recent years, it has become not only a cultural center but also a unique commercial zone. The following six shops are examples of some of the specialty stores there. Oh Eco After Work Beyond World The Pinery Something Different Aroma Paradise A. Oh Eco Greatly concerned about the presence of fake “green” products on the market, Alice Bao decided to open this shop. She sells environmentally friendly items such as reusable bottles, bamboo toothbrushes, and soy candles. “Here everyone looks out for each other and the neighborhood,” she says. “There’s a sense of community in the area.” B. After Work Neighborhood beer lovers rejoiced when After Work moved in last summer. “We knew we were coming into a really cool neighborhood,” says co-owner Joey Ma. Aside from handcrafted beer, the menu boasts hand-made gourmet pizzas such as the Yummy Duck n’ Cheese, loaded with roast duck and, yes, creamy delicious cheese. A truly unique blend! C. Aroma Paradise The fragrances at this scent shop are largely customized to meet the individual shopper’s taste. Owner Joseph Tang says he knew the idea would work well in this unique district: “Each store is one of a kind in Wonder Village,” he states. “Aroma Paradise wants to create a paradise for those who are looking for fragrance made for their special preferences.” D. Something Different Looking for something unique? Yes, at this tiny antique store you can always find, as promised, something different. Open since 1996, the store features traditional-style home accessories, ranging from cabinets and chairs to picture frames and decorative mirrors. E. Beyond World Owner Foting Mayaw opened this boutique in what he calls “the most fascinating area in Taiwan.” The shop focuses on selling various “good goods” that showcase the skill and spirit of neighborhood artisans. From fashion items to rice snacks, it carries products only from local makers and small businesses owned by indigenous people. F. The Pinery This restaurant got its name from the pineapple farms that once populated the area. Indeed, the fruit appears in some innovative menu items (e.g., pineapple jam on the burger). “Wonder Village is much more than just a tourist destination,” says owner Carol Hon. “It is a place where the old meets the new: diverse, unique, and always full of surprises.”"
學測英文,115,50,47,混合題：簡答,非選,A2,T0,E3,混合題簡答：找出形容「獨一無二」的片語,Which phrase is used by Joseph Tang to describe the “uniqueness” of the stores in Wonder Village? （簡答題，2 分） _________________________________________________________________________________,"第47 至50 題為題組 Located along the sparkling coastline of the Pacific Ocean, Wonder Village is a famous indigenous district in eastern Taiwan. The historic village exhibits the traditional way of life of the tribe there. However, it does not live in the past. As numerous new restaurants and shops have sprung up in recent years, it has become not only a cultural center but also a unique commercial zone. The following six shops are examples of some of the specialty stores there. Oh Eco After Work Beyond World The Pinery Something Different Aroma Paradise A. Oh Eco Greatly concerned about the presence of fake “green” products on the market, Alice Bao decided to open this shop. She sells environmentally friendly items such as reusable bottles, bamboo toothbrushes, and soy candles. “Here everyone looks out for each other and the neighborhood,” she says. “There’s a sense of community in the area.” B. After Work Neighborhood beer lovers rejoiced when After Work moved in last summer. “We knew we were coming into a really cool neighborhood,” says co-owner Joey Ma. Aside from handcrafted beer, the menu boasts hand-made gourmet pizzas such as the Yummy Duck n’ Cheese, loaded with roast duck and, yes, creamy delicious cheese. A truly unique blend! C. Aroma Paradise The fragrances at this scent shop are largely customized to meet the individual shopper’s taste. Owner Joseph Tang says he knew the idea would work well in this unique district: “Each store is one of a kind in Wonder Village,” he states. “Aroma Paradise wants to create a paradise for those who are looking for fragrance made for their special preferences.” D. Something Different Looking for something unique? Yes, at this tiny antique store you can always find, as promised, something different. Open since 1996, the store features traditional-style home accessories, ranging from cabinets and chairs to picture frames and decorative mirrors. E. Beyond World Owner Foting Mayaw opened this boutique in what he calls “the most fascinating area in Taiwan.” The shop focuses on selling various “good goods” that showcase the skill and spirit of neighborhood artisans. From fashion items to rice snacks, it carries products only from local makers and small businesses owned by indigenous people. F. The Pinery This restaurant got its name from the pineapple farms that once populated the area. Indeed, the fruit appears in some innovative menu items (e.g., pineapple jam on the burger). “Wonder Village is much more than just a tourist destination,” says owner Carol Hon. “It is a place where the old meets the new: diverse, unique, and always full of surprises.”"
